order_id,customer_id,employee_id,payment_method,total_amount,order_date,promotion_id,delivery_status,shipping_cost,delivery_date
1,60,32,wallet,75976.28,2026-02-13,8,Delivered,261.15,2026-06-14
2,88,94,wallet,78047.41,2026-01-24,10,Pending,198.75,2026-06-28
3,68,58,card,45505.57,2025-12-14,1,Pending,148.67,2026-06-25
4,68,58,wallet,98265.43,2025-04-26,15,Shipped,263.47,2026-04-23
5,24,87,wallet,31357.32,2025-12-02,2,Cancelled,186.61,2026-06-24
6,100,34,wallet,42506.94,2024-11-02,18,Cancelled,75.52,2025-07-18
7,69,12,cash,94171.93,2025-02-21,26,Delivered,90.67,2025-11-14
8,1,9,cash,58612.92,2025-06-19,13,Cancelled,120.07,2026-04-29
9,93,14,card,93616.89,2026-01-26,30,Cancelled,208.37,2026-06-03
10,74,89,card,21063.2,2026-06-25,8,Delivered,48.51,2026-08-12
11,84,1,wallet,19216.29,2026-04-19,24,Shipped,187.37,2026-04-22
12,33,75,card,52523.24,2026-06-07,2,Cancelled,222.67,2026-07-13
13,4,55,wallet,50677.75,2025-02-27,10,Pending,249.42,2025-10-18
14,13,36,wallet,25733.11,2026-05-14,30,Pending,262.46,2026-07-13
15,83,56,wallet,36098.13,2025-11-06,1,Cancelled,287.27,2026-03-09
16,55,66,card,380.68,2025-06-10,5,Shipped,47.31,2025-11-01
17,83,39,cash,89959.56,2025-10-26,29,Shipped,37.67,2025-12-23
18,30,51,wallet,56368.79,2026-01-31,30,Delivered,268.67,2026-05-05
19,63,67,wallet,36718.04,2025-02-16,1,Delivered,253.53,2025-05-27
20,52,22,cash,52836.17,2026-08-01,12,Shipped,101.13,2026-08-07
21,70,8,wallet,77884.62,2026-07-10,14,Cancelled,102.79,2026-07-22
22,7,36,cash,81907.88,2024-10-12,19,Cancelled,214.85,2025-07-28
23,96,22,wallet,97399.58,2025-02-26,30,Pending,253.47,2025-04-03
24,48,85,card,41810.57,2025-02-10,15,Cancelled,189.21,2026-01-21
25,39,84,wallet,99019.07,2025-07-06,28,Shipped,253.4,2026-05-25
26,76,92,card,8785.72,2026-06-04,10,Pending,111.53,2026-06-12
27,37,82,card,78980.63,2025-03-18,4,Delivered,96.61,2025-08-05
28,82,9,wallet,35725.82,2024-09-13,3,Pending,223.86,2025-07-21
29,56,98,cash,49245.06,2026-04-27,10,Pending,175.82,2026-07-18
30,92,93,cash,33206.21,2025-11-21,8,Cancelled,211.32,2026-07-27
31,90,28,cash,55869.84,2025-08-15,25,Cancelled,23.57,2026-04-28
32,27,84,card,12274.59,2025-04-20,10,Delivered,116.61,2025-06-01
33,51,67,card,31494.24,2025-04-12,26,Cancelled,143.85,2025-08-16
34,48,21,cash,83940.92,2024-08-24,1,Pending,146.75,2024-09-23
35,1,46,cash,65361.34,2025-06-13,5,Shipped,52.5,2026-04-09
36,97,34,card,31644.34,2025-07-14,20,Pending,167.85,2025-09-23
37,84,42,card,36861.02,2024-12-26,12,Delivered,36.82,2025-02-07
38,69,31,cash,35591.69,2024-11-05,16,Pending,156.3,2025-04-27
39,31,32,wallet,94441.94,2026-05-14,8,Shipped,41.08,2026-08-02
40,91,3,wallet,82317.38,2026-08-08,19,Shipped,61.89,2026-08-08
41,100,30,cash,40922.62,2026-04-06,22,Cancelled,77.57,2026-07-23
42,68,52,wallet,66190.9,2024-08-12,7,Delivered,123.49,2024-08-12
43,15,43,wallet,27409.47,2024-08-16,28,Pending,123.85,2025-10-16
44,37,65,wallet,15818.23,2026-01-24,28,Shipped,140.28,2026-05-08
45,74,29,cash,65931.41,2025-07-16,15,Pending,79.77,2025-07-24
46,48,21,wallet,20442.77,2025-04-04,22,Shipped,72.48,2026-07-29
47,39,48,card,72906.25,2025-12-13,19,Shipped,60.52,2026-06-06
48,83,44,card,15548.07,2025-06-08,15,Delivered,200.34,2026-03-01
49,23,82,cash,9208.82,2025-06-08,25,Cancelled,286.51,2025-09-18
50,53,51,wallet,6918.31,2024-10-15,19,Delivered,178.14,2025-12-04
51,67,4,card,33151.39,2025-05-24,2,Shipped,286.11,2026-04-14
52,49,50,wallet,2267.97,2025-01-19,22,Shipped,62.48,2025-08-04
53,18,89,card,94115.11,2025-08-24,3,Cancelled,245.62,2025-10-13
54,29,34,wallet,67844.41,2025-03-31,19,Shipped,232.65,2026-03-16
55,71,41,wallet,37506.37,2025-04-30,8,Shipped,125.37,2026-07-25
56,59,47,wallet,28662.14,2024-09-27,27,Cancelled,223.31,2026-06-24
57,80,79,wallet,52546.58,2025-10-15,13,Delivered,145.12,2025-10-17
58,28,86,card,69086.96,2025-04-05,24,Delivered,274.52,2026-07-03
59,66,6,cash,64228.21,2025-08-01,10,Shipped,296.04,2025-09-13
60,50,53,cash,93690.69,2026-02-22,29,Cancelled,166.21,2026-05-22
61,74,95,wallet,44407.44,2025-11-12,17,Cancelled,234.35,2026-01-07
62,94,25,cash,59192.04,2025-01-12,11,Cancelled,149.94,2026-02-21
63,84,73,cash,18862.28,2025-09-13,26,Shipped,269.08,2025-10-14
64,94,40,card,92064.3,2026-06-27,5,Delivered,298.61,2026-07-27
65,48,51,wallet,47220.31,2026-01-13,9,Delivered,189.93,2026-03-09
66,56,99,card,95253.62,2025-11-02,12,Delivered,237.12,2026-07-09
67,30,73,card,47075.46,2026-01-17,18,Shipped,160.09,2026-04-22
68,2,98,cash,4143.05,2026-06-06,21,Delivered,163.67,2026-07-23
69,83,59,wallet,83151.93,2026-07-10,2,Shipped,50.52,2026-07-25
70,74,37,cash,18941.01,2025-08-02,14,Pending,237.26,2025-10-31
71,10,18,card,57445.57,2025-03-01,8,Cancelled,28.16,2026-03-20
72,92,52,cash,77479.24,2025-05-12,14,Pending,86.8,2026-04-04
73,26,17,cash,50165.13,2025-05-17,12,Pending,38.91,2025-10-25
74,14,50,wallet,9816.86,2024-12-04,24,Delivered,166.18,2026-06-25
75,94,50,wallet,40752.69,2025-05-20,8,Delivered,99.61,2026-02-09
76,90,92,card,16555.04,2025-08-19,22,Shipped,34.01,2026-04-14
77,69,83,wallet,66672.96,2024-12-22,13,Delivered,93.81,2025-11-17
78,27,39,cash,56268.98,2025-02-24,21,Cancelled,127.14,2025-05-26
79,82,61,cash,7487.71,2024-10-06,9,Cancelled,226.3,2025-07-30
80,78,8,card,94876.32,2026-01-28,2,Cancelled,68.31,2026-06-06
81,97,20,card,54202.85,2026-06-09,8,Shipped,68.42,2026-06-27
82,73,94,card,4483.35,2025-04-06,8,Cancelled,255.06,2025-10-19
83,46,87,cash,52678.5,2024-10-03,9,Cancelled,210.19,2025-04-17
84,4,76,cash,74368.92,2026-04-19,5,Delivered,123.54,2026-07-16
85,53,28,card,29027.1,2025-04-22,13,Cancelled,45.89,2025-05-30
86,54,80,wallet,9102.87,2025-05-27,10,Cancelled,90.35,2026-06-18
87,1,66,card,17614.52,2026-06-28,11,Delivered,179.27,2026-07-01
88,85,60,card,94011.87,2026-05-29,23,Delivered,221.38,2026-07-04
89,11,38,cash,72159.67,2024-09-12,3,Shipped,152.76,2026-04-05
90,53,50,cash,34031.91,2024-10-05,10,Cancelled,174.72,2025-11-28
91,26,50,cash,28520.6,2025-01-23,17,Shipped,62.85,2025-08-06
92,85,52,wallet,36005.01,2025-04-27,12,Pending,134.4,2026-04-14
93,15,74,wallet,75848.06,2026-06-28,23,Shipped,280.94,2026-08-06
94,66,87,cash,62501.69,2025-06-10,30,Shipped,66.12,2025-07-19
95,97,55,cash,61654.53,2024-12-27,15,Pending,259.33,2025-08-06
96,70,37,cash,82944.01,2024-12-19,29,Delivered,278.62,2026-04-30
97,92,33,wallet,78132.39,2026-06-28,14,Delivered,106.77,2026-06-30
98,79,15,cash,42163.6,2025-03-21,16,Delivered,113.46,2026-05-12
99,53,79,cash,53609.63,2024-11-25,18,Shipped,91.53,2025-03-12
100,8,9,cash,53927.76,2025-12-17,28,Delivered,97.51,2026-05-13
101,94,67,card,56107.13,2025-10-23,4,Delivered,133.76,2026-02-25
102,4,9,wallet,23031.52,2025-08-20,11,Shipped,150.71,2025-11-23
103,37,46,wallet,44817.1,2025-01-04,22,Pending,92.55,2025-09-03
104,54,81,card,95605.24,2026-02-27,8,Pending,258.5,2026-06-16
105,50,63,card,88353.11,2025-04-27,24,Pending,123.79,2025-10-10
106,76,27,cash,59248.09,2025-02-05,15,Pending,233.68,2025-07-27
107,3,98,cash,50168.45,2026-05-12,28,Delivered,60.45,2026-07-22
108,67,87,card,47082.73,2025-01-08,4,Delivered,262.33,2026-06-24
109,49,62,wallet,27190.72,2026-06-21,5,Cancelled,52.28,2026-07-27
110,38,25,cash,15156.21,2026-06-24,6,Pending,91.01,2026-08-04
111,41,100,cash,62224.38,2024-12-03,20,Shipped,26.1,2025-11-03
112,32,89,wallet,13438.6,2026-02-07,17,Cancelled,32.22,2026-04-29
113,100,29,card,81790.73,2026-05-08,24,Pending,148.06,2026-05-21
114,12,34,wallet,26512.17,2025-05-08,16,Delivered,220.81,2025-12-23
115,41,36,cash,47561.17,2025-10-11,28,Pending,42.07,2026-03-21
116,5,20,card,61750.22,2025-05-24,21,Cancelled,169.51,2025-11-13
117,86,57,wallet,44101.84,2025-07-28,14,Pending,217.68,2026-02-27
118,37,22,card,55990.72,2025-03-31,24,Pending,94.16,2025-08-12
119,99,60,wallet,52170.4,2025-06-26,26,Pending,143.31,2026-04-14
120,63,34,card,86193.9,2025-10-09,4,Delivered,84.82,2026-02-05
121,22,38,cash,31828.49,2025-09-21,6,Cancelled,157.17,2026-04-10
122,2,61,card,38468.08,2024-10-20,19,Pending,150.68,2025-07-13
123,67,78,card,32223.72,2024-11-12,14,Pending,105.03,2025-06-28
124,77,93,card,26892.98,2026-08-04,6,Pending,49.3,2026-08-09
125,9,6,cash,13713.77,2025-08-21,6,Shipped,178.09,2026-01-12
126,76,88,card,98982.33,2024-09-01,18,Pending,43.19,2026-07-02
127,81,26,cash,21043.54,2024-12-25,17,Cancelled,226.68,2025-11-15
128,20,8,cash,55059.88,2025-01-07,20,Pending,162.71,2025-06-13
129,53,82,cash,90336.38,2026-03-13,12,Cancelled,189.57,2026-04-26
130,55,36,wallet,75971.94,2026-06-14,8,Delivered,73.63,2026-08-01
131,13,4,cash,95409.64,2026-04-10,27,Shipped,50.74,2026-04-16
132,62,81,card,57361.14,2025-07-13,3,Pending,35.4,2026-06-07
133,78,55,card,20157.57,2026-08-09,24,Delivered,201.57,2026-08-11
134,47,31,cash,92239.91,2026-05-30,15,Shipped,216.12,2026-07-17
135,4,82,cash,11041.7,2025-11-09,10,Shipped,152.41,2026-06-26
136,66,4,card,85183.35,2024-11-03,7,Pending,71.35,2024-12-24
137,5,83,cash,18390.83,2026-06-25,5,Shipped,109.6,2026-07-31
138,29,77,wallet,78409.26,2026-05-25,16,Shipped,36.56,2026-08-06
139,11,35,cash,56729.44,2026-06-11,17,Cancelled,277.29,2026-06-25
140,50,57,cash,70909.07,2024-10-26,2,Delivered,275.69,2026-04-21
141,24,85,card,76921.88,2025-04-06,14,Delivered,244.33,2026-02-09
142,81,38,cash,9325.32,2024-08-16,15,Pending,240.44,2025-06-03
143,43,77,cash,53911.99,2025-09-05,3,Pending,159.17,2026-05-10
144,58,11,card,20903.09,2026-03-26,4,Cancelled,176.53,2026-08-02
145,5,90,card,65566.22,2026-03-04,11,Pending,27.94,2026-03-05
146,34,78,cash,7914.93,2025-03-25,27,Shipped,278.84,2025-12-12
147,98,5,card,19816.81,2026-02-10,27,Delivered,140.58,2026-08-04
148,70,88,wallet,29363.25,2026-08-08,15,Delivered,253.12,2026-08-12
149,57,20,wallet,11354.48,2026-06-25,24,Delivered,43.37,2026-07-29
150,33,82,cash,88443.44,2026-05-07,13,Shipped,185.43,2026-07-23
151,33,65,cash,99743.49,2025-05-25,17,Delivered,292.0,2026-01-14
152,87,45,wallet,99073.24,2024-09-04,26,Shipped,277.17,2025-09-15
153,23,87,wallet,12447.7,2025-10-18,26,Cancelled,221.15,2025-10-31
154,79,79,wallet,10960.6,2026-01-28,9,Cancelled,251.0,2026-03-09
155,49,9,wallet,17867.56,2025-08-18,10,Delivered,165.96,2026-06-01
156,94,27,cash,91429.48,2026-03-17,29,Pending,170.97,2026-04-15
157,27,13,card,69426.47,2024-11-03,7,Pending,127.37,2025-04-12
158,85,20,wallet,54897.62,2026-08-12,28,Pending,202.37,2026-08-12
159,36,57,card,57349.09,2026-05-28,27,Pending,189.19,2026-06-26
160,27,75,cash,83395.25,2026-05-23,16,Shipped,158.0,2026-07-04
161,97,60,card,90530.67,2025-04-21,18,Pending,38.45,2026-03-15
162,99,17,wallet,80262.0,2025-08-30,27,Shipped,44.67,2026-04-04
163,73,1,cash,52571.2,2025-03-15,25,Delivered,38.26,2025-12-09
164,82,37,cash,64842.56,2025-01-06,15,Shipped,184.32,2026-03-23
165,43,73,wallet,48698.56,2026-07-29,4,Cancelled,72.96,2026-08-08
166,76,7,wallet,9091.14,2025-06-06,10,Delivered,248.51,2026-07-23
167,30,45,cash,19448.39,2026-03-01,18,Shipped,21.63,2026-07-22
168,54,65,wallet,62729.02,2026-01-20,29,Cancelled,90.39,2026-03-30
169,69,14,cash,85053.83,2024-12-31,1,Cancelled,229.0,2026-03-03
170,82,64,cash,61690.51,2024-11-19,16,Cancelled,179.33,2025-03-04
171,3,61,cash,76977.87,2026-02-13,9,Pending,169.93,2026-05-15
172,72,32,card,6175.69,2025-06-07,10,Pending,217.5,2025-06-25
173,3,27,card,34641.35,2026-05-18,18,Delivered,176.56,2026-06-02
174,20,86,wallet,64787.15,2024-10-28,8,Delivered,249.63,2026-02-15
175,88,1,card,60789.4,2025-04-12,18,Cancelled,31.34,2025-12-13
176,6,38,cash,3942.1,2025-05-14,4,Cancelled,42.29,2025-11-30
177,91,43,wallet,65536.01,2026-01-24,23,Pending,213.55,2026-07-01
178,100,66,wallet,44032.61,2025-04-08,20,Pending,206.79,2025-05-17
179,92,61,wallet,92740.03,2025-10-28,26,Pending,59.41,2026-04-21
180,11,87,card,87966.17,2025-06-27,4,Cancelled,55.56,2026-05-02
181,88,44,wallet,15637.49,2026-08-09,13,Pending,95.16,2026-08-09
182,39,94,wallet,22393.14,2025-04-02,3,Cancelled,107.51,2025-09-04
183,30,72,cash,60620.26,2025-12-04,25,Cancelled,265.5,2025-12-20
184,69,76,cash,55671.37,2025-09-18,19,Delivered,36.69,2026-01-18
185,100,57,wallet,27158.66,2025-05-30,15,Pending,251.25,2025-07-01
186,71,15,card,84951.65,2025-11-25,2,Cancelled,39.03,2026-01-14
187,66,45,card,51575.8,2026-02-23,1,Shipped,159.09,2026-02-25
188,80,7,card,57500.44,2024-08-29,7,Shipped,251.98,2024-12-22
189,80,43,wallet,85392.06,2025-08-07,5,Shipped,76.7,2025-12-12
190,3,84,wallet,48622.33,2026-06-27,16,Cancelled,141.69,2026-06-29
191,39,47,cash,86355.37,2025-07-22,27,Delivered,149.66,2025-12-31
192,51,77,wallet,27036.63,2025-11-29,29,Cancelled,209.56,2026-01-20
193,75,41,cash,98883.02,2025-10-21,29,Cancelled,109.34,2025-12-08
194,3,33,card,67678.73,2026-01-18,17,Cancelled,208.01,2026-05-07
195,69,89,cash,24813.57,2024-09-01,21,Shipped,48.93,2025-01-17
196,29,56,card,5731.1,2024-09-23,6,Shipped,147.95,2025-01-02
197,18,87,cash,65208.42,2025-08-08,4,Shipped,220.9,2026-07-25
198,97,38,card,86422.45,2026-01-01,19,Shipped,266.88,2026-07-15
199,26,39,wallet,98471.38,2026-02-07,14,Pending,37.4,2026-04-27
200,72,2,cash,34916.9,2025-11-05,16,Shipped,55.66,2026-05-12
201,68,85,wallet,45300.78,2025-01-01,28,Shipped,84.56,2025-04-05
202,28,51,wallet,35146.67,2026-05-24,8,Cancelled,233.53,2026-05-26
203,26,58,wallet,55908.29,2024-08-24,9,Shipped,162.21,2026-03-06
204,42,45,card,94150.58,2024-08-21,29,Delivered,42.41,2025-06-01
205,49,65,wallet,41798.41,2026-06-17,19,Pending,136.33,2026-06-21
206,54,2,cash,73692.05,2024-09-13,19,Delivered,157.97,2026-06-18
207,22,54,wallet,36591.22,2025-07-18,21,Shipped,202.92,2025-11-05
208,27,60,wallet,33783.49,2026-03-16,27,Delivered,133.71,2026-05-31
209,25,43,cash,24197.9,2026-05-24,21,Shipped,51.24,2026-07-28
210,76,53,wallet,4739.66,2025-02-09,14,Cancelled,260.13,2026-07-25
211,33,86,wallet,52394.77,2025-06-18,30,Shipped,254.49,2025-10-08
212,21,1,card,81861.51,2024-09-17,13,Cancelled,288.32,2024-10-21
213,32,79,cash,78297.2,2025-08-29,12,Delivered,120.74,2026-05-25
214,49,98,wallet,5840.24,2024-09-14,27,Pending,248.12,2024-11-06
215,10,24,card,72815.64,2025-09-11,27,Delivered,68.4,2026-03-30
216,85,42,card,8436.28,2024-09-06,11,Shipped,227.63,2026-05-25
217,14,49,cash,74646.04,2025-02-05,15,Cancelled,160.59,2026-03-18
218,98,35,cash,92354.91,2025-11-13,11,Delivered,97.99,2026-01-24
219,13,44,wallet,58947.77,2025-09-02,14,Delivered,112.39,2026-06-11
220,91,31,card,39676.24,2026-07-10,14,Delivered,136.76,2026-07-27
221,72,15,cash,96559.24,2026-02-09,11,Shipped,36.16,2026-02-18
222,11,70,card,38180.45,2025-03-14,27,Shipped,39.27,2026-06-08
223,58,51,cash,3940.95,2025-05-17,9,Cancelled,50.67,2026-07-07
224,38,79,card,89296.58,2025-10-18,23,Shipped,134.38,2026-07-26
225,17,83,wallet,41741.5,2026-07-22,14,Pending,151.15,2026-08-06
226,39,46,cash,31878.28,2025-05-24,7,Shipped,228.84,2025-11-06
227,53,60,card,46993.23,2025-02-12,3,Pending,146.15,2025-06-20
228,42,58,card,30782.08,2024-08-25,15,Pending,291.2,2026-02-03
229,37,92,cash,40878.04,2025-12-10,26,Delivered,271.01,2026-04-05
230,67,45,cash,42785.29,2024-12-22,16,Cancelled,69.41,2025-12-04
231,17,4,cash,84726.85,2026-04-01,27,Cancelled,86.08,2026-05-21
232,20,15,card,25749.32,2025-11-29,9,Shipped,178.19,2026-04-14
233,39,76,cash,72239.86,2026-01-30,24,Shipped,268.89,2026-07-05
234,56,11,wallet,84392.06,2025-08-16,14,Cancelled,130.52,2026-05-02
235,78,96,wallet,21979.01,2026-02-22,22,Cancelled,220.25,2026-08-05
236,51,72,wallet,74570.58,2025-07-19,1,Shipped,180.32,2025-08-27
237,44,40,wallet,80858.29,2025-12-25,30,Pending,287.95,2026-04-28
238,96,84,cash,88483.94,2024-11-27,10,Shipped,192.33,2026-05-02
239,35,95,card,34144.43,2024-09-28,15,Pending,206.14,2025-02-20
240,10,95,wallet,34096.85,2025-02-21,13,Cancelled,90.82,2025-07-12
241,70,82,wallet,54143.84,2025-05-04,9,Delivered,256.5,2026-06-20
242,84,26,card,87947.34,2026-06-10,25,Pending,124.33,2026-06-19
243,78,89,cash,49243.8,2026-03-13,6,Pending,144.28,2026-03-20
244,95,50,wallet,9213.47,2025-01-20,17,Delivered,160.66,2025-01-26
245,34,36,cash,67761.56,2025-05-04,4,Shipped,129.15,2026-05-27
246,42,14,wallet,3111.13,2025-05-24,15,Pending,250.41,2025-12-30
247,4,5,card,13560.52,2024-10-07,10,Shipped,89.87,2024-11-09
248,53,79,wallet,87798.58,2025-07-02,3,Delivered,88.15,2025-12-23
249,54,30,cash,79559.51,2024-10-04,8,Pending,216.52,2025-12-06
250,83,60,wallet,9615.27,2026-03-27,25,Delivered,121.82,2026-07-11
251,65,72,cash,11306.14,2024-10-27,9,Delivered,68.94,2025-01-23
252,35,32,cash,2734.13,2026-04-19,25,Delivered,71.13,2026-06-17
253,99,24,wallet,33713.49,2025-10-07,5,Shipped,76.32,2026-02-24
254,9,90,card,32227.21,2024-09-10,23,Shipped,32.81,2024-12-29
255,96,41,card,37971.3,2025-06-06,26,Cancelled,139.74,2026-08-09
256,57,7,card,17022.84,2024-11-29,10,Cancelled,167.22,2025-09-21
257,94,94,cash,71612.3,2026-07-25,12,Delivered,218.48,2026-08-01
258,51,58,wallet,98301.38,2024-11-22,5,Delivered,37.17,2025-06-17
259,14,91,card,70374.29,2024-10-15,9,Cancelled,147.96,2025-06-03
260,7,90,card,70236.65,2025-07-10,20,Delivered,43.84,2025-08-14
261,50,37,card,76882.29,2025-06-05,27,Delivered,98.92,2026-06-12
262,1,72,cash,59259.63,2025-10-28,18,Shipped,245.92,2026-08-08
263,52,99,cash,92255.65,2026-07-29,25,Delivered,213.04,2026-08-06
264,64,58,cash,25168.74,2025-07-07,16,Cancelled,273.15,2025-07-08
265,65,26,cash,76131.07,2025-08-26,7,Shipped,118.85,2025-10-24
266,57,86,card,11997.33,2024-10-27,17,Delivered,27.44,2025-10-02
267,12,81,cash,82381.52,2024-12-09,12,Shipped,115.41,2026-03-07
268,98,2,cash,90021.91,2025-07-08,10,Delivered,194.23,2025-09-24
269,78,4,card,83057.07,2026-01-15,11,Cancelled,163.66,2026-07-31
270,31,42,wallet,4654.27,2026-05-18,5,Delivered,216.49,2026-08-08
271,48,17,cash,30018.14,2026-06-09,21,Shipped,33.77,2026-07-04
272,31,40,card,2508.32,2026-02-16,24,Cancelled,290.16,2026-04-19
273,91,79,card,39542.22,2025-01-16,20,Cancelled,254.14,2026-07-21
274,50,46,wallet,8097.97,2026-07-08,1,Cancelled,84.88,2026-07-21
275,57,34,wallet,88655.93,2024-11-25,20,Delivered,172.52,2025-11-24
276,21,30,card,60216.74,2026-07-21,28,Pending,284.05,2026-07-24
277,93,18,cash,11209.99,2025-10-13,15,Cancelled,56.11,2025-12-09
278,67,1,cash,81812.29,2025-11-18,10,Pending,261.34,2025-12-08
279,42,7,card,63184.56,2026-05-31,26,Shipped,229.85,2026-06-25
280,42,11,wallet,81276.74,2025-01-03,29,Shipped,153.46,2025-03-21
281,80,11,cash,77556.03,2025-05-09,25,Pending,119.62,2025-05-21
282,5,42,card,89196.79,2025-01-25,12,Delivered,57.76,2025-11-07
283,66,17,cash,22487.91,2026-08-10,13,Cancelled,165.12,2026-08-12
284,22,21,cash,47925.01,2025-04-18,7,Delivered,238.48,2025-04-21
285,74,8,card,83503.1,2025-02-16,28,Delivered,226.73,2025-11-08
286,17,25,wallet,7800.71,2025-01-15,2,Delivered,285.06,2025-09-12
287,35,47,cash,67914.05,2025-04-02,10,Shipped,40.01,2025-09-18
288,92,7,wallet,30439.23,2025-05-31,4,Pending,110.05,2025-11-20
289,61,11,card,48218.2,2026-01-20,5,Shipped,145.46,2026-05-07
290,61,71,cash,70631.23,2026-04-07,5,Delivered,228.0,2026-08-09
291,41,67,cash,57386.01,2026-04-06,29,Delivered,80.77,2026-05-03
292,100,28,cash,39962.9,2026-06-06,30,Pending,126.01,2026-08-08
293,2,29,wallet,784.25,2025-04-01,17,Delivered,205.51,2026-08-12
294,13,80,wallet,22928.73,2024-12-20,11,Cancelled,239.11,2025-12-19
295,73,90,card,10429.15,2025-10-29,29,Delivered,69.72,2026-04-29
296,15,37,card,20743.74,2026-01-26,22,Pending,236.37,2026-02-13
297,73,43,wallet,57407.3,2025-09-10,8,Cancelled,201.31,2026-07-03
298,89,90,wallet,4516.13,2026-02-28,25,Cancelled,218.67,2026-03-02
299,52,4,cash,22417.65,2024-10-16,6,Shipped,23.05,2024-12-03
300,63,36,card,76195.35,2026-04-05,19,Shipped,130.71,2026-05-07
301,9,14,card,63896.54,2024-08-14,14,Delivered,252.36,2025-08-23
302,82,64,cash,64776.92,2026-07-28,7,Cancelled,76.97,2026-07-30
303,39,45,wallet,75760.08,2025-02-21,25,Shipped,87.61,2025-09-09
304,86,68,wallet,83752.15,2025-11-13,14,Pending,270.89,2026-08-10
305,89,44,cash,40140.69,2024-10-17,28,Cancelled,67.37,2026-02-28
306,62,69,cash,34733.21,2025-02-25,17,Cancelled,251.44,2026-05-18
307,50,25,card,47528.77,2025-06-23,12,Cancelled,190.33,2025-12-11
308,46,96,wallet,56892.28,2024-11-28,7,Cancelled,40.3,2025-03-27
309,99,22,card,58285.14,2025-08-29,13,Shipped,245.18,2026-04-15
310,68,42,card,51177.39,2025-07-12,19,Shipped,90.74,2026-03-29
311,27,93,cash,75011.2,2025-10-26,10,Pending,236.21,2026-02-01
312,91,19,wallet,6360.93,2025-12-19,21,Pending,215.92,2026-03-17
313,44,69,wallet,16306.76,2025-07-12,24,Cancelled,217.78,2025-10-24
314,38,71,cash,3761.52,2026-01-26,6,Cancelled,282.43,2026-07-29
315,18,15,wallet,61707.3,2025-03-06,25,Shipped,194.74,2025-10-09
316,34,68,card,10751.56,2025-03-14,11,Pending,76.46,2025-12-09
317,83,16,card,90602.44,2025-11-01,14,Delivered,257.68,2026-03-14
318,19,33,wallet,70378.45,2026-07-05,5,Shipped,97.76,2026-07-24
319,31,33,card,55607.03,2025-01-11,17,Delivered,254.75,2026-04-09
320,99,78,wallet,54723.83,2024-10-29,23,Shipped,73.8,2024-12-01
321,19,25,card,80731.44,2025-12-15,21,Cancelled,86.19,2026-02-12
322,58,63,cash,66210.52,2024-08-14,8,Shipped,39.24,2025-03-13
323,98,75,cash,95477.37,2026-06-29,28,Shipped,28.01,2026-08-01
324,66,2,cash,16146.6,2026-01-04,26,Delivered,27.97,2026-02-22
325,80,34,cash,55446.45,2026-06-11,17,Cancelled,22.44,2026-07-31
326,85,54,card,88788.22,2025-01-23,25,Shipped,196.5,2026-07-13
327,39,28,card,99079.91,2026-07-29,6,Shipped,262.84,2026-08-08
328,16,60,cash,38533.06,2025-01-27,11,Shipped,99.45,2026-05-17
329,62,70,cash,27165.76,2025-01-21,5,Pending,162.07,2026-07-16
330,68,28,card,45931.36,2025-04-12,3,Cancelled,68.92,2025-09-25
331,71,96,wallet,28452.1,2024-12-08,1,Delivered,51.81,2025-09-25
332,8,2,cash,73713.87,2025-02-22,4,Shipped,189.12,2026-06-08
333,8,1,cash,7481.11,2025-10-29,6,Cancelled,176.9,2026-05-22
334,46,63,card,20089.65,2025-05-27,12,Pending,105.11,2025-06-15
335,66,58,wallet,46044.23,2025-03-25,20,Pending,295.23,2026-06-20
336,95,3,cash,83437.03,2026-02-26,14,Delivered,197.9,2026-03-23
337,13,73,cash,80310.8,2026-04-16,29,Shipped,251.48,2026-07-05
338,7,64,cash,26109.01,2024-11-15,12,Cancelled,46.86,2025-05-11
339,41,26,wallet,41226.46,2024-09-13,29,Pending,116.41,2024-11-02
340,71,22,cash,34880.15,2025-08-22,25,Delivered,60.46,2025-08-26
341,79,98,cash,998.2,2025-12-16,18,Cancelled,116.5,2026-03-15
342,37,64,wallet,93737.71,2024-12-15,6,Delivered,291.54,2025-09-03
343,48,23,card,8187.98,2025-12-14,15,Cancelled,297.88,2026-05-17
344,60,40,wallet,38658.86,2026-03-08,4,Cancelled,39.66,2026-04-28
345,64,1,cash,43479.19,2025-06-03,29,Cancelled,222.53,2026-08-08
346,90,59,wallet,34361.49,2025-01-18,15,Cancelled,193.79,2026-06-23
347,43,35,card,76563.13,2026-05-25,26,Pending,179.97,2026-07-24
348,15,31,card,80966.74,2026-04-17,21,Shipped,271.87,2026-05-09
349,55,93,cash,43886.83,2025-11-01,10,Cancelled,239.8,2026-08-03
350,45,31,card,83510.91,2025-11-26,28,Cancelled,167.78,2026-03-24
351,80,42,wallet,37135.06,2026-04-07,28,Pending,182.55,2026-06-12
352,72,61,cash,8304.03,2026-04-05,28,Delivered,197.92,2026-06-27
353,35,77,wallet,67914.34,2026-06-18,22,Shipped,219.06,2026-07-09
354,98,78,cash,82802.78,2026-03-29,14,Cancelled,32.98,2026-07-06
355,61,70,card,88088.47,2026-05-08,16,Shipped,229.32,2026-07-27
356,46,27,cash,76723.0,2026-06-23,25,Shipped,56.71,2026-06-25
357,22,15,wallet,94913.56,2026-01-18,2,Pending,246.68,2026-06-23
358,24,85,wallet,63154.36,2026-01-01,19,Shipped,89.01,2026-07-05
359,40,4,cash,47427.92,2025-01-15,17,Delivered,274.26,2026-01-22
360,71,2,wallet,62461.47,2024-09-25,23,Pending,37.89,2025-12-31
361,46,40,cash,37308.34,2024-08-19,23,Shipped,40.07,2026-05-21
362,67,69,card,21724.92,2024-12-12,6,Delivered,120.82,2026-02-04
363,43,12,card,29548.16,2026-06-18,25,Cancelled,162.08,2026-06-19
364,49,47,wallet,62765.91,2024-12-24,7,Pending,183.74,2025-10-02
365,91,86,card,1912.84,2024-09-19,19,Pending,92.01,2026-03-10
366,62,59,cash,79313.24,2026-06-20,19,Pending,270.84,2026-08-02
367,22,74,cash,8454.56,2024-09-30,4,Shipped,163.81,2025-09-23
368,91,47,wallet,62130.16,2025-05-15,16,Shipped,171.39,2026-07-14
369,71,14,wallet,75300.97,2025-08-06,17,Cancelled,252.18,2025-10-15
370,11,94,card,40489.81,2025-02-13,2,Delivered,30.07,2025-07-07
371,16,100,card,68926.81,2026-04-05,26,Delivered,149.76,2026-05-31
372,21,90,cash,36576.7,2026-05-19,9,Delivered,37.25,2026-05-24
373,14,63,wallet,39695.71,2026-02-19,4,Delivered,256.89,2026-07-24
374,100,16,cash,7250.01,2026-02-14,17,Pending,293.81,2026-06-20
375,100,88,cash,15681.04,2025-03-14,3,Pending,78.41,2025-03-14
376,8,90,card,18309.12,2025-12-24,11,Shipped,262.03,2026-07-27
377,1,9,cash,54954.75,2025-01-07,7,Delivered,195.27,2025-07-14
378,84,7,wallet,86416.45,2026-07-13,2,Shipped,107.74,2026-08-07
379,71,14,cash,55805.62,2024-08-30,19,Shipped,43.54,2025-11-22
380,52,74,wallet,93690.47,2025-10-05,21,Cancelled,114.74,2026-08-01
381,76,33,wallet,46876.51,2025-11-04,16,Shipped,72.64,2026-04-06
382,26,25,card,83114.24,2026-06-19,19,Pending,53.78,2026-07-07
383,53,36,card,33067.01,2025-07-06,18,Delivered,262.6,2025-12-12
384,95,19,cash,10473.81,2024-11-12,14,Delivered,98.78,2025-04-07
385,63,99,wallet,43449.15,2025-11-07,15,Shipped,52.63,2025-12-04
386,16,75,wallet,27278.66,2024-10-05,6,Pending,276.09,2025-05-23
387,46,26,card,485.7,2024-09-05,28,Delivered,57.86,2026-07-09
388,44,89,wallet,39706.8,2025-06-09,16,Cancelled,243.96,2026-01-24
389,15,12,wallet,55189.31,2024-10-05,8,Shipped,123.05,2025-05-11
390,17,54,cash,59960.22,2026-03-14,22,Delivered,186.03,2026-04-18
391,70,30,cash,47976.58,2026-01-12,11,Pending,23.82,2026-05-14
392,56,43,cash,75452.77,2026-02-14,6,Pending,184.34,2026-07-07
393,48,68,card,69105.38,2026-05-12,26,Delivered,222.55,2026-07-02
394,12,77,cash,35099.44,2026-02-11,16,Shipped,227.28,2026-02-13
395,78,59,card,36367.77,2025-03-28,14,Shipped,246.13,2025-06-28
396,12,84,cash,73282.26,2026-04-11,16,Cancelled,108.46,2026-05-18
397,10,23,card,92473.94,2025-06-28,7,Pending,105.05,2026-06-16
398,55,51,card,73907.38,2025-09-01,21,Pending,97.35,2026-07-03
399,71,2,cash,8348.34,2026-07-03,20,Delivered,156.99,2026-07-06
400,85,53,cash,66279.57,2026-03-05,10,Pending,157.53,2026-07-21
401,1,55,card,2086.73,2025-05-23,28,Cancelled,123.39,2026-07-02
402,72,55,cash,65425.91,2024-08-19,29,Cancelled,25.05,2026-01-26
403,83,78,cash,66242.33,2024-08-24,6,Delivered,224.01,2025-12-16
404,17,35,cash,77139.99,2025-12-08,29,Shipped,242.28,2026-04-15
405,54,33,wallet,12111.74,2024-12-22,29,Cancelled,258.2,2025-06-28
406,82,44,card,59034.25,2025-08-13,8,Shipped,199.05,2026-04-14
407,15,94,card,18568.31,2026-02-28,30,Pending,276.95,2026-03-08
408,65,7,cash,74313.17,2025-05-18,25,Cancelled,221.8,2026-03-16
409,10,7,card,68893.42,2025-01-20,6,Delivered,217.75,2026-01-21
410,28,23,cash,60703.38,2026-07-19,18,Pending,24.1,2026-07-26
411,15,45,wallet,71246.3,2025-11-16,6,Cancelled,185.21,2025-11-17
412,60,94,wallet,74975.0,2025-08-04,10,Pending,23.31,2026-04-14
413,22,88,card,28426.63,2025-03-21,29,Delivered,214.36,2025-12-22
414,9,21,card,90294.52,2026-02-15,29,Cancelled,79.76,2026-07-21
415,78,22,card,65461.25,2025-01-08,8,Pending,156.92,2026-05-11
416,41,30,cash,34610.46,2025-10-25,2,Pending,204.19,2026-03-17
417,51,61,cash,11349.47,2026-07-01,8,Pending,26.96,2026-08-12
418,4,20,wallet,44150.73,2024-09-18,20,Cancelled,196.56,2025-02-20
419,85,23,card,64757.48,2025-09-27,18,Cancelled,40.97,2026-06-28
420,21,51,card,6305.72,2025-10-08,27,Pending,223.67,2026-08-11
421,90,95,wallet,86949.63,2024-09-05,17,Pending,159.31,2025-12-01
422,53,63,wallet,36710.42,2024-09-24,28,Pending,55.2,2026-01-25
423,82,33,card,45348.43,2026-06-14,17,Shipped,68.0,2026-07-01
424,76,72,wallet,32640.97,2025-03-03,15,Shipped,296.88,2026-08-03
425,38,98,cash,199.55,2024-12-07,7,Shipped,38.79,2025-09-08
426,19,82,wallet,21250.1,2025-05-11,7,Pending,123.65,2026-06-25
427,35,89,cash,80659.74,2026-04-28,23,Cancelled,213.87,2026-07-17
428,42,21,wallet,60097.06,2025-04-02,27,Pending,39.73,2026-03-27
429,59,88,card,34673.3,2025-06-23,16,Cancelled,93.0,2025-08-25
430,49,24,wallet,12953.45,2024-11-19,18,Delivered,66.13,2026-05-09
431,12,1,cash,20249.87,2025-11-26,15,Shipped,79.92,2026-04-18
432,69,40,wallet,42836.52,2026-01-17,22,Cancelled,50.58,2026-05-31
433,65,1,card,96704.93,2026-02-26,14,Cancelled,116.95,2026-08-01
434,72,86,card,24145.33,2025-09-30,22,Shipped,50.23,2025-10-01
435,31,68,wallet,20027.82,2025-03-14,18,Delivered,82.26,2026-04-02
436,74,13,card,1441.31,2025-05-22,28,Cancelled,166.73,2025-09-14
437,59,74,wallet,84081.79,2025-01-15,6,Cancelled,198.81,2026-01-16
438,11,29,cash,9365.87,2026-06-12,17,Pending,232.7,2026-06-15
439,99,84,card,25866.86,2026-07-26,19,Shipped,283.99,2026-08-05
440,92,17,wallet,98728.3,2026-07-04,4,Pending,101.67,2026-07-11
441,3,35,wallet,3881.05,2024-11-05,16,Delivered,158.23,2025-04-18
442,62,86,card,48730.69,2024-10-21,27,Cancelled,95.37,2025-08-29
443,45,38,cash,82977.23,2026-03-31,9,Delivered,38.06,2026-07-17
444,45,28,card,61268.86,2024-08-24,4,Pending,142.79,2026-02-11
445,66,96,cash,89757.9,2025-02-22,21,Shipped,148.15,2026-03-05
446,62,2,cash,89311.77,2025-06-08,18,Delivered,38.26,2025-07-21
447,45,26,cash,87050.29,2024-09-22,16,Pending,109.39,2025-01-07
448,51,10,cash,20765.6,2025-01-28,4,Pending,269.96,2026-04-07
449,15,52,cash,26800.4,2024-12-04,30,Shipped,111.74,2025-01-01
450,14,93,card,94414.01,2025-12-07,27,Shipped,235.99,2026-02-10
451,57,74,cash,64553.12,2025-09-30,20,Cancelled,41.01,2026-07-11
452,19,24,card,39743.13,2025-09-19,23,Shipped,183.32,2025-11-08
453,82,43,wallet,46651.11,2025-07-02,20,Pending,120.85,2025-12-12
454,35,32,card,87589.61,2025-01-15,2,Cancelled,115.88,2025-08-27
455,35,78,card,29139.59,2025-01-23,4,Cancelled,82.69,2025-06-13
456,55,30,card,11367.04,2025-07-18,20,Pending,74.52,2026-03-24
457,11,24,wallet,42899.74,2026-06-10,4,Shipped,175.4,2026-06-14
458,35,82,wallet,17840.85,2025-12-05,29,Pending,284.87,2026-08-11
459,15,45,cash,42062.95,2024-12-05,3,Pending,82.63,2025-05-21
460,7,17,wallet,66831.97,2026-06-07,17,Delivered,94.23,2026-07-08
461,9,14,cash,64177.0,2024-12-03,21,Cancelled,115.1,2025-12-03
462,60,75,card,86509.79,2025-10-25,5,Cancelled,97.43,2025-11-21
463,100,96,wallet,2447.03,2025-05-26,12,Cancelled,149.44,2025-07-01
464,73,9,wallet,76110.15,2025-05-14,12,Cancelled,180.12,2025-05-17
465,98,94,cash,32383.56,2025-12-20,7,Delivered,135.3,2026-02-12
466,18,17,wallet,62629.08,2025-01-07,20,Pending,74.33,2026-01-18
467,11,66,wallet,50617.0,2025-11-29,29,Shipped,170.86,2026-06-30
468,25,92,wallet,72244.77,2025-02-13,26,Shipped,239.64,2026-03-06
469,48,74,cash,25147.34,2026-04-15,13,Shipped,291.97,2026-05-07
470,15,89,wallet,49755.3,2026-03-10,18,Shipped,204.42,2026-06-18
471,90,39,card,35227.5,2024-10-24,23,Cancelled,250.1,2026-03-03
472,15,39,card,36389.23,2025-08-14,28,Pending,211.93,2025-11-17
473,17,62,card,22094.37,2026-05-17,13,Cancelled,184.91,2026-05-18
474,48,58,wallet,16893.02,2025-12-12,4,Cancelled,215.53,2026-07-24
475,91,8,card,48124.63,2025-07-11,28,Pending,66.51,2026-08-06
476,32,54,cash,8949.78,2026-07-13,5,Delivered,143.19,2026-07-17
477,17,4,card,66632.32,2025-04-08,17,Pending,153.03,2025-05-16
478,93,26,cash,64304.14,2024-11-02,7,Cancelled,248.05,2026-01-31
479,32,34,wallet,33771.12,2026-04-05,4,Cancelled,56.57,2026-07-05
480,12,66,card,95060.6,2026-01-08,30,Delivered,147.62,2026-04-27
481,53,66,cash,15815.93,2025-05-29,5,Delivered,175.16,2025-09-11
482,34,34,wallet,42945.2,2026-07-17,11,Cancelled,129.11,2026-07-26
483,99,80,wallet,15922.84,2026-01-02,21,Pending,215.69,2026-04-17
484,34,28,card,14805.01,2024-11-28,19,Pending,231.53,2026-06-15
485,38,31,card,10064.73,2025-06-08,24,Shipped,202.75,2026-06-30
486,48,49,cash,77659.81,2024-08-20,7,Delivered,53.92,2025-10-14
487,82,88,cash,97488.01,2025-12-03,11,Pending,83.95,2026-04-16
488,91,45,wallet,41947.31,2025-11-25,20,Shipped,241.82,2026-06-08
489,52,86,wallet,99505.36,2026-04-04,18,Cancelled,286.34,2026-06-03
490,20,63,cash,93820.53,2025-03-17,28,Delivered,62.52,2026-07-08
491,99,36,wallet,72689.2,2025-09-06,8,Shipped,133.15,2025-10-31
492,56,96,cash,54180.3,2025-08-07,7,Pending,84.1,2026-03-19
493,32,65,cash,48911.94,2025-04-25,21,Cancelled,187.59,2025-05-29
494,43,11,card,67375.81,2025-11-01,25,Delivered,240.31,2026-01-29
495,80,29,card,92595.75,2025-02-18,13,Pending,281.42,2025-12-24
496,6,8,wallet,31628.47,2025-03-15,2,Delivered,74.04,2025-07-07
497,93,51,wallet,41304.82,2026-04-11,5,Cancelled,285.9,2026-07-21
498,12,40,cash,27003.79,2026-06-22,21,Pending,26.29,2026-07-28
499,75,18,wallet,98859.19,2026-04-10,29,Delivered,220.76,2026-06-24
500,65,78,cash,59254.82,2024-09-01,1,Delivered,171.92,2026-05-25
501,78,37,card,50109.52,2026-05-07,9,Pending,64.57,2026-05-12
502,73,74,card,77579.43,2025-09-11,27,Delivered,44.57,2025-10-04
503,15,5,cash,7330.05,2025-02-11,19,Shipped,186.14,2025-09-24
504,90,46,wallet,35044.89,2024-09-28,21,Delivered,207.78,2025-11-30
505,100,48,cash,1510.63,2025-04-19,3,Shipped,187.97,2025-10-23
506,2,50,wallet,74296.43,2025-06-07,8,Shipped,31.13,2025-06-26
507,35,56,card,97927.26,2026-01-20,23,Cancelled,153.63,2026-06-22
508,61,82,wallet,78813.42,2024-12-18,21,Delivered,66.35,2025-04-09
509,59,96,card,58325.33,2025-10-28,21,Cancelled,147.31,2026-02-22
510,56,87,cash,20241.6,2025-08-02,13,Delivered,22.36,2025-11-08
511,13,43,wallet,66250.56,2026-05-18,20,Pending,84.4,2026-06-15
512,5,90,card,22601.59,2026-01-30,22,Shipped,80.56,2026-07-26
513,21,41,cash,74284.39,2026-06-07,3,Pending,199.82,2026-06-13
514,24,31,cash,57721.99,2024-12-31,25,Pending,26.91,2026-07-02
515,14,15,wallet,68172.03,2025-10-03,23,Cancelled,229.87,2025-11-28
516,83,35,cash,368.92,2025-04-12,27,Shipped,86.02,2025-08-30
517,2,20,wallet,62514.26,2024-09-16,21,Delivered,212.13,2025-02-13
518,64,80,card,35156.82,2025-03-03,7,Shipped,231.23,2025-07-11
519,26,99,card,44189.48,2026-02-07,10,Shipped,223.35,2026-05-07
520,72,87,card,26083.21,2026-06-21,20,Delivered,209.66,2026-08-12
521,1,57,cash,31411.66,2025-02-06,15,Shipped,82.38,2025-03-07
522,17,73,wallet,81555.5,2025-10-09,17,Pending,246.21,2026-02-02
523,43,44,cash,79145.08,2025-05-13,24,Cancelled,224.58,2026-07-27
524,16,81,wallet,90794.12,2024-09-13,7,Pending,93.82,2026-01-24
525,94,49,wallet,1779.64,2025-03-18,14,Pending,297.12,2025-10-01
526,60,35,wallet,29774.12,2025-09-28,29,Cancelled,137.37,2025-10-13
527,40,34,card,86880.93,2025-01-26,24,Cancelled,148.44,2026-07-02
528,95,53,cash,83221.57,2025-03-16,19,Pending,208.17,2026-02-20
529,46,95,cash,89593.69,2025-09-21,11,Delivered,184.86,2026-06-24
530,43,46,wallet,38782.38,2026-02-19,8,Cancelled,140.14,2026-04-20
531,97,10,card,58994.94,2025-04-09,6,Shipped,32.16,2025-12-19
532,32,79,cash,97309.06,2025-07-25,23,Delivered,119.33,2026-06-14
533,96,67,card,78929.48,2026-03-12,30,Delivered,80.49,2026-04-08
534,48,65,card,78699.57,2025-12-05,8,Delivered,77.85,2026-07-30
535,34,65,card,75811.01,2024-10-12,7,Cancelled,106.84,2026-02-24
536,36,17,wallet,67674.45,2025-02-28,26,Shipped,209.77,2025-12-11
537,48,39,wallet,1288.74,2026-03-25,29,Shipped,144.86,2026-04-29
538,20,61,cash,74599.25,2026-04-01,16,Cancelled,120.33,2026-04-27
539,99,87,wallet,98208.95,2024-11-04,24,Delivered,233.87,2026-04-14
540,74,21,wallet,86978.27,2025-10-18,27,Pending,165.48,2025-11-15
541,57,15,wallet,19709.04,2025-03-23,13,Pending,233.75,2025-12-25
542,9,88,cash,49478.18,2025-09-08,1,Pending,222.42,2026-07-04
543,17,52,wallet,24057.13,2025-07-18,6,Pending,52.19,2026-08-08
544,79,81,wallet,21708.41,2024-08-26,8,Delivered,152.11,2025-09-09
545,64,71,cash,11702.73,2024-09-09,2,Pending,42.51,2026-08-05
546,33,87,wallet,66351.56,2025-01-05,26,Shipped,283.89,2026-03-28
547,96,3,card,51995.68,2025-10-14,25,Cancelled,115.78,2026-03-27
548,98,72,wallet,35418.41,2025-06-17,8,Cancelled,190.67,2025-08-31
549,43,17,cash,75555.48,2025-08-06,26,Cancelled,225.95,2026-07-14
550,72,11,cash,3982.93,2025-07-14,5,Pending,258.8,2026-07-18
551,18,17,wallet,83838.06,2026-07-22,25,Delivered,254.96,2026-07-31
552,76,19,cash,26069.59,2025-07-03,14,Shipped,264.22,2025-08-25
553,96,77,card,21488.22,2026-03-10,26,Pending,236.69,2026-05-27
554,10,92,wallet,7358.98,2025-09-09,21,Cancelled,59.37,2025-12-14
555,28,72,cash,18704.58,2024-11-06,12,Delivered,266.36,2024-12-01
556,33,54,cash,1705.08,2025-03-02,6,Cancelled,205.14,2025-08-26
557,10,21,card,95178.16,2025-08-03,9,Shipped,138.03,2026-05-18
558,18,47,wallet,87643.69,2025-10-01,25,Pending,247.97,2025-10-01
559,100,22,wallet,10475.09,2025-02-23,16,Delivered,150.59,2026-02-04
560,85,78,card,27928.36,2026-03-10,20,Pending,269.58,2026-06-14
561,84,87,card,43158.68,2025-12-10,24,Pending,225.4,2026-03-10
562,40,87,wallet,42724.42,2025-08-16,20,Pending,167.75,2026-04-06
563,1,7,cash,39198.18,2025-12-08,1,Shipped,51.81,2026-02-12
564,88,54,wallet,17637.43,2024-09-18,7,Pending,124.33,2025-03-24
565,53,10,cash,9523.31,2024-08-18,23,Delivered,183.94,2024-08-26
566,85,73,card,2523.01,2025-10-18,7,Pending,57.46,2026-04-13
567,17,11,wallet,61359.93,2024-11-07,13,Delivered,239.78,2026-07-05
568,7,5,cash,85745.36,2024-10-16,26,Delivered,211.0,2026-07-31
569,20,96,card,23154.42,2026-07-03,7,Shipped,76.91,2026-07-19
570,8,83,card,94142.96,2025-03-10,8,Cancelled,137.56,2026-07-11
571,14,26,wallet,65338.78,2026-02-03,11,Pending,129.43,2026-04-02
572,26,1,cash,33777.7,2025-10-29,25,Pending,96.85,2026-02-22
573,3,9,wallet,66461.47,2024-11-24,17,Shipped,46.38,2025-09-06
574,19,12,card,70728.93,2025-10-22,18,Pending,114.39,2026-02-17
575,59,64,cash,33101.22,2025-09-05,3,Shipped,47.77,2026-06-17
576,71,47,card,32851.21,2025-09-10,7,Shipped,69.72,2026-02-16
577,1,30,wallet,50014.69,2026-08-03,28,Pending,154.28,2026-08-06
578,84,55,cash,57951.81,2025-07-24,1,Pending,258.3,2025-07-26
579,95,76,wallet,41999.79,2026-05-09,17,Pending,155.2,2026-06-21
580,11,86,cash,41917.63,2026-03-25,26,Shipped,63.84,2026-04-04
581,22,52,wallet,19488.73,2024-09-11,30,Cancelled,165.23,2025-12-18
582,86,47,card,77440.2,2025-05-18,10,Cancelled,122.77,2026-03-02
583,8,67,cash,69863.99,2025-03-12,1,Shipped,64.05,2025-10-21
584,64,64,wallet,39836.81,2025-04-02,20,Delivered,201.78,2026-06-13
585,27,66,card,57115.81,2025-12-18,20,Pending,238.13,2026-03-17
586,43,100,wallet,56242.96,2025-07-10,20,Shipped,255.56,2025-07-22
587,96,24,wallet,68672.94,2025-11-03,11,Delivered,26.58,2026-03-25
588,26,83,wallet,43763.47,2025-12-22,4,Cancelled,228.51,2026-07-25
589,52,94,cash,96192.47,2025-01-15,27,Shipped,156.76,2026-07-18
590,1,8,card,25700.15,2025-03-27,10,Pending,178.66,2026-06-15
591,52,71,card,71810.54,2026-06-17,15,Pending,35.41,2026-07-23
592,34,65,cash,87922.48,2026-03-02,6,Pending,87.05,2026-06-20
593,86,81,wallet,5670.52,2025-08-04,29,Pending,21.99,2026-01-19
594,100,37,card,1787.65,2025-10-24,5,Cancelled,177.57,2026-02-23
595,97,43,card,56492.29,2026-06-28,23,Pending,234.54,2026-07-17
596,37,47,cash,96502.05,2026-03-04,29,Shipped,129.12,2026-05-14
597,82,58,card,43677.44,2026-02-23,17,Cancelled,208.27,2026-07-31
598,24,71,card,62030.64,2025-08-30,21,Shipped,172.77,2025-11-08
599,25,45,cash,86569.76,2025-10-11,29,Pending,299.04,2026-01-03
600,59,95,wallet,98760.65,2025-02-16,21,Pending,287.71,2025-05-14
601,81,20,card,22165.84,2024-10-22,3,Shipped,160.26,2026-07-24
602,70,79,wallet,61757.41,2024-08-20,22,Pending,224.92,2024-09-01
603,85,41,cash,13727.62,2026-04-17,8,Pending,156.54,2026-06-24
604,7,73,wallet,39614.05,2025-03-04,14,Shipped,38.16,2026-05-02
605,63,96,cash,98571.61,2024-08-28,26,Cancelled,22.52,2026-03-12
606,57,2,cash,29491.03,2025-12-06,26,Pending,182.1,2026-07-18
607,95,32,card,83795.73,2026-04-17,25,Pending,31.68,2026-07-30
608,89,19,cash,90681.91,2026-01-17,26,Pending,203.19,2026-03-16
609,48,42,wallet,26674.12,2025-03-03,1,Delivered,25.95,2025-03-21
610,29,72,wallet,17685.9,2026-06-18,17,Pending,146.51,2026-06-26
611,74,59,cash,37051.9,2024-09-19,22,Pending,141.63,2026-06-08
612,24,69,wallet,71705.15,2025-08-03,11,Cancelled,51.38,2026-04-02
613,16,1,card,66717.98,2024-12-18,1,Cancelled,227.67,2025-11-22
614,16,43,cash,16260.79,2025-02-19,13,Pending,91.98,2026-07-06
615,10,71,wallet,81964.03,2026-08-06,16,Delivered,196.16,2026-08-11
616,76,88,cash,45652.62,2025-10-22,10,Delivered,81.63,2026-08-12
617,16,55,card,60908.51,2025-06-19,16,Shipped,106.1,2025-12-18
618,16,18,wallet,71280.5,2026-02-12,16,Delivered,71.65,2026-07-06
619,98,27,wallet,24691.31,2025-08-23,1,Delivered,188.36,2025-09-23
620,71,52,wallet,58469.8,2026-01-27,14,Shipped,22.79,2026-04-21
621,92,74,wallet,78409.62,2024-09-17,5,Delivered,166.04,2026-05-10
622,54,90,wallet,33449.98,2026-02-06,19,Shipped,108.69,2026-07-29
623,37,75,cash,19877.97,2024-09-10,28,Cancelled,88.21,2026-04-02
624,36,84,card,5100.91,2026-05-31,20,Cancelled,239.65,2026-06-11
625,94,70,wallet,97154.88,2026-07-18,24,Cancelled,280.47,2026-08-06
626,57,99,cash,78740.79,2025-02-12,26,Pending,294.12,2025-08-29
627,85,15,card,83068.0,2026-07-03,3,Cancelled,111.69,2026-07-14
628,90,12,card,2466.99,2026-01-09,4,Shipped,47.86,2026-08-12
629,45,27,wallet,38569.9,2025-09-30,16,Delivered,222.63,2025-10-29
630,23,95,card,42464.72,2025-10-31,5,Delivered,259.37,2025-11-28
631,62,10,cash,55617.03,2026-07-08,9,Cancelled,28.15,2026-07-26
632,73,84,cash,63964.69,2025-06-04,2,Delivered,137.15,2026-04-30
633,89,90,wallet,61896.33,2026-01-26,20,Shipped,282.53,2026-05-18
634,80,73,wallet,5068.91,2025-06-05,26,Cancelled,181.11,2026-07-08
635,49,55,cash,5218.73,2025-02-11,2,Delivered,194.96,2025-04-21
636,89,47,card,44121.84,2026-01-02,10,Cancelled,46.09,2026-01-30
637,85,43,card,64025.92,2025-08-14,21,Delivered,259.63,2025-12-14
638,83,51,wallet,7761.15,2025-04-08,20,Cancelled,114.82,2026-06-11
639,2,6,card,92916.1,2026-04-22,17,Shipped,43.15,2026-07-30
640,56,1,cash,61113.27,2024-10-13,13,Shipped,183.79,2025-09-17
641,29,35,wallet,98584.67,2025-01-10,16,Shipped,124.3,2026-06-12
642,55,61,wallet,809.08,2024-11-02,4,Delivered,90.79,2025-08-17
643,53,19,wallet,29549.03,2025-06-16,18,Shipped,141.91,2025-11-08
644,41,8,cash,44336.22,2025-10-04,22,Pending,235.43,2026-02-21
645,2,23,cash,46555.18,2025-07-26,16,Delivered,64.18,2026-06-29
646,59,56,wallet,12286.78,2025-03-27,18,Pending,32.5,2025-10-08
647,63,90,cash,27358.32,2026-02-07,20,Delivered,229.16,2026-03-25
648,75,21,cash,26781.26,2025-04-24,3,Pending,215.89,2026-07-02
649,85,28,wallet,95020.43,2025-01-13,22,Pending,172.14,2025-03-21
650,22,81,cash,72298.2,2024-11-15,12,Shipped,217.65,2025-03-11
651,100,34,cash,6459.51,2026-01-10,23,Cancelled,192.28,2026-04-04
652,84,75,cash,1279.45,2025-01-28,16,Pending,202.42,2025-09-22
653,98,53,card,16227.99,2026-01-28,27,Pending,294.86,2026-06-25
654,83,70,wallet,57246.12,2025-06-06,20,Shipped,71.64,2026-02-04
655,91,94,wallet,90863.45,2024-12-16,13,Pending,144.53,2026-07-02
656,88,64,wallet,1101.96,2026-02-17,3,Cancelled,220.12,2026-03-20
657,50,40,card,76082.09,2026-04-14,12,Delivered,276.99,2026-07-11
658,8,76,wallet,74497.32,2025-01-31,25,Delivered,253.97,2026-04-11
659,94,58,card,23515.54,2024-12-08,27,Pending,107.43,2026-02-02
660,2,46,card,66019.15,2025-03-05,24,Shipped,268.06,2026-04-10
661,51,53,cash,63132.83,2024-10-31,2,Cancelled,166.67,2025-07-14
662,3,28,card,95561.42,2025-06-09,15,Shipped,198.82,2026-06-09
663,48,8,wallet,21003.93,2026-07-08,24,Delivered,117.43,2026-08-04
664,6,43,card,38100.78,2024-11-30,7,Delivered,89.65,2025-03-17
665,92,62,wallet,17973.3,2026-01-30,27,Pending,166.66,2026-06-22
666,8,26,wallet,71220.65,2025-09-06,29,Shipped,203.29,2025-11-30
667,46,61,wallet,66615.99,2024-12-17,14,Delivered,139.15,2025-08-25
668,45,81,cash,65888.75,2026-04-23,13,Shipped,20.21,2026-05-23
669,94,13,wallet,27984.59,2025-07-01,12,Shipped,58.08,2025-10-03
670,35,20,wallet,90909.31,2026-01-22,24,Shipped,122.34,2026-07-10
671,32,79,card,97342.78,2025-11-12,6,Pending,240.24,2026-08-10
672,86,34,cash,42305.55,2026-07-24,11,Cancelled,155.57,2026-07-25
673,82,74,wallet,63905.04,2025-09-15,4,Pending,43.46,2026-06-23
674,52,41,wallet,3580.8,2026-03-07,10,Pending,287.04,2026-04-06
675,48,42,wallet,36905.96,2025-09-23,11,Pending,65.13,2026-06-30
676,59,88,card,51642.79,2025-04-05,6,Delivered,100.1,2026-01-20
677,78,45,cash,26186.49,2025-11-30,6,Delivered,293.87,2026-07-28
678,93,6,cash,73907.05,2026-01-08,15,Delivered,116.92,2026-02-16
679,25,21,wallet,46054.7,2025-09-25,6,Cancelled,40.0,2026-04-10
680,13,98,cash,32794.29,2025-04-19,7,Cancelled,107.9,2025-08-18
681,21,75,cash,28445.69,2025-07-13,15,Pending,284.37,2026-06-15
682,8,53,wallet,26889.41,2024-10-15,22,Pending,69.14,2025-08-20
683,50,66,wallet,35280.89,2026-01-19,4,Pending,174.39,2026-01-30
684,16,83,wallet,40650.63,2026-03-30,5,Delivered,158.48,2026-07-19
685,14,67,cash,84338.01,2024-09-15,26,Delivered,46.87,2026-07-23
686,16,91,card,50680.85,2026-02-27,21,Cancelled,261.9,2026-08-05
687,98,60,card,29132.89,2026-05-23,6,Cancelled,159.14,2026-07-19
688,68,56,cash,56731.2,2026-06-06,15,Cancelled,109.48,2026-07-10
689,63,91,card,64720.27,2026-04-16,11,Shipped,41.41,2026-06-18
690,27,53,wallet,62787.99,2025-10-13,5,Delivered,97.1,2025-10-28
691,19,91,cash,31960.4,2026-07-07,9,Shipped,268.08,2026-07-24
692,82,66,cash,96378.77,2026-06-27,2,Shipped,223.09,2026-08-11
693,56,64,card,40119.22,2025-09-22,24,Pending,85.32,2025-11-22
694,74,98,card,16214.55,2024-09-07,17,Cancelled,234.85,2025-06-13
695,13,88,cash,92759.79,2025-02-17,27,Pending,50.76,2025-02-23
696,72,22,wallet,39507.33,2026-05-28,30,Delivered,84.41,2026-07-19
697,38,41,wallet,53754.66,2026-04-18,12,Pending,78.45,2026-05-02
698,44,68,cash,15206.77,2026-04-25,13,Pending,185.09,2026-05-16
699,81,57,card,85333.62,2025-05-21,10,Pending,161.4,2025-11-19
700,4,23,cash,93600.68,2025-10-22,7,Cancelled,35.68,2026-01-18
701,68,61,cash,35523.01,2026-06-23,14,Pending,162.64,2026-06-23
702,53,68,wallet,31168.28,2025-11-09,13,Pending,159.4,2026-02-27
703,15,20,card,1157.9,2026-02-28,13,Shipped,238.29,2026-06-27
704,97,22,wallet,4664.88,2025-06-01,26,Cancelled,266.45,2026-04-22
705,92,2,card,55147.82,2026-06-26,6,Shipped,127.23,2026-07-06
706,18,27,card,26478.7,2025-04-30,19,Delivered,297.01,2025-07-16
707,25,55,cash,65114.14,2025-05-22,6,Delivered,136.88,2025-07-29
708,75,34,wallet,60267.58,2024-08-27,12,Pending,42.09,2025-08-12
709,65,26,wallet,75936.7,2026-03-03,2,Delivered,193.7,2026-07-17
710,100,36,wallet,89339.75,2025-03-21,30,Delivered,266.7,2025-05-07
711,25,96,card,26821.98,2025-08-14,21,Delivered,260.4,2026-02-26
712,60,96,cash,49242.98,2025-04-15,4,Cancelled,136.41,2026-01-30
713,51,30,wallet,50700.32,2024-12-26,11,Pending,141.74,2025-11-13
714,96,96,card,96031.74,2025-10-04,28,Cancelled,267.78,2025-11-02
715,87,59,card,83064.08,2026-02-21,26,Delivered,181.63,2026-05-08
716,6,38,card,84828.0,2026-01-22,9,Shipped,159.58,2026-07-20
717,29,61,wallet,15675.93,2025-11-01,14,Delivered,246.58,2026-03-20
718,81,83,cash,61272.22,2024-10-28,28,Shipped,96.95,2026-01-08
719,22,59,card,40255.38,2024-10-03,2,Delivered,220.02,2026-01-08
720,9,21,card,13530.19,2025-02-21,20,Shipped,113.65,2025-11-02
721,20,9,card,5790.67,2026-01-22,4,Cancelled,33.01,2026-05-11
722,22,36,cash,27982.62,2026-06-10,2,Pending,65.19,2026-06-12
723,10,6,card,81549.51,2025-07-17,3,Delivered,238.33,2026-06-02
724,67,21,cash,27404.42,2026-04-10,5,Shipped,288.56,2026-07-30
725,93,29,wallet,5058.1,2025-07-24,13,Shipped,260.32,2026-07-08
726,38,43,card,59173.02,2026-01-25,7,Delivered,216.8,2026-04-16
727,54,61,cash,19371.16,2025-07-08,12,Pending,230.97,2026-02-24
728,50,15,card,20110.85,2025-08-14,17,Pending,218.24,2026-05-31
729,11,56,cash,21736.13,2025-04-15,16,Shipped,103.5,2026-01-08
730,91,9,card,66075.84,2025-02-07,6,Pending,299.11,2026-02-24
731,91,62,wallet,35864.53,2026-01-04,6,Cancelled,263.58,2026-02-07
732,28,15,wallet,53197.03,2025-06-28,29,Cancelled,175.41,2026-06-24
733,73,55,cash,7460.23,2025-09-26,8,Cancelled,199.76,2026-05-07
734,63,42,wallet,35544.58,2025-11-06,16,Cancelled,252.62,2026-02-14
735,96,25,cash,93590.64,2026-05-14,29,Delivered,285.44,2026-05-29
736,70,47,cash,22120.51,2025-10-01,23,Pending,135.88,2026-02-07
737,21,44,wallet,78699.97,2025-11-03,23,Cancelled,79.66,2026-05-18
738,52,98,cash,70261.55,2026-06-19,28,Cancelled,260.9,2026-08-05
739,15,99,card,70681.64,2025-12-14,1,Shipped,208.9,2026-08-02
740,46,86,card,23126.14,2024-10-21,12,Pending,51.72,2025-03-24
741,90,27,card,55094.75,2026-05-14,1,Shipped,198.63,2026-08-10
742,85,9,card,95008.73,2026-04-08,17,Shipped,31.88,2026-04-09
743,70,28,card,24449.98,2026-07-26,2,Cancelled,240.63,2026-08-05
744,24,83,card,34586.84,2025-12-31,16,Cancelled,226.49,2026-07-08
745,91,78,cash,67282.41,2025-10-05,16,Pending,133.11,2026-02-27
746,48,85,wallet,37309.76,2026-07-29,7,Pending,94.07,2026-08-09
747,48,26,cash,96409.08,2026-02-17,14,Shipped,133.97,2026-07-16
748,38,13,card,10596.95,2025-04-02,2,Pending,74.62,2025-10-10
749,79,76,cash,74391.55,2025-12-19,4,Cancelled,24.86,2026-08-05
750,10,59,card,17727.51,2024-09-12,13,Delivered,205.14,2026-03-30
751,91,14,card,27031.15,2026-06-24,18,Cancelled,261.45,2026-07-03
752,10,6,wallet,49188.61,2025-11-11,27,Delivered,280.34,2025-12-05
753,77,79,cash,21485.06,2025-02-09,15,Cancelled,148.23,2025-03-29
754,66,96,card,29441.39,2025-07-07,24,Pending,154.28,2026-03-19
755,57,24,cash,61912.57,2025-06-14,14,Delivered,98.22,2025-06-15
756,68,20,card,47534.03,2026-01-15,17,Pending,145.02,2026-05-28
757,49,17,cash,141.46,2025-05-11,5,Delivered,261.9,2026-07-08
758,47,49,card,30011.59,2024-08-23,22,Shipped,113.52,2026-01-05
759,95,57,card,50112.76,2024-08-18,4,Pending,189.29,2025-05-27
760,85,91,wallet,53265.35,2025-04-04,9,Shipped,44.44,2026-02-18
761,93,62,card,75970.37,2025-09-30,24,Cancelled,225.76,2025-12-09
762,28,12,card,57655.65,2025-02-17,16,Delivered,75.18,2026-06-21
763,37,79,wallet,93776.41,2025-09-30,15,Shipped,117.86,2026-07-17
764,85,38,wallet,98685.9,2026-07-28,8,Delivered,67.12,2026-08-05
765,32,27,card,67754.29,2024-10-11,1,Cancelled,280.61,2026-01-06
766,55,82,cash,68712.07,2026-08-01,28,Shipped,207.19,2026-08-05
767,89,55,card,32119.15,2025-03-06,18,Cancelled,232.99,2025-12-21
768,96,7,cash,22439.72,2026-02-17,11,Delivered,160.22,2026-04-23
769,48,48,card,38339.64,2026-07-23,25,Cancelled,192.75,2026-08-12
770,36,26,wallet,56650.41,2026-04-18,15,Cancelled,278.36,2026-08-02
771,91,25,cash,46249.39,2025-09-15,3,Delivered,297.16,2025-10-09
772,27,77,cash,18163.75,2026-05-09,5,Cancelled,262.09,2026-05-22
773,24,1,cash,56624.54,2025-08-22,19,Shipped,153.25,2026-01-13
774,45,8,card,62194.21,2026-07-06,29,Cancelled,131.74,2026-08-04
775,17,14,wallet,65563.61,2025-10-10,27,Shipped,167.68,2026-04-21
776,44,99,card,85118.85,2024-10-18,8,Pending,145.27,2024-10-28
777,81,89,cash,97249.49,2025-11-20,7,Cancelled,153.83,2026-04-08
778,24,32,cash,52870.87,2026-02-19,12,Pending,147.22,2026-07-28
779,86,25,cash,58672.3,2025-10-25,24,Delivered,275.45,2025-12-01
780,96,55,cash,6104.69,2025-12-19,5,Pending,259.09,2025-12-26
781,21,56,card,87708.92,2024-12-03,26,Cancelled,203.36,2026-05-02
782,23,16,card,58645.21,2025-05-18,3,Pending,263.0,2025-08-19
783,68,91,card,57308.23,2025-11-23,21,Cancelled,130.02,2026-03-02
784,80,19,cash,56664.28,2025-01-21,19,Pending,76.71,2026-01-23
785,68,36,card,67041.01,2025-02-07,22,Shipped,30.82,2026-05-27
786,1,78,wallet,25573.25,2024-10-03,29,Cancelled,276.3,2026-01-13
787,57,38,card,48205.98,2026-05-16,14,Cancelled,269.07,2026-06-11
788,38,80,wallet,97328.03,2024-10-26,3,Pending,22.76,2026-03-04
789,84,97,wallet,12256.98,2026-02-06,30,Cancelled,183.4,2026-06-02
790,8,97,wallet,6462.63,2025-05-01,27,Delivered,45.39,2026-07-17
791,50,5,cash,80200.47,2025-08-22,7,Cancelled,184.1,2026-05-27
792,24,31,wallet,74784.44,2025-10-18,10,Cancelled,118.26,2026-04-06
793,61,64,card,10998.24,2025-08-13,26,Delivered,193.46,2026-04-04
794,9,60,cash,44092.93,2025-08-14,25,Cancelled,144.77,2026-01-22
795,61,12,wallet,7788.24,2025-02-24,22,Shipped,33.03,2026-02-16
796,6,68,wallet,772.66,2025-09-11,11,Delivered,216.17,2026-02-13
797,82,68,wallet,89024.47,2025-09-05,23,Pending,76.16,2026-04-07
798,56,49,cash,21716.31,2025-01-10,10,Pending,144.73,2025-12-03
799,70,70,cash,63972.34,2025-08-24,9,Cancelled,207.55,2025-12-06
800,6,53,wallet,54564.07,2024-11-13,20,Pending,48.48,2025-02-02
801,72,17,card,22616.64,2024-08-19,11,Cancelled,104.61,2025-10-12
802,12,72,card,40455.17,2026-05-06,30,Delivered,289.21,2026-06-01
803,78,65,card,88139.35,2026-02-08,8,Shipped,136.54,2026-06-13
804,78,32,wallet,83937.56,2026-06-05,17,Pending,61.28,2026-07-24
805,30,55,card,6207.48,2024-11-20,7,Delivered,42.84,2024-12-17
806,36,25,wallet,64038.15,2026-06-28,26,Cancelled,227.9,2026-07-06
807,77,71,card,96627.17,2025-01-09,21,Shipped,280.42,2025-08-13
808,2,45,wallet,11491.3,2024-11-27,26,Cancelled,252.24,2025-01-26
809,86,6,cash,97111.7,2026-03-10,19,Pending,154.02,2026-03-20
810,51,100,cash,97163.64,2025-04-09,9,Pending,150.72,2026-07-03
811,28,34,cash,41737.19,2026-04-15,6,Shipped,234.16,2026-07-11
812,40,50,card,94504.07,2025-07-27,3,Delivered,251.65,2026-01-19
813,16,56,wallet,15146.31,2025-12-30,1,Delivered,297.12,2026-08-11
814,99,66,cash,99743.53,2025-01-09,12,Cancelled,91.02,2025-10-09
815,51,36,cash,43969.22,2025-01-16,3,Shipped,255.2,2025-12-29
816,75,18,cash,52433.13,2025-10-20,2,Shipped,93.43,2026-07-17
817,68,92,wallet,41676.35,2024-08-19,20,Shipped,110.52,2026-02-16
818,79,79,wallet,83815.54,2025-04-27,30,Pending,226.98,2026-05-16
819,21,2,card,22687.01,2026-05-03,19,Pending,290.23,2026-08-10
820,49,3,card,77785.5,2025-12-09,18,Pending,139.81,2026-08-12
821,28,76,cash,52434.68,2025-06-11,10,Pending,103.55,2025-09-07
822,65,25,wallet,9739.49,2026-02-14,6,Delivered,131.0,2026-04-17
823,10,6,cash,60631.9,2026-06-07,10,Cancelled,160.89,2026-06-18
824,5,83,wallet,65651.99,2026-02-01,9,Shipped,237.08,2026-08-04
825,90,39,wallet,16108.05,2024-11-14,21,Cancelled,237.73,2026-06-25
826,40,96,cash,6621.62,2025-06-16,20,Delivered,74.65,2026-04-18
827,61,79,card,14213.89,2025-12-11,24,Pending,142.57,2026-04-15
828,64,87,card,81289.9,2025-06-12,2,Cancelled,239.16,2025-06-23
829,77,37,cash,69362.37,2025-09-24,2,Cancelled,200.69,2025-11-11
830,60,86,wallet,45516.34,2026-06-22,26,Cancelled,173.24,2026-08-01
831,79,45,wallet,40351.95,2024-12-27,21,Cancelled,297.52,2026-03-02
832,72,46,cash,82498.16,2026-05-12,27,Shipped,203.47,2026-06-06
833,16,29,cash,47801.61,2026-03-23,29,Pending,292.69,2026-06-15
834,47,77,card,11717.69,2025-09-27,9,Pending,132.39,2025-12-23
835,42,20,wallet,17149.02,2024-11-16,7,Shipped,257.34,2024-11-30
836,55,93,card,92559.83,2026-05-24,5,Pending,203.76,2026-07-04
837,37,19,card,50721.02,2025-06-09,6,Cancelled,144.48,2025-10-16
838,10,61,cash,5354.3,2026-02-24,27,Pending,134.29,2026-07-01
839,56,69,card,74134.18,2026-07-12,21,Shipped,170.79,2026-07-16
840,11,39,card,18194.59,2025-12-08,20,Cancelled,190.99,2026-06-13
841,91,35,cash,9448.43,2025-04-25,25,Delivered,144.26,2026-03-10
842,42,50,cash,9784.04,2024-10-02,9,Pending,173.82,2026-07-09
843,20,9,card,31960.51,2026-02-05,21,Delivered,89.88,2026-07-10
844,92,42,card,66481.81,2025-08-05,2,Delivered,119.62,2025-10-30
845,17,52,card,26305.53,2025-11-23,24,Cancelled,63.24,2026-01-08
846,80,22,card,38952.56,2025-02-24,23,Cancelled,294.54,2026-02-16
847,43,55,cash,2338.6,2025-04-20,23,Delivered,149.04,2025-09-14
848,43,10,cash,53071.26,2025-05-17,8,Shipped,64.15,2026-05-23
849,28,75,card,46290.96,2024-08-26,14,Cancelled,101.43,2025-09-22
850,91,91,cash,39672.76,2024-08-20,25,Delivered,139.39,2026-03-01
851,68,29,card,43739.75,2026-03-04,23,Shipped,22.25,2026-05-17
852,93,84,wallet,74088.05,2024-09-08,25,Cancelled,144.17,2026-06-30
853,44,10,card,1595.9,2026-05-15,13,Pending,145.64,2026-07-28
854,15,95,wallet,42545.99,2026-01-16,30,Delivered,67.03,2026-07-24
855,64,62,card,23231.61,2025-07-26,29,Shipped,284.83,2026-06-08
856,34,32,wallet,55899.74,2026-05-11,7,Shipped,110.58,2026-06-16
857,76,79,wallet,7497.9,2025-07-23,19,Cancelled,277.63,2026-04-02
858,51,31,card,96424.54,2025-09-07,20,Cancelled,69.9,2026-05-02
859,22,69,card,63826.58,2024-11-16,13,Cancelled,233.17,2026-06-06
860,13,64,card,60616.25,2026-04-25,16,Delivered,255.01,2026-06-24
861,90,100,cash,9887.88,2026-08-09,8,Cancelled,276.98,2026-08-11
862,52,68,wallet,4029.79,2026-04-10,10,Cancelled,83.52,2026-08-06
863,89,45,card,44616.0,2025-10-12,19,Cancelled,170.77,2026-01-29
864,34,48,card,35750.03,2026-01-23,30,Shipped,165.9,2026-07-03
865,19,72,wallet,91072.15,2025-04-15,24,Pending,230.14,2026-02-23
866,39,50,wallet,2098.28,2025-12-24,6,Pending,297.88,2026-07-28
867,13,47,wallet,4337.98,2025-01-17,17,Delivered,84.89,2026-04-24
868,4,6,card,67681.89,2026-03-13,30,Cancelled,222.83,2026-07-18
869,14,32,wallet,2095.21,2026-06-17,18,Pending,80.94,2026-07-16
870,4,39,wallet,32748.82,2026-06-25,13,Shipped,190.59,2026-07-19
871,45,33,cash,7827.06,2024-11-01,30,Shipped,80.89,2025-06-08
872,73,56,card,84992.25,2025-09-27,30,Cancelled,190.99,2026-03-22
873,27,93,cash,78545.74,2025-11-10,21,Pending,169.27,2026-05-04
874,20,1,card,58008.55,2025-02-21,8,Cancelled,53.99,2025-05-05
875,32,45,cash,91594.72,2026-02-06,21,Shipped,291.28,2026-07-26
876,34,18,cash,68048.11,2026-05-25,16,Shipped,220.37,2026-07-30
877,45,95,wallet,80654.86,2024-12-07,11,Shipped,66.88,2024-12-08
878,91,28,card,21089.34,2026-07-25,12,Pending,144.33,2026-07-27
879,33,23,cash,25926.56,2025-08-23,12,Cancelled,28.57,2026-05-28
880,74,66,wallet,51304.69,2025-11-22,10,Delivered,248.6,2026-07-22
881,1,100,wallet,56069.47,2025-05-17,25,Shipped,282.13,2026-02-05
882,100,95,card,62209.82,2025-06-26,14,Pending,235.87,2025-10-03
883,67,65,cash,88134.2,2025-07-22,12,Shipped,294.66,2025-08-14
884,77,31,card,67586.12,2024-09-10,16,Delivered,82.07,2024-09-27
885,6,97,wallet,38307.42,2026-04-03,20,Cancelled,271.24,2026-06-11
886,75,42,cash,57761.88,2025-09-01,5,Shipped,220.46,2026-03-05
887,10,84,wallet,10549.47,2024-10-06,20,Cancelled,146.53,2026-05-19
888,82,79,card,76816.62,2026-06-03,12,Pending,122.16,2026-06-18
889,59,14,card,75173.81,2025-08-30,26,Pending,261.0,2026-02-28
890,66,35,card,99224.09,2024-11-18,30,Delivered,117.62,2025-09-28
891,60,41,cash,20462.14,2025-11-22,19,Cancelled,170.4,2026-05-26
892,38,3,wallet,27598.51,2024-12-18,2,Pending,122.28,2026-03-13
893,56,53,wallet,541.5,2025-04-14,12,Pending,180.9,2026-06-17
894,74,52,card,72447.23,2026-02-22,12,Pending,56.78,2026-04-04
895,5,80,cash,10814.9,2024-11-24,12,Pending,134.33,2025-11-29
896,40,97,card,6641.21,2026-03-16,27,Pending,76.72,2026-06-09
897,38,94,wallet,83708.87,2025-10-14,1,Pending,72.39,2026-03-13
898,3,88,card,61195.79,2026-02-23,2,Cancelled,39.95,2026-07-06
899,47,31,card,1308.13,2025-10-01,5,Shipped,91.21,2025-11-13
900,91,87,wallet,24130.34,2024-12-18,3,Shipped,209.43,2026-05-12
901,17,47,card,75464.88,2025-08-24,8,Delivered,290.04,2025-10-25
902,64,35,card,83927.01,2025-02-04,27,Shipped,181.13,2025-02-18
903,88,76,cash,70984.52,2024-10-01,6,Delivered,62.08,2026-02-12
904,16,76,wallet,78215.45,2025-02-27,28,Shipped,197.19,2025-05-06
905,59,81,wallet,47361.49,2025-06-01,24,Delivered,125.77,2026-05-08
906,28,37,card,89267.4,2024-09-07,27,Cancelled,258.31,2025-12-09
907,61,2,wallet,32287.9,2026-03-14,6,Delivered,74.83,2026-07-20
908,82,26,cash,31197.32,2025-01-04,22,Shipped,70.21,2025-09-08
909,33,90,cash,60054.1,2024-10-28,29,Shipped,141.68,2026-06-10
910,13,9,card,76794.42,2025-05-13,11,Delivered,96.37,2025-11-08
911,7,44,wallet,99374.44,2026-06-24,18,Cancelled,267.34,2026-06-25
912,34,67,cash,25779.29,2025-01-20,15,Delivered,144.44,2026-03-01
913,24,81,wallet,54188.46,2025-10-19,25,Shipped,206.69,2026-05-18
914,53,38,card,88081.28,2026-03-13,20,Cancelled,293.07,2026-07-20
915,49,57,card,1465.77,2024-11-24,10,Cancelled,69.09,2026-07-24
916,2,87,wallet,98361.19,2026-07-15,28,Pending,56.07,2026-07-29
917,15,65,card,24503.49,2026-06-28,28,Cancelled,225.59,2026-07-28
918,26,41,cash,18196.09,2026-03-12,14,Delivered,144.64,2026-08-04
919,94,97,wallet,98011.03,2026-06-27,23,Pending,63.96,2026-08-04
920,14,67,cash,44179.65,2026-07-11,21,Cancelled,79.79,2026-07-23
921,44,14,card,93834.4,2025-04-16,27,Delivered,42.14,2025-08-01
922,89,46,cash,10195.34,2026-06-06,21,Shipped,197.75,2026-07-14
923,7,16,cash,30115.84,2025-09-24,10,Pending,75.78,2026-08-08
924,11,31,cash,66609.37,2024-10-11,22,Shipped,101.55,2026-07-20
925,41,93,cash,42884.85,2025-04-14,3,Shipped,91.58,2025-07-01
926,55,3,cash,57967.94,2025-06-07,13,Delivered,219.77,2026-07-08
927,88,23,wallet,14815.39,2025-05-30,18,Shipped,177.72,2026-08-09
928,47,30,wallet,69169.2,2026-07-22,13,Pending,78.04,2026-08-11
929,81,29,cash,49182.47,2025-03-14,24,Shipped,172.39,2026-04-20
930,20,7,card,82078.89,2024-09-28,14,Cancelled,279.62,2025-12-11
931,2,100,cash,89601.25,2025-04-10,29,Delivered,151.81,2025-12-29
932,43,94,card,56448.28,2026-03-07,27,Cancelled,38.75,2026-06-13
933,50,32,card,45943.82,2025-03-20,29,Cancelled,244.21,2025-12-27
934,41,16,wallet,88714.49,2026-08-11,18,Shipped,122.17,2026-08-11
935,23,37,cash,30076.02,2026-06-04,13,Shipped,265.67,2026-06-08
936,36,9,card,6940.27,2026-07-31,1,Shipped,205.97,2026-08-04
937,14,1,cash,53343.79,2025-06-05,23,Shipped,99.06,2025-07-11
938,79,80,cash,61751.87,2025-01-31,29,Delivered,165.14,2025-03-29
939,1,32,cash,27702.88,2024-12-26,23,Delivered,46.49,2026-01-19
940,66,46,cash,38142.54,2025-05-09,15,Delivered,21.75,2025-08-15
941,80,100,card,37475.03,2025-04-06,21,Cancelled,60.49,2026-07-30
942,57,79,wallet,75800.12,2026-01-05,11,Pending,49.72,2026-06-16
943,97,78,wallet,51256.9,2025-01-15,30,Cancelled,29.62,2025-10-24
944,4,84,card,94807.06,2025-10-20,16,Pending,240.38,2026-05-05
945,96,37,card,45776.88,2025-11-13,2,Shipped,38.11,2026-02-10
946,18,34,card,36177.05,2026-05-07,22,Delivered,284.13,2026-07-31
947,20,71,wallet,14130.98,2025-10-07,5,Pending,292.57,2025-10-12
948,31,13,card,5393.64,2025-05-26,10,Pending,167.21,2025-07-27
949,98,11,card,41962.92,2024-10-25,4,Pending,109.41,2025-09-17
950,84,81,card,14947.04,2025-07-17,6,Pending,31.36,2026-02-01
951,67,77,cash,60690.42,2025-05-16,3,Delivered,104.35,2026-07-31
952,91,54,cash,17439.67,2025-04-04,8,Pending,65.44,2026-07-13
953,19,14,cash,2866.93,2025-10-21,12,Cancelled,216.88,2025-12-06
954,45,15,card,40814.27,2025-06-29,26,Pending,96.07,2026-07-12
955,44,60,card,10198.28,2025-12-21,11,Pending,226.97,2026-01-15
956,12,83,cash,99391.32,2025-07-13,25,Shipped,100.66,2026-01-04
957,86,46,cash,2709.18,2026-05-02,27,Cancelled,107.71,2026-07-06
958,24,16,wallet,64224.71,2026-01-27,28,Shipped,155.06,2026-08-09
959,71,44,cash,36031.69,2024-10-24,18,Shipped,241.11,2025-11-02
960,55,88,card,33782.83,2026-03-12,17,Delivered,238.61,2026-03-31
961,83,50,card,30516.15,2024-09-15,24,Delivered,124.33,2026-06-26
962,62,7,wallet,23765.05,2025-10-20,22,Shipped,249.86,2026-01-08
963,16,45,card,57973.75,2025-08-16,22,Shipped,120.31,2026-02-17
964,11,89,wallet,50757.5,2025-02-18,29,Delivered,61.92,2026-08-06
965,2,8,cash,17252.16,2026-05-17,26,Pending,87.65,2026-06-26
966,100,58,cash,1376.42,2025-07-06,28,Delivered,167.37,2026-02-11
967,36,59,cash,69332.25,2026-03-03,9,Shipped,31.07,2026-04-03
968,92,56,card,74481.72,2025-09-21,21,Cancelled,158.26,2025-12-10
969,54,20,wallet,9167.88,2026-07-28,26,Shipped,129.14,2026-08-01
970,17,84,card,80678.13,2025-04-11,23,Delivered,177.67,2025-12-17
971,44,45,card,1160.1,2024-12-27,11,Pending,136.26,2025-01-22
972,51,71,card,79860.68,2025-08-10,11,Delivered,170.41,2025-12-03
973,18,6,card,12468.38,2026-03-04,24,Cancelled,189.13,2026-03-05
974,25,44,card,90932.7,2026-02-28,24,Pending,261.0,2026-03-04
975,58,84,wallet,59305.58,2024-09-06,17,Delivered,62.53,2026-01-15
976,27,47,card,49224.64,2025-03-27,9,Cancelled,245.64,2025-03-30
977,42,5,wallet,25870.58,2025-03-22,26,Cancelled,139.45,2025-11-16
978,88,34,cash,19434.39,2025-08-18,30,Shipped,20.76,2026-02-28
979,73,35,wallet,25627.42,2026-03-31,18,Delivered,79.3,2026-06-23
980,15,2,cash,11088.72,2025-05-08,6,Delivered,32.7,2025-12-20
981,77,10,card,96993.61,2025-05-31,25,Shipped,210.21,2026-01-04
982,36,64,cash,74234.16,2026-04-17,1,Delivered,159.04,2026-07-11
983,26,95,wallet,38833.01,2025-05-12,14,Shipped,197.23,2026-02-27
984,94,86,cash,25184.85,2025-09-13,3,Pending,55.0,2025-12-13
985,74,7,cash,28630.71,2025-07-30,19,Pending,201.3,2025-11-06
986,40,93,card,76678.16,2025-03-28,23,Shipped,131.2,2026-07-08
987,51,50,cash,60465.51,2025-07-06,10,Shipped,103.78,2025-11-28
988,15,49,wallet,25039.66,2026-05-21,19,Shipped,189.67,2026-06-10
989,33,45,card,49669.1,2024-10-28,25,Delivered,47.15,2024-11-01
990,49,100,cash,47891.47,2026-02-03,28,Cancelled,24.44,2026-05-24
991,46,33,cash,46524.2,2025-09-11,23,Delivered,192.42,2026-07-17
992,89,14,card,62168.82,2025-03-25,6,Cancelled,45.86,2026-04-11
993,22,50,wallet,85895.59,2026-05-17,3,Delivered,127.85,2026-07-25
994,70,73,card,70042.95,2026-08-01,1,Delivered,26.48,2026-08-09
995,28,4,wallet,20592.68,2026-03-30,15,Delivered,44.82,2026-03-30
996,41,48,card,86565.65,2025-05-12,21,Cancelled,262.94,2026-08-02
997,66,98,cash,79593.89,2025-04-14,13,Delivered,299.33,2025-05-20
998,23,26,wallet,61501.43,2025-02-20,6,Cancelled,281.0,2025-08-26
999,47,81,wallet,11403.41,2025-05-21,30,Pending,249.6,2025-07-10
1000,60,54,cash,38519.27,2026-05-20,5,Pending,173.2,2026-08-10
1001,92,4,wallet,2777.55,2026-06-07,25,Delivered,178.9,2026-07-28
1002,77,88,wallet,11744.56,2026-03-02,20,Delivered,138.77,2026-07-14
1003,71,88,wallet,13184.49,2025-11-11,8,Pending,142.24,2026-06-24
1004,21,82,cash,94680.92,2024-10-13,16,Cancelled,157.8,2025-04-22
1005,57,46,cash,46118.92,2025-07-24,13,Delivered,205.38,2026-01-26
1006,67,45,card,69664.3,2024-11-22,21,Delivered,84.33,2025-05-05
1007,15,78,cash,79785.09,2025-11-23,14,Shipped,27.1,2026-06-10
1008,97,99,cash,81049.77,2025-04-28,23,Pending,93.69,2026-01-25
1009,38,43,cash,30571.32,2025-04-06,15,Shipped,262.68,2025-09-19
1010,54,92,card,89867.11,2026-03-14,25,Cancelled,270.97,2026-07-06
1011,27,54,cash,13056.36,2026-06-23,10,Pending,120.85,2026-08-03
1012,12,74,card,8965.05,2024-08-19,17,Cancelled,217.14,2025-02-28
1013,76,20,wallet,35462.78,2025-07-14,20,Delivered,80.49,2026-05-07
1014,79,100,cash,76128.3,2025-06-05,26,Delivered,124.29,2026-02-05
1015,97,6,wallet,21773.31,2025-10-11,2,Delivered,228.2,2025-10-20
1016,15,9,wallet,84770.03,2025-01-18,30,Shipped,175.5,2025-10-06
1017,16,66,card,19490.96,2025-08-20,30,Shipped,269.04,2026-07-12
1018,41,84,card,11641.88,2024-11-20,19,Shipped,134.71,2026-06-14
1019,89,42,card,38800.7,2025-03-24,18,Pending,276.98,2025-03-31
1020,38,15,cash,67113.93,2026-02-06,22,Cancelled,122.25,2026-03-03
1021,74,34,card,75467.87,2026-05-12,1,Delivered,141.72,2026-05-26
1022,92,59,wallet,70807.89,2024-12-04,24,Cancelled,265.09,2026-06-14
1023,98,10,cash,38067.55,2026-05-29,23,Cancelled,201.37,2026-06-03
1024,29,44,wallet,51427.03,2025-06-01,10,Cancelled,136.44,2025-12-20
1025,38,38,wallet,16638.05,2025-10-27,8,Pending,108.69,2026-08-06
1026,44,48,card,94772.48,2025-08-01,4,Cancelled,50.69,2026-07-19
1027,27,96,card,73734.99,2025-09-02,17,Pending,117.49,2026-01-07
1028,47,61,cash,56672.76,2024-11-25,7,Pending,248.14,2024-12-12
1029,21,69,card,68006.43,2025-03-18,12,Cancelled,58.96,2026-06-18
1030,42,21,wallet,20011.01,2025-10-14,14,Cancelled,268.02,2025-12-10
1031,91,72,wallet,57566.08,2025-03-05,10,Cancelled,166.32,2026-04-09
1032,49,89,cash,14724.06,2026-07-29,17,Pending,53.24,2026-08-09
1033,35,70,card,33667.93,2024-09-05,30,Shipped,294.42,2025-06-24
1034,79,40,wallet,79645.37,2024-08-29,22,Shipped,112.45,2024-10-05
1035,3,52,cash,59055.1,2024-11-19,22,Cancelled,110.62,2025-11-08
1036,22,98,card,75343.85,2025-07-15,7,Cancelled,200.83,2025-11-26
1037,87,98,wallet,41352.98,2026-04-09,22,Cancelled,293.15,2026-07-02
1038,4,35,card,45096.85,2025-08-23,18,Shipped,127.88,2026-05-30
1039,90,27,cash,546.95,2026-03-26,20,Shipped,58.47,2026-08-03
1040,46,70,wallet,77221.42,2025-07-04,7,Cancelled,46.04,2026-01-19
1041,24,32,wallet,19996.88,2024-12-05,1,Delivered,109.91,2025-09-04
1042,99,47,card,93941.63,2024-12-23,18,Cancelled,147.49,2025-07-10
1043,52,43,cash,54209.59,2024-08-21,16,Cancelled,230.42,2025-06-13
1044,80,29,card,21273.62,2025-06-08,28,Shipped,228.61,2025-12-13
1045,98,96,card,9871.82,2024-11-03,17,Shipped,23.68,2025-03-12
1046,35,68,wallet,39341.64,2026-04-25,14,Cancelled,79.58,2026-06-18
1047,88,78,cash,20947.77,2026-01-16,2,Delivered,236.21,2026-02-18
1048,48,61,wallet,69626.98,2025-01-17,3,Cancelled,279.3,2025-10-20
1049,46,83,wallet,50611.12,2025-02-13,10,Shipped,175.27,2025-12-29
1050,62,38,card,47838.5,2025-06-01,18,Delivered,207.25,2026-03-20
1051,46,42,cash,11637.68,2024-11-30,15,Shipped,239.6,2026-05-05
1052,35,37,wallet,83618.55,2026-08-03,18,Delivered,76.27,2026-08-11
1053,83,43,wallet,63900.75,2026-06-22,17,Pending,42.66,2026-06-22
1054,56,54,wallet,88765.14,2025-07-01,28,Shipped,203.83,2025-07-05
1055,39,71,cash,14733.25,2026-05-13,1,Pending,129.32,2026-07-26
1056,15,40,card,2985.39,2025-10-26,17,Delivered,200.11,2026-04-19
1057,65,41,wallet,54116.08,2026-04-25,2,Cancelled,208.08,2026-07-24
1058,63,46,card,75092.93,2026-01-02,10,Cancelled,123.37,2026-01-06
1059,95,84,card,7695.87,2026-05-04,13,Delivered,119.99,2026-05-24
1060,65,78,cash,51085.05,2025-01-09,6,Delivered,152.83,2026-05-11
1061,2,23,wallet,55238.69,2024-08-30,15,Pending,185.17,2025-01-14
1062,3,53,cash,62190.93,2025-05-21,13,Cancelled,284.54,2025-09-26
1063,30,83,wallet,82617.25,2025-08-16,7,Pending,248.31,2025-10-20
1064,43,31,wallet,8636.07,2024-12-01,25,Cancelled,138.53,2025-07-26
1065,56,50,card,61187.95,2024-10-03,11,Delivered,40.88,2025-09-17
1066,95,28,card,6401.58,2024-09-04,23,Delivered,70.08,2025-07-26
1067,12,76,wallet,37739.76,2026-08-04,2,Delivered,146.06,2026-08-10
1068,59,93,cash,96923.05,2026-01-18,17,Pending,119.58,2026-02-17
1069,92,34,cash,72454.33,2025-09-01,21,Delivered,101.49,2026-07-23
1070,88,11,wallet,93253.78,2025-12-05,4,Shipped,79.63,2026-05-06
1071,44,76,wallet,9471.69,2024-11-15,5,Cancelled,178.54,2026-06-12
1072,8,90,cash,69479.24,2025-11-02,1,Delivered,297.06,2026-02-11
1073,57,23,cash,71987.96,2026-07-03,23,Delivered,125.3,2026-07-19
1074,96,54,wallet,58482.15,2025-12-18,21,Shipped,241.08,2026-06-06
1075,25,46,cash,90964.25,2026-01-12,10,Delivered,176.88,2026-05-20
1076,89,32,cash,31385.37,2025-02-11,30,Pending,41.64,2025-11-09
1077,53,24,cash,16913.6,2024-09-23,20,Shipped,253.98,2025-01-13
1078,18,20,card,55625.63,2026-03-29,18,Delivered,236.55,2026-04-14
1079,97,27,cash,95524.83,2026-07-22,21,Shipped,21.19,2026-07-28
1080,63,40,card,82120.32,2025-08-18,10,Delivered,63.92,2026-01-15
1081,25,69,wallet,98145.14,2025-03-09,28,Pending,195.03,2026-04-10
1082,25,24,card,24603.01,2026-08-12,2,Cancelled,231.82,2026-08-12
1083,55,24,cash,26955.25,2026-02-12,6,Pending,240.87,2026-04-24
1084,87,26,cash,40556.93,2026-06-18,1,Delivered,116.97,2026-07-20
1085,35,62,wallet,19908.09,2025-09-17,24,Pending,25.78,2025-10-26
1086,28,91,cash,49860.12,2024-12-21,18,Pending,46.73,2025-12-16
1087,81,37,card,67083.57,2024-11-02,12,Shipped,107.58,2025-11-06
1088,51,55,cash,34812.65,2025-05-21,25,Cancelled,68.65,2025-06-17
1089,98,14,cash,58697.87,2025-04-08,9,Delivered,51.33,2025-11-27
1090,95,12,card,45630.92,2024-11-28,9,Delivered,165.29,2025-04-19
1091,43,80,cash,52264.19,2024-08-12,26,Cancelled,242.38,2025-01-20
1092,56,38,wallet,2754.64,2024-11-26,18,Pending,295.05,2024-12-10
1093,64,88,cash,19158.2,2026-05-10,30,Delivered,32.2,2026-07-23
1094,63,63,cash,64108.38,2025-10-19,24,Pending,74.62,2026-07-10
1095,62,68,card,4879.35,2026-06-24,14,Shipped,263.41,2026-07-07
1096,51,13,wallet,31770.35,2026-03-21,10,Shipped,184.38,2026-04-14
1097,40,58,card,52184.84,2026-01-27,8,Delivered,143.81,2026-03-29
1098,87,84,cash,46247.08,2026-01-25,9,Shipped,89.63,2026-04-28
1099,1,31,card,4133.27,2026-05-16,18,Cancelled,92.65,2026-07-08
1100,75,3,cash,29988.17,2026-06-11,6,Cancelled,217.66,2026-06-17
1101,72,79,wallet,75831.32,2025-07-09,28,Pending,61.35,2025-07-25
1102,95,15,cash,59412.86,2026-02-10,30,Shipped,246.96,2026-06-08
1103,60,74,cash,66344.07,2026-05-10,14,Cancelled,110.3,2026-05-18
1104,11,57,cash,24043.1,2026-06-05,17,Delivered,275.22,2026-06-13
1105,99,60,card,30390.29,2024-10-23,17,Pending,46.99,2025-01-31
1106,81,91,card,12599.1,2025-11-02,9,Shipped,296.46,2025-12-17
1107,55,51,wallet,79825.64,2026-02-16,15,Pending,189.65,2026-07-03
1108,54,77,wallet,27329.34,2025-09-13,15,Cancelled,176.97,2026-02-21
1109,29,82,cash,46818.42,2026-03-04,19,Shipped,120.07,2026-04-21
1110,11,28,wallet,36479.44,2024-11-18,21,Pending,105.44,2026-02-02
1111,11,79,card,61813.77,2026-03-31,5,Delivered,279.1,2026-07-16
1112,78,42,cash,46825.91,2025-06-18,8,Pending,164.13,2026-08-08
1113,77,4,wallet,30692.21,2026-03-17,9,Shipped,213.25,2026-05-01
1114,85,37,card,99335.77,2025-07-22,3,Shipped,126.81,2025-08-08
1115,60,55,wallet,62559.49,2026-07-25,16,Cancelled,157.21,2026-08-06
1116,48,27,wallet,80601.21,2025-06-04,4,Shipped,75.34,2025-06-04
1117,4,62,card,37367.56,2024-09-26,30,Shipped,286.8,2025-03-26
1118,42,59,cash,40550.52,2026-01-28,6,Delivered,98.55,2026-02-05
1119,90,87,cash,50763.9,2024-12-15,16,Pending,90.69,2026-03-17
1120,97,19,card,35966.94,2025-09-17,27,Shipped,236.99,2026-01-07
1121,12,94,wallet,47873.31,2025-02-02,17,Cancelled,54.88,2026-06-23
1122,38,15,cash,39837.79,2026-06-23,17,Pending,272.81,2026-07-19
1123,42,68,cash,46354.92,2025-07-23,18,Cancelled,44.55,2026-04-15
1124,46,98,wallet,80089.4,2025-03-10,8,Cancelled,128.22,2026-07-26
1125,62,59,wallet,48938.56,2024-10-04,30,Cancelled,215.39,2024-11-28
1126,35,8,wallet,70126.43,2026-04-03,7,Delivered,189.79,2026-07-11
1127,7,95,wallet,9914.42,2024-12-09,25,Delivered,279.44,2024-12-14
1128,34,19,wallet,93315.78,2026-03-21,22,Pending,22.8,2026-06-30
1129,40,48,cash,51596.49,2024-12-29,28,Pending,182.76,2025-11-03
1130,82,38,wallet,974.85,2025-04-08,23,Cancelled,57.26,2026-06-14
1131,95,59,card,36782.13,2026-06-24,17,Pending,197.62,2026-06-30
1132,20,13,card,93176.35,2025-12-09,14,Delivered,98.32,2026-06-01
1133,19,78,wallet,28466.2,2024-10-16,21,Cancelled,223.99,2024-10-23
1134,27,28,wallet,63875.05,2026-03-24,27,Delivered,169.45,2026-04-09
1135,34,97,card,78850.83,2025-08-28,30,Pending,141.29,2025-09-04
1136,28,7,card,6310.55,2025-02-06,3,Cancelled,20.58,2025-03-21
1137,51,19,card,95756.08,2026-01-26,18,Shipped,288.84,2026-05-08
1138,100,24,card,33567.35,2026-06-15,17,Delivered,67.1,2026-08-05
1139,53,98,cash,21633.29,2025-05-26,16,Cancelled,35.8,2025-05-27
1140,81,77,wallet,59864.1,2025-06-18,17,Pending,275.89,2026-05-16
1141,59,22,wallet,19955.18,2025-07-27,11,Cancelled,265.58,2025-09-02
1142,92,14,card,41822.23,2026-01-15,13,Cancelled,277.5,2026-02-25
1143,71,69,card,58724.46,2025-06-08,23,Delivered,186.24,2025-06-26
1144,1,56,card,54347.7,2025-07-09,5,Delivered,218.45,2026-02-03
1145,65,45,cash,36819.7,2025-12-13,23,Shipped,299.91,2026-06-09
1146,7,26,wallet,39466.55,2026-03-22,28,Delivered,224.75,2026-05-24
1147,92,60,wallet,23554.66,2026-05-09,23,Pending,206.78,2026-05-27
1148,52,26,cash,63147.34,2025-03-25,1,Shipped,94.64,2025-10-10
1149,32,87,cash,14458.12,2025-01-25,22,Pending,88.75,2025-05-23
1150,66,71,card,15222.35,2024-09-06,2,Delivered,35.71,2024-10-28
1151,98,97,card,85196.19,2026-03-05,23,Shipped,267.81,2026-04-06
1152,92,20,card,22993.55,2025-05-02,24,Cancelled,181.21,2025-06-09
1153,9,85,wallet,45863.12,2025-01-23,11,Pending,250.2,2026-02-13
1154,13,11,card,72212.92,2026-05-14,26,Delivered,73.56,2026-05-16
1155,39,20,card,84186.11,2025-04-09,2,Cancelled,104.76,2026-04-11
1156,72,29,cash,63594.1,2025-11-03,12,Delivered,291.91,2025-11-18
1157,35,41,cash,93208.86,2026-03-17,13,Delivered,92.47,2026-05-08
1158,25,45,wallet,57180.18,2025-05-17,13,Delivered,228.82,2025-10-08
1159,37,9,card,70056.05,2024-12-11,25,Shipped,61.06,2026-03-04
1160,40,71,card,65473.97,2026-08-10,2,Delivered,29.7,2026-08-10
1161,61,73,cash,91320.66,2025-03-21,11,Cancelled,22.42,2026-08-02
1162,3,92,cash,14515.33,2026-04-11,26,Shipped,68.99,2026-06-29
1163,81,35,card,81041.68,2025-03-31,22,Cancelled,285.69,2025-05-02
1164,32,4,cash,45790.33,2026-07-29,19,Shipped,179.62,2026-08-08
1165,66,12,card,36434.61,2025-06-05,29,Pending,33.24,2025-08-03
1166,36,28,card,30325.24,2025-05-27,29,Pending,109.68,2026-05-25
1167,90,86,wallet,45960.84,2024-09-03,24,Cancelled,129.32,2025-09-14
1168,14,97,cash,14012.39,2026-03-04,3,Delivered,117.3,2026-05-09
1169,59,66,wallet,10064.3,2025-01-26,30,Cancelled,118.23,2025-12-29
1170,41,84,cash,24734.21,2026-07-14,14,Pending,235.29,2026-08-02
1171,85,43,wallet,2299.01,2025-06-19,10,Shipped,96.74,2026-01-14
1172,83,92,card,75880.72,2025-04-21,20,Shipped,60.64,2025-06-14
1173,82,71,cash,97964.9,2026-03-04,5,Shipped,87.48,2026-04-19
1174,94,47,card,31046.99,2025-11-10,14,Delivered,270.11,2026-02-14
1175,78,48,wallet,41821.84,2024-10-03,23,Cancelled,244.47,2026-06-22
1176,18,78,wallet,71410.64,2025-03-07,28,Shipped,35.86,2026-04-24
1177,51,9,card,6678.95,2026-03-14,5,Shipped,176.62,2026-04-17
1178,39,81,cash,79148.41,2026-08-06,6,Pending,186.62,2026-08-11
1179,95,20,wallet,17533.98,2025-03-21,17,Shipped,150.71,2025-06-16
1180,20,6,wallet,13482.86,2025-08-31,18,Delivered,112.59,2026-01-29
1181,91,27,wallet,41945.4,2025-10-10,4,Delivered,40.65,2026-06-03
1182,65,36,wallet,14796.76,2026-06-25,22,Delivered,236.18,2026-06-30
1183,77,17,cash,3196.58,2025-05-01,20,Cancelled,195.8,2025-11-19
1184,18,24,cash,19103.18,2024-10-07,9,Shipped,297.76,2025-08-10
1185,48,7,wallet,2254.8,2025-02-17,24,Delivered,21.88,2025-09-26
1186,83,79,wallet,99747.51,2024-11-24,28,Cancelled,189.01,2026-05-30
1187,4,63,card,45492.48,2026-05-17,22,Shipped,78.55,2026-05-27
1188,41,44,card,98100.05,2024-11-22,17,Cancelled,288.08,2026-07-08
1189,35,57,cash,37189.59,2025-05-28,15,Cancelled,160.0,2025-08-30
1190,17,82,card,61034.51,2025-11-21,4,Shipped,231.76,2025-12-04
1191,56,48,cash,93996.33,2025-11-15,19,Pending,31.5,2026-04-01
1192,5,78,cash,96189.71,2026-01-27,26,Delivered,206.86,2026-07-15
1193,5,75,card,33128.43,2025-12-16,28,Delivered,159.56,2026-04-20
1194,35,51,wallet,4294.17,2025-11-30,20,Shipped,113.27,2026-08-03
1195,88,85,cash,83068.4,2025-11-07,30,Delivered,73.21,2026-02-11
1196,55,11,cash,82024.91,2025-12-05,13,Shipped,141.27,2026-07-06
1197,6,66,card,75726.21,2026-05-29,21,Cancelled,217.83,2026-07-04
1198,4,49,cash,57025.49,2024-10-22,16,Shipped,87.86,2025-02-10
1199,50,12,wallet,15580.44,2025-04-12,18,Pending,142.21,2026-01-16
1200,6,24,cash,7369.09,2026-07-12,28,Pending,247.07,2026-08-10
1201,63,63,card,29529.79,2025-04-23,1,Pending,255.5,2026-07-28
1202,71,92,cash,10402.47,2025-04-01,3,Delivered,95.02,2026-07-12
1203,24,12,card,53564.65,2026-01-11,7,Cancelled,25.51,2026-03-13
1204,21,31,card,80197.96,2024-08-19,15,Pending,139.26,2025-06-09
1205,30,43,wallet,38489.43,2025-04-27,10,Delivered,116.46,2025-08-28
1206,36,44,card,65751.64,2025-01-06,24,Delivered,113.71,2025-12-06
1207,13,77,wallet,1759.29,2026-05-19,11,Delivered,165.48,2026-06-07
1208,3,44,card,94352.19,2024-09-26,21,Delivered,287.32,2024-12-02
1209,99,63,cash,22312.7,2026-07-31,18,Shipped,196.64,2026-08-07
1210,2,89,cash,24463.21,2025-05-27,24,Delivered,40.9,2025-11-07
1211,9,93,cash,46135.09,2024-11-21,13,Delivered,258.64,2024-12-05
1212,73,60,wallet,84103.58,2025-08-17,23,Pending,44.66,2025-10-10
1213,26,21,card,73889.89,2024-11-02,27,Pending,227.56,2026-05-09
1214,1,15,cash,26125.73,2025-09-21,12,Shipped,66.24,2026-07-19
1215,65,76,card,31656.26,2026-02-01,22,Shipped,283.72,2026-07-14
1216,13,46,cash,33869.71,2024-11-30,27,Cancelled,166.98,2025-06-29
1217,67,44,wallet,62121.72,2024-09-12,18,Shipped,244.99,2026-05-03
1218,65,14,cash,91025.51,2025-02-07,29,Pending,38.11,2026-04-06
1219,17,31,wallet,37007.02,2026-06-12,30,Delivered,59.99,2026-08-04
1220,24,51,wallet,35535.33,2025-10-21,28,Pending,110.5,2026-08-05
1221,57,41,card,18532.89,2024-10-19,16,Delivered,188.98,2025-03-17
1222,43,33,wallet,68931.12,2025-10-02,27,Pending,55.67,2026-06-19
1223,19,60,cash,5252.19,2025-12-15,2,Shipped,222.55,2026-01-31
1224,61,36,wallet,24933.85,2025-09-04,7,Pending,216.39,2026-04-16
1225,51,14,wallet,51663.66,2026-05-27,11,Delivered,98.1,2026-05-31
1226,26,38,card,44127.39,2026-08-08,27,Cancelled,66.19,2026-08-09
1227,77,68,wallet,56369.97,2024-10-21,24,Cancelled,286.35,2024-11-11
1228,85,15,wallet,51648.1,2025-10-24,2,Shipped,192.13,2026-04-20
1229,75,2,card,44343.26,2024-09-13,23,Shipped,277.51,2024-09-30
1230,30,2,wallet,78780.09,2025-09-14,11,Shipped,125.5,2026-05-05
1231,49,4,cash,44383.92,2025-01-21,4,Cancelled,23.67,2025-02-10
1232,69,33,wallet,59927.23,2026-07-05,6,Cancelled,70.59,2026-07-24
1233,90,53,card,80914.94,2025-09-09,15,Cancelled,95.4,2026-06-12
1234,51,63,card,40739.65,2026-07-12,6,Cancelled,37.4,2026-07-17
1235,37,92,cash,48683.68,2026-06-29,13,Delivered,135.58,2026-07-03
1236,72,36,card,77419.56,2025-02-12,22,Cancelled,181.89,2026-05-15
1237,53,87,wallet,54241.26,2024-11-29,3,Cancelled,227.6,2025-02-21
1238,75,7,card,71958.35,2026-01-29,22,Delivered,296.21,2026-02-24
1239,43,52,cash,2998.84,2024-08-15,6,Shipped,139.46,2025-11-02
1240,27,27,wallet,74596.38,2025-10-17,16,Pending,115.3,2026-05-10
1241,88,5,card,18853.09,2025-10-11,3,Cancelled,143.1,2026-03-29
1242,56,73,cash,35890.39,2025-05-15,13,Delivered,174.8,2026-05-29
1243,21,68,card,62621.57,2026-02-13,12,Cancelled,186.64,2026-05-16
1244,87,96,cash,39932.83,2026-07-11,13,Cancelled,209.86,2026-07-27
1245,6,95,cash,8488.71,2026-07-09,20,Delivered,87.94,2026-07-30
1246,33,85,card,31682.02,2024-11-03,5,Delivered,226.07,2025-02-02
1247,98,4,cash,97475.79,2024-10-05,29,Delivered,49.26,2025-12-19
1248,64,65,card,4926.69,2024-09-03,26,Delivered,48.18,2026-01-10
1249,39,77,card,55725.24,2025-01-16,15,Delivered,44.07,2026-01-15
1250,9,48,wallet,90398.25,2025-11-13,21,Delivered,166.6,2026-03-13
1251,52,32,cash,54293.04,2025-03-24,21,Pending,69.78,2025-08-25
1252,72,28,cash,25710.23,2024-10-26,6,Cancelled,114.68,2026-08-06
1253,41,59,card,88715.33,2025-08-04,26,Shipped,286.81,2026-01-21
1254,57,4,cash,10544.64,2026-07-18,20,Shipped,271.74,2026-07-26
1255,94,5,wallet,3371.2,2025-12-23,22,Shipped,255.65,2026-02-08
1256,94,70,card,670.57,2025-11-23,3,Shipped,192.4,2026-07-17
1257,43,81,cash,54687.17,2026-08-11,12,Pending,276.8,2026-08-12
1258,90,44,cash,82625.67,2025-03-14,10,Pending,203.14,2025-05-21
1259,22,66,cash,89635.76,2025-08-26,27,Delivered,123.23,2026-07-11
1260,25,15,wallet,55782.77,2026-02-14,6,Pending,86.36,2026-04-12
1261,76,83,wallet,5967.18,2026-03-20,26,Pending,208.99,2026-03-27
1262,30,7,wallet,75937.03,2024-09-02,21,Shipped,204.12,2026-07-06
1263,72,1,wallet,3724.25,2024-12-21,29,Delivered,48.86,2025-02-21
1264,52,25,wallet,48252.41,2026-03-01,10,Cancelled,274.68,2026-06-06
1265,38,26,card,49016.34,2026-01-15,5,Delivered,173.21,2026-04-25
1266,13,1,card,12706.29,2025-08-13,8,Pending,112.88,2026-05-22
1267,14,29,card,64030.06,2025-10-19,21,Shipped,248.48,2025-10-23
1268,2,79,cash,66138.33,2025-01-17,16,Cancelled,256.46,2025-03-01
1269,84,40,card,4523.34,2026-07-29,8,Delivered,80.75,2026-08-04
1270,86,18,cash,17499.64,2026-04-17,20,Cancelled,101.81,2026-04-23
1271,42,30,wallet,50908.16,2026-08-01,6,Delivered,204.95,2026-08-01
1272,47,31,card,71468.61,2025-08-30,12,Cancelled,230.34,2026-05-03
1273,54,93,wallet,4597.05,2026-07-22,25,Delivered,229.04,2026-07-24
1274,45,62,cash,20064.02,2025-11-04,23,Pending,228.96,2026-03-01
1275,21,98,wallet,9302.7,2026-05-20,4,Pending,149.92,2026-08-04
1276,6,42,cash,17312.61,2026-07-21,28,Cancelled,100.95,2026-08-07
1277,29,26,cash,98765.47,2026-05-05,20,Cancelled,276.71,2026-06-01
1278,10,78,cash,78084.83,2025-11-27,17,Pending,244.69,2026-03-28
1279,16,7,card,38804.19,2026-07-09,21,Delivered,160.08,2026-07-20
1280,47,56,card,51469.57,2025-01-01,20,Cancelled,174.87,2026-05-15
1281,7,63,cash,93400.9,2024-10-02,8,Shipped,198.6,2025-03-04
1282,25,93,cash,33196.04,2026-08-06,21,Shipped,209.53,2026-08-08
1283,46,73,wallet,93918.0,2026-08-08,15,Shipped,277.74,2026-08-12
1284,3,60,wallet,14292.59,2024-12-26,30,Delivered,186.96,2025-06-02
1285,97,18,card,51681.01,2026-05-12,20,Shipped,225.61,2026-06-10
1286,32,2,cash,75315.44,2025-02-17,26,Cancelled,262.28,2025-08-10
1287,61,4,wallet,70083.42,2026-04-23,24,Delivered,95.95,2026-05-06
1288,92,91,card,22865.46,2025-09-28,3,Cancelled,259.19,2025-12-21
1289,80,57,card,34542.28,2025-01-20,21,Cancelled,24.89,2026-01-13
1290,12,86,card,2414.22,2024-10-25,6,Delivered,283.19,2025-10-25
1291,52,18,wallet,51610.3,2024-11-23,28,Cancelled,219.63,2025-04-12
1292,9,35,wallet,6813.18,2025-05-18,17,Pending,122.98,2026-02-03
1293,33,8,cash,25670.54,2025-06-04,3,Shipped,36.93,2025-09-06
1294,61,99,wallet,16548.15,2026-03-28,27,Delivered,91.17,2026-05-07
1295,51,3,card,90632.34,2026-04-21,19,Delivered,126.6,2026-06-18
1296,72,17,cash,75958.62,2025-10-23,5,Pending,239.19,2026-04-28
1297,89,7,card,55979.57,2025-08-13,10,Shipped,99.29,2025-12-20
1298,94,19,wallet,51830.55,2026-02-15,30,Delivered,45.45,2026-05-23
1299,76,95,wallet,6337.92,2025-05-25,5,Cancelled,128.77,2025-12-31
1300,93,29,card,9571.77,2026-06-24,20,Cancelled,64.19,2026-06-30
1301,60,62,card,34618.76,2025-10-01,6,Delivered,20.83,2026-04-01
1302,19,84,wallet,23298.18,2024-11-10,25,Shipped,249.31,2025-03-18
1303,61,92,card,45163.6,2025-05-29,11,Delivered,72.79,2025-12-24
1304,12,29,cash,21305.79,2025-08-20,10,Cancelled,232.15,2026-04-15
1305,96,31,card,10113.16,2025-07-05,6,Cancelled,190.78,2025-10-07
1306,82,60,wallet,56083.91,2026-01-11,6,Pending,159.53,2026-04-13
1307,24,82,wallet,53020.14,2026-07-04,21,Shipped,54.58,2026-08-02
1308,99,91,wallet,20806.48,2024-09-02,22,Cancelled,113.43,2025-04-02
1309,83,35,cash,60468.72,2026-02-20,15,Shipped,101.04,2026-04-23
1310,14,67,card,23432.55,2025-12-15,4,Shipped,290.79,2026-03-09
1311,99,66,cash,23664.85,2026-04-09,29,Delivered,111.47,2026-06-23
1312,64,46,card,46347.77,2026-08-09,17,Pending,75.95,2026-08-09
1313,11,64,cash,62008.47,2025-05-05,20,Delivered,63.36,2026-08-04
1314,48,29,cash,91749.13,2025-08-27,20,Shipped,175.54,2026-06-07
1315,88,6,card,91626.52,2024-08-28,8,Cancelled,107.9,2026-01-19
1316,75,80,wallet,33479.99,2026-03-17,27,Delivered,240.28,2026-04-23
1317,1,21,card,18918.72,2025-05-25,30,Delivered,154.33,2025-10-08
1318,2,79,card,60874.68,2026-01-29,18,Cancelled,209.09,2026-01-29
1319,10,59,wallet,71718.51,2026-07-27,6,Cancelled,96.18,2026-08-01
1320,36,45,wallet,51499.39,2026-04-01,6,Shipped,105.54,2026-06-19
1321,80,26,card,28724.91,2025-12-06,15,Cancelled,294.66,2026-05-25
1322,99,38,card,93900.15,2025-12-29,13,Cancelled,20.09,2026-02-28
1323,1,24,wallet,11284.45,2025-04-08,15,Cancelled,45.0,2026-03-17
1324,70,67,wallet,87930.83,2025-04-03,6,Shipped,181.52,2026-04-03
1325,3,21,wallet,50714.16,2025-10-21,10,Pending,213.02,2025-11-24
1326,74,19,wallet,58454.45,2024-08-19,2,Cancelled,171.95,2025-07-12
1327,18,12,wallet,2822.45,2024-08-30,21,Cancelled,92.66,2025-09-30
1328,8,2,wallet,93396.32,2026-01-02,9,Delivered,242.72,2026-07-26
1329,42,86,cash,73836.14,2025-05-14,25,Pending,213.98,2026-05-19
1330,89,46,card,66201.75,2025-09-28,17,Pending,172.32,2025-10-30
1331,87,35,cash,71909.5,2026-03-24,29,Pending,241.59,2026-04-07
1332,38,25,card,97334.95,2025-11-21,29,Delivered,207.53,2026-07-20
1333,87,91,card,15257.79,2025-02-02,17,Shipped,105.49,2025-05-01
1334,22,52,cash,86147.91,2025-10-24,27,Shipped,188.68,2026-04-05
1335,86,53,wallet,12843.28,2026-06-21,16,Shipped,44.62,2026-08-11
1336,84,91,wallet,66070.09,2025-05-29,10,Cancelled,142.62,2025-10-28
1337,54,26,wallet,72169.18,2025-06-06,16,Pending,135.49,2026-08-10
1338,25,32,card,59779.27,2026-03-02,8,Delivered,43.99,2026-07-03
1339,70,39,card,49448.47,2025-11-08,13,Cancelled,194.04,2026-07-29
1340,33,20,card,56332.88,2025-01-26,10,Cancelled,177.21,2025-05-11
1341,24,46,cash,73863.58,2025-10-26,11,Pending,236.43,2025-11-26
1342,73,38,wallet,28780.24,2026-05-05,3,Cancelled,153.34,2026-05-27
1343,98,76,cash,41287.87,2025-11-15,20,Delivered,80.43,2026-04-24
1344,16,26,card,96616.18,2025-06-13,28,Cancelled,116.19,2026-02-24
1345,8,71,card,98115.95,2026-06-01,14,Delivered,74.88,2026-06-02
1346,70,77,cash,56275.59,2024-08-18,23,Shipped,181.93,2025-08-03
1347,70,55,cash,83368.2,2024-09-30,1,Delivered,236.71,2026-05-10
1348,6,36,wallet,62804.26,2026-03-28,26,Pending,204.98,2026-04-30
1349,20,8,cash,60254.72,2026-04-21,12,Delivered,275.51,2026-06-18
1350,2,24,card,71919.32,2025-07-30,25,Cancelled,198.18,2026-01-01
1351,67,33,card,1192.2,2025-01-06,17,Delivered,21.19,2026-05-27
1352,87,11,cash,19367.26,2026-05-13,23,Delivered,134.17,2026-05-17
1353,34,82,wallet,53143.12,2025-06-04,5,Shipped,174.33,2026-05-20
1354,53,8,card,32725.97,2025-05-09,8,Cancelled,221.44,2025-11-19
1355,21,87,wallet,19285.14,2024-10-21,10,Pending,206.21,2025-06-09
1356,79,76,cash,20532.3,2026-06-28,1,Shipped,201.75,2026-06-29
1357,82,25,cash,98618.13,2025-07-10,29,Delivered,184.53,2025-09-03
1358,97,72,wallet,59849.03,2025-02-11,28,Delivered,235.35,2026-03-12
1359,65,94,card,81303.3,2026-05-20,28,Cancelled,85.32,2026-06-25
1360,49,24,wallet,4854.52,2024-12-01,13,Pending,95.99,2025-05-18
1361,71,66,card,16203.71,2026-02-08,3,Cancelled,180.57,2026-05-14
1362,27,56,wallet,18801.34,2025-04-29,15,Cancelled,24.34,2026-02-24
1363,81,24,wallet,2448.01,2024-12-08,5,Shipped,184.93,2025-01-19
1364,50,35,cash,91185.16,2026-01-07,25,Cancelled,265.77,2026-06-26
1365,37,3,wallet,36295.5,2024-11-13,1,Shipped,157.51,2025-01-28
1366,12,85,cash,38019.14,2026-05-21,2,Pending,110.49,2026-06-12
1367,21,30,wallet,26598.33,2024-10-30,7,Shipped,72.25,2026-06-10
1368,45,87,cash,28983.77,2026-06-09,30,Shipped,225.79,2026-08-01
1369,28,19,card,80095.99,2024-10-05,1,Cancelled,285.52,2026-01-21
1370,82,45,cash,23556.33,2025-01-12,11,Pending,273.62,2025-04-19
1371,12,64,cash,37979.19,2025-02-02,24,Shipped,196.12,2025-04-20
1372,78,88,card,14215.39,2026-07-11,29,Shipped,209.9,2026-07-24
1373,12,45,card,80900.97,2025-01-11,2,Delivered,263.31,2026-05-19
1374,56,21,card,90180.29,2026-04-14,30,Pending,188.4,2026-06-03
1375,25,85,card,27808.23,2026-01-15,11,Pending,295.76,2026-06-18
1376,20,60,wallet,44856.52,2025-01-18,1,Shipped,236.43,2025-07-12
1377,97,98,card,16844.6,2026-04-27,2,Cancelled,204.23,2026-06-27
1378,28,57,cash,52732.74,2026-07-08,11,Delivered,46.82,2026-08-11
1379,69,38,cash,41495.32,2026-01-20,1,Cancelled,30.71,2026-02-07
1380,64,36,card,99298.54,2026-01-05,12,Delivered,209.56,2026-06-23
1381,33,59,card,60938.7,2025-06-22,14,Delivered,201.61,2026-03-16
1382,18,9,wallet,45314.48,2025-02-05,13,Pending,294.75,2025-10-13
1383,50,87,cash,8057.52,2024-11-30,27,Cancelled,223.36,2025-11-16
1384,97,48,wallet,24620.29,2026-01-12,3,Pending,146.14,2026-06-23
1385,1,40,cash,29343.96,2026-05-09,17,Pending,110.43,2026-07-11
1386,34,44,cash,2158.35,2025-11-29,14,Cancelled,168.63,2026-04-10
1387,69,90,card,82420.81,2026-06-12,1,Pending,37.77,2026-06-30
1388,53,48,card,45485.07,2026-06-02,13,Shipped,245.25,2026-06-17
1389,83,40,cash,76888.95,2024-09-06,23,Cancelled,146.97,2025-01-14
1390,78,38,wallet,70111.18,2025-12-13,28,Cancelled,20.31,2026-02-20
1391,49,59,cash,97310.17,2025-08-15,9,Delivered,239.54,2026-02-20
1392,23,52,card,13341.72,2025-12-26,15,Pending,200.37,2025-12-28
1393,64,52,cash,15934.72,2024-09-09,26,Delivered,191.25,2026-05-15
1394,19,42,card,22518.95,2024-12-30,10,Shipped,202.11,2025-02-10
1395,11,73,card,31131.76,2025-10-02,20,Shipped,240.49,2025-11-08
1396,3,67,card,94315.29,2025-11-02,28,Shipped,233.59,2025-12-20
1397,56,19,card,15146.4,2026-06-19,22,Shipped,39.11,2026-07-19
1398,33,27,card,99117.6,2025-07-25,16,Cancelled,115.74,2025-11-23
1399,75,96,cash,91834.56,2025-07-02,23,Cancelled,171.55,2026-02-13
1400,5,94,card,37175.75,2025-08-11,24,Pending,86.21,2026-05-10
1401,4,6,cash,27937.99,2025-12-26,28,Shipped,227.79,2026-02-17
1402,84,98,wallet,46531.22,2025-07-25,7,Delivered,190.48,2026-05-23
1403,11,6,wallet,14392.21,2026-03-27,11,Shipped,25.87,2026-04-21
1404,55,44,card,40887.83,2025-12-15,26,Delivered,293.13,2026-08-08
1405,74,87,card,72203.19,2026-08-08,11,Delivered,241.19,2026-08-12
1406,40,55,card,55539.74,2025-01-31,5,Shipped,171.49,2025-06-05
1407,5,28,cash,81740.34,2025-10-04,25,Delivered,227.22,2026-06-18
1408,72,11,wallet,87769.05,2025-04-12,11,Delivered,296.56,2026-07-23
1409,95,98,card,93997.89,2024-12-18,5,Pending,268.42,2026-05-27
1410,43,87,card,87086.77,2025-09-06,18,Cancelled,39.72,2025-11-08
1411,55,74,wallet,88814.39,2025-09-30,21,Cancelled,171.63,2026-06-26
1412,6,84,wallet,76357.44,2025-04-08,14,Cancelled,221.09,2026-07-11
1413,61,90,wallet,64572.74,2024-09-18,25,Pending,125.42,2024-12-18
1414,58,86,cash,5919.37,2026-01-16,8,Cancelled,52.35,2026-05-06
1415,58,11,card,184.46,2024-09-04,20,Delivered,252.82,2025-11-07
1416,79,19,card,69521.45,2025-06-22,29,Delivered,246.02,2026-05-04
1417,37,79,wallet,71278.5,2025-09-23,21,Cancelled,286.96,2026-04-11
1418,24,24,wallet,22082.48,2025-02-02,9,Cancelled,87.93,2026-07-15
1419,50,36,card,60955.27,2025-07-11,20,Delivered,166.55,2025-08-29
1420,15,71,card,83222.45,2024-10-30,12,Cancelled,79.45,2026-06-02
1421,25,95,card,73527.66,2025-01-14,7,Cancelled,106.67,2025-01-16
1422,40,7,cash,97808.14,2025-11-09,18,Shipped,160.41,2025-12-22
1423,1,38,wallet,98527.15,2026-07-19,12,Delivered,281.64,2026-08-03
1424,62,19,wallet,44809.24,2026-07-11,22,Delivered,265.6,2026-08-11
1425,68,64,card,49447.29,2025-09-22,18,Cancelled,132.81,2025-11-13
1426,69,78,wallet,62504.49,2025-11-21,18,Cancelled,85.0,2025-11-26
1427,2,38,cash,46374.46,2025-06-29,11,Cancelled,83.41,2025-12-30
1428,90,44,cash,65379.61,2026-07-14,21,Shipped,130.05,2026-07-17
1429,95,98,wallet,88804.61,2024-09-19,3,Pending,32.13,2026-05-04
1430,44,45,cash,79843.59,2025-09-05,16,Pending,35.87,2025-11-20
1431,39,50,cash,5522.75,2026-05-10,22,Cancelled,46.1,2026-07-24
1432,38,27,card,26364.28,2025-01-30,26,Delivered,116.96,2025-10-15
1433,23,65,cash,83764.2,2025-06-20,25,Cancelled,267.9,2025-09-06
1434,47,56,wallet,7631.27,2025-04-16,9,Delivered,23.98,2026-02-11
1435,25,52,card,25603.31,2026-08-05,2,Cancelled,54.41,2026-08-11
1436,93,94,cash,46492.65,2026-07-22,6,Cancelled,243.75,2026-07-29
1437,97,53,cash,53472.81,2025-02-09,1,Pending,160.35,2025-02-21
1438,79,89,wallet,62358.38,2024-09-04,11,Pending,226.16,2025-04-20
1439,63,20,card,18777.85,2025-08-12,29,Cancelled,120.04,2026-05-05
1440,3,89,card,17736.36,2026-01-11,5,Cancelled,239.43,2026-07-16
1441,91,81,cash,21194.86,2025-07-16,9,Pending,101.6,2025-08-04
1442,69,73,wallet,15658.01,2024-12-19,27,Cancelled,253.9,2025-01-30
1443,88,7,card,28170.47,2026-02-27,22,Cancelled,260.0,2026-06-05
1444,91,38,wallet,62310.29,2024-09-08,6,Shipped,54.0,2026-06-18
1445,40,25,cash,20441.56,2026-07-06,18,Delivered,140.97,2026-08-01
1446,7,2,card,91241.83,2025-03-10,8,Delivered,126.02,2025-05-27
1447,85,42,cash,10256.12,2024-09-30,7,Shipped,24.02,2024-11-02
1448,45,75,card,181.72,2025-08-11,1,Shipped,184.23,2026-07-03
1449,98,33,wallet,65718.85,2025-03-09,2,Delivered,128.54,2025-12-19
1450,81,57,wallet,58066.78,2024-09-08,18,Cancelled,254.38,2024-11-22
1451,13,29,wallet,409.18,2025-02-22,6,Cancelled,225.7,2026-05-07
1452,28,87,cash,70954.77,2025-04-04,3,Delivered,91.56,2026-04-17
1453,86,4,card,16986.8,2026-08-05,30,Shipped,94.64,2026-08-08
1454,47,4,cash,95378.26,2025-01-27,17,Cancelled,53.35,2025-06-03
1455,54,46,cash,60399.82,2026-07-02,2,Pending,68.91,2026-07-22
1456,91,69,card,39455.12,2025-08-30,12,Pending,296.03,2026-05-23
1457,37,26,cash,57753.92,2026-03-03,15,Pending,231.13,2026-06-26
1458,31,84,cash,78205.92,2026-07-20,8,Delivered,146.57,2026-08-04
1459,19,23,wallet,50115.26,2024-09-07,6,Shipped,266.42,2026-07-23
1460,6,16,wallet,13687.34,2024-09-09,15,Shipped,56.69,2025-09-24
1461,7,94,wallet,29148.11,2025-12-18,21,Delivered,292.48,2026-01-07
1462,78,70,card,84814.0,2026-03-20,29,Shipped,43.97,2026-05-11
1463,63,85,card,98895.47,2025-08-04,17,Cancelled,172.02,2025-09-29
1464,66,60,wallet,62863.61,2025-07-20,14,Shipped,123.51,2025-10-20
1465,46,100,card,59311.71,2025-12-25,12,Shipped,121.68,2026-01-07
1466,75,13,cash,71976.78,2024-11-20,16,Shipped,157.54,2025-05-08
1467,87,73,cash,59820.33,2025-08-18,26,Delivered,138.98,2025-12-26
1468,97,99,card,40889.3,2026-03-18,22,Pending,147.89,2026-05-04
1469,60,23,card,21532.82,2025-01-02,15,Pending,273.47,2025-11-20
1470,2,51,card,91321.25,2025-05-04,9,Cancelled,90.8,2026-04-29
1471,35,78,cash,49737.23,2025-09-05,5,Pending,46.62,2025-12-05
1472,48,70,cash,54257.81,2026-07-22,22,Pending,115.93,2026-08-08
1473,31,18,wallet,98885.18,2026-07-14,29,Pending,110.99,2026-08-10
1474,39,9,card,22803.72,2025-01-09,23,Delivered,38.72,2025-06-12
1475,74,55,cash,79625.39,2025-05-29,19,Delivered,176.69,2025-06-25
1476,53,88,card,14315.87,2026-05-01,8,Pending,230.57,2026-05-01
1477,21,95,card,80842.15,2025-02-19,28,Delivered,246.01,2026-06-17
1478,94,62,wallet,7340.77,2024-09-25,24,Shipped,298.84,2024-10-13
1479,74,5,wallet,76854.83,2026-05-27,11,Shipped,83.05,2026-07-28
1480,97,98,wallet,39406.17,2026-06-16,20,Cancelled,88.1,2026-08-06
1481,85,67,cash,81741.41,2025-02-15,5,Shipped,210.85,2025-05-19
1482,34,71,wallet,22724.84,2025-07-01,8,Shipped,196.54,2026-01-23
1483,18,7,wallet,82102.21,2026-03-29,25,Pending,233.95,2026-05-10
1484,7,33,card,56814.36,2025-11-09,10,Pending,237.26,2026-03-13
1485,84,8,card,15647.27,2025-02-08,8,Cancelled,134.45,2025-11-23
1486,83,17,card,21121.28,2024-12-04,13,Shipped,219.5,2024-12-26
1487,52,5,cash,93190.86,2025-08-30,11,Shipped,293.49,2025-09-19
1488,71,50,cash,75566.79,2025-08-06,24,Shipped,258.17,2025-08-15
1489,77,95,wallet,83356.42,2026-04-25,27,Cancelled,154.39,2026-06-29
1490,72,50,wallet,78248.05,2025-06-24,20,Cancelled,168.49,2026-05-01
1491,11,49,wallet,43023.16,2026-07-28,15,Pending,204.44,2026-08-06
1492,73,85,wallet,2351.34,2026-02-04,5,Pending,217.59,2026-05-11
1493,58,62,card,55757.88,2026-02-20,24,Pending,50.57,2026-08-11
1494,14,94,wallet,18753.31,2024-11-22,3,Shipped,184.99,2025-06-30
1495,36,59,cash,37132.48,2025-07-31,8,Shipped,127.89,2026-03-15
1496,49,39,cash,94122.76,2026-06-19,10,Delivered,169.9,2026-07-18
1497,95,92,wallet,45997.94,2026-04-25,15,Shipped,74.43,2026-06-22
1498,85,44,card,21098.33,2026-05-10,8,Pending,100.0,2026-07-30
1499,52,72,cash,73580.29,2025-10-21,8,Pending,62.08,2026-07-03
1500,96,69,card,77832.65,2025-03-14,27,Cancelled,286.94,2026-07-03
1501,3,58,cash,29289.27,2025-01-02,23,Delivered,207.77,2025-10-25
1502,84,79,cash,10884.67,2025-10-10,8,Pending,122.23,2026-04-04
1503,22,98,wallet,13364.68,2026-05-09,20,Cancelled,69.09,2026-07-25
1504,48,33,cash,83676.01,2024-12-30,27,Pending,243.54,2026-05-16
1505,55,87,wallet,47155.94,2025-03-12,2,Pending,290.29,2026-03-26
1506,14,40,card,47683.87,2025-04-01,29,Delivered,251.21,2025-05-17
1507,42,68,cash,73242.68,2025-02-18,8,Pending,215.68,2026-02-10
1508,36,77,card,63112.6,2026-02-27,1,Pending,59.81,2026-05-10
1509,69,23,wallet,91995.96,2025-12-27,29,Shipped,270.63,2026-01-23
1510,98,10,cash,90794.46,2025-09-09,21,Cancelled,93.34,2026-06-25
1511,98,92,cash,42012.12,2024-08-25,2,Cancelled,180.09,2025-05-09
1512,29,26,wallet,31071.72,2026-01-07,12,Shipped,121.46,2026-05-01
1513,31,45,card,2373.34,2025-11-05,18,Pending,244.43,2026-06-15
1514,20,75,wallet,30814.49,2025-04-09,18,Pending,289.07,2025-10-31
1515,23,20,cash,82059.92,2025-03-28,16,Shipped,88.41,2025-07-18
1516,52,85,card,86834.83,2025-05-28,15,Delivered,141.82,2026-06-04
1517,1,1,wallet,22134.88,2025-06-07,13,Pending,129.45,2025-07-31
1518,32,43,card,40475.19,2024-09-05,28,Shipped,69.12,2025-03-12
1519,30,85,card,30253.99,2025-10-08,20,Cancelled,85.91,2026-08-10
1520,43,95,cash,40012.01,2026-04-22,5,Shipped,158.78,2026-05-21
1521,54,90,cash,23884.58,2026-03-26,27,Delivered,134.89,2026-03-29
1522,19,52,card,18296.34,2025-10-10,19,Shipped,258.31,2026-03-01
1523,76,83,card,8768.99,2026-05-19,21,Delivered,125.12,2026-07-19
1524,80,14,wallet,75956.88,2025-06-26,4,Pending,295.86,2025-07-01
1525,86,61,wallet,27514.13,2026-06-14,2,Cancelled,264.2,2026-07-05
1526,98,36,wallet,72855.13,2024-12-05,15,Delivered,254.92,2026-06-27
1527,93,100,cash,64625.72,2026-01-11,19,Shipped,187.47,2026-07-30
1528,93,57,cash,77844.22,2026-01-09,13,Cancelled,65.41,2026-07-22
1529,37,28,wallet,26439.7,2025-01-15,15,Pending,260.7,2026-01-03
1530,64,98,wallet,69475.51,2024-10-18,26,Shipped,153.21,2026-08-05
1531,82,32,wallet,36141.13,2024-10-21,27,Delivered,65.84,2025-01-16
1532,15,55,wallet,99711.63,2025-06-28,28,Shipped,150.56,2025-10-12
1533,77,80,wallet,15141.28,2026-04-21,23,Shipped,46.63,2026-07-28
1534,11,22,cash,4316.37,2026-01-10,27,Shipped,47.46,2026-06-09
1535,91,100,wallet,84482.4,2025-09-06,3,Shipped,276.67,2025-12-09
1536,48,64,card,90516.32,2025-11-26,5,Pending,199.13,2026-06-10
1537,67,91,cash,46988.94,2026-07-05,1,Pending,149.35,2026-08-09
1538,40,78,card,56577.35,2025-12-31,5,Pending,31.87,2026-02-02
1539,93,75,wallet,43933.62,2026-02-28,19,Shipped,177.36,2026-06-02
1540,53,39,wallet,91651.1,2024-12-11,20,Pending,116.92,2026-05-22
1541,18,100,card,53072.05,2026-01-05,23,Pending,241.42,2026-04-30
1542,22,52,card,89077.82,2026-05-17,22,Cancelled,154.17,2026-07-27
1543,56,44,card,28480.71,2024-09-10,10,Delivered,90.04,2026-07-11
1544,68,28,card,7171.98,2025-09-28,8,Cancelled,210.58,2025-11-17
1545,98,63,cash,60291.55,2025-05-24,6,Delivered,131.79,2026-03-08
1546,43,2,card,34753.7,2025-04-13,24,Shipped,233.99,2026-03-11
1547,21,15,card,18774.76,2024-11-02,26,Shipped,242.19,2026-02-18
1548,97,55,cash,64655.53,2026-06-03,25,Pending,112.96,2026-07-10
1549,2,96,wallet,67841.82,2025-12-12,17,Shipped,223.85,2026-02-10
1550,88,86,cash,22282.4,2024-09-24,27,Shipped,274.02,2025-07-23
1551,69,15,cash,54134.13,2025-12-12,26,Pending,216.88,2025-12-25
1552,80,49,wallet,50209.27,2026-05-13,17,Delivered,100.74,2026-08-06
1553,10,41,card,87280.82,2025-09-17,18,Pending,30.91,2026-04-19
1554,12,62,card,77924.42,2026-04-25,19,Delivered,88.98,2026-06-04
1555,29,83,wallet,8007.89,2025-06-15,9,Pending,197.25,2025-07-26
1556,29,16,cash,78154.69,2025-11-25,25,Cancelled,269.65,2025-11-29
1557,24,33,cash,4234.78,2025-02-04,3,Delivered,267.26,2025-10-15
1558,83,68,wallet,74779.55,2026-05-29,15,Cancelled,116.83,2026-07-28
1559,24,81,cash,88176.22,2026-04-11,25,Pending,234.78,2026-07-14
1560,92,22,wallet,11575.88,2025-12-20,8,Shipped,93.17,2026-08-11
1561,79,65,card,90551.22,2025-08-23,5,Pending,252.9,2026-03-17
1562,14,25,card,59260.98,2026-07-21,26,Pending,128.24,2026-08-03
1563,39,87,card,43054.32,2026-05-02,5,Pending,74.7,2026-06-11
1564,24,72,cash,68958.5,2025-12-22,25,Cancelled,122.73,2026-07-27
1565,79,32,wallet,90418.57,2025-09-02,27,Pending,123.9,2026-03-15
1566,14,97,cash,11240.87,2025-09-06,25,Pending,113.51,2026-06-01
1567,39,74,wallet,4075.4,2026-04-05,6,Delivered,166.99,2026-07-16
1568,22,3,cash,60481.55,2024-09-17,2,Delivered,33.8,2025-01-16
1569,44,49,wallet,63720.72,2025-08-28,1,Pending,152.23,2026-02-01
1570,88,96,cash,60614.32,2025-01-03,10,Cancelled,106.7,2026-04-24
1571,98,97,card,17479.77,2025-02-12,27,Pending,48.63,2025-05-15
1572,35,10,cash,36195.41,2024-08-20,7,Shipped,71.58,2026-07-23
1573,40,14,wallet,10109.56,2024-12-26,28,Delivered,136.72,2026-01-18
1574,7,6,card,86353.43,2025-08-31,2,Shipped,38.13,2026-04-02
1575,97,21,cash,81606.93,2025-10-26,8,Pending,93.31,2026-01-22
1576,62,72,card,96758.35,2025-06-06,28,Delivered,188.74,2025-10-13
1577,87,77,card,27775.05,2024-11-10,19,Pending,215.28,2025-07-05
1578,62,34,wallet,73540.49,2024-11-04,30,Pending,144.44,2026-01-10
1579,50,60,wallet,65976.25,2026-06-14,5,Delivered,161.4,2026-07-11
1580,100,82,cash,95609.23,2025-10-14,30,Delivered,39.65,2025-11-13
1581,86,96,wallet,54965.3,2025-10-04,25,Shipped,28.07,2026-01-08
1582,100,45,card,19714.76,2024-10-30,26,Shipped,268.16,2025-05-29
1583,96,97,cash,73094.9,2026-07-18,4,Pending,66.31,2026-07-31
1584,55,43,cash,17544.54,2025-04-04,11,Cancelled,48.12,2025-12-22
1585,84,29,cash,67108.76,2025-05-13,6,Cancelled,134.06,2025-06-23
1586,69,1,cash,56469.14,2026-07-30,18,Cancelled,210.01,2026-08-02
1587,87,29,wallet,77883.59,2026-06-05,7,Delivered,24.79,2026-08-06
1588,72,91,cash,77296.1,2025-02-09,9,Pending,207.41,2025-08-20
1589,25,11,card,8266.14,2026-01-11,9,Cancelled,210.86,2026-06-12
1590,27,95,wallet,45429.49,2025-08-11,9,Shipped,220.19,2026-06-11
1591,23,78,card,28606.67,2025-09-05,30,Pending,133.56,2026-06-16
1592,58,64,cash,77927.41,2024-08-12,26,Delivered,173.79,2026-05-07
1593,80,39,wallet,68736.45,2025-09-09,18,Pending,57.4,2026-01-31
1594,6,21,card,74067.23,2025-02-19,10,Shipped,130.41,2025-06-10
1595,32,95,wallet,59303.28,2025-03-28,17,Shipped,117.96,2025-09-11
1596,13,32,wallet,32398.76,2025-12-27,24,Pending,42.95,2026-01-28
1597,89,49,card,88154.28,2026-07-03,17,Shipped,217.04,2026-07-11
1598,54,27,wallet,91188.65,2025-03-03,19,Cancelled,98.92,2025-03-27
1599,5,98,wallet,81854.74,2026-03-30,16,Delivered,89.64,2026-05-17
1600,34,48,cash,91628.76,2024-11-26,14,Delivered,83.63,2025-10-03
1601,27,78,card,51136.95,2025-10-14,14,Delivered,213.75,2026-07-14
1602,82,13,cash,65581.12,2025-06-02,2,Shipped,238.26,2025-11-07
1603,6,58,wallet,43483.5,2025-02-04,24,Delivered,27.08,2026-02-20
1604,90,2,cash,54074.97,2026-08-05,30,Cancelled,88.03,2026-08-07
1605,13,1,card,10911.99,2025-11-14,13,Delivered,221.16,2026-06-27
1606,53,18,cash,85512.02,2025-03-05,5,Delivered,258.46,2025-03-26
1607,8,8,cash,97250.42,2026-01-01,22,Cancelled,127.82,2026-06-15
1608,92,73,cash,49824.21,2025-02-24,24,Delivered,200.43,2025-07-24
1609,93,23,cash,95437.7,2025-06-12,4,Delivered,55.74,2026-07-22
1610,81,39,cash,77654.95,2025-04-02,17,Shipped,261.33,2026-01-18
1611,98,96,cash,82399.8,2026-06-29,27,Cancelled,76.12,2026-08-08
1612,16,11,wallet,84378.39,2025-04-17,9,Shipped,116.8,2025-05-28
1613,94,77,cash,81084.0,2025-12-27,8,Cancelled,116.64,2026-06-21
1614,93,59,cash,28439.93,2025-11-08,13,Pending,98.03,2026-01-20
1615,87,30,wallet,88530.58,2026-06-04,5,Delivered,184.4,2026-07-14
1616,64,43,card,85349.85,2025-03-22,18,Cancelled,219.75,2025-07-13
1617,86,96,card,29852.32,2025-07-13,22,Delivered,50.5,2025-10-28
1618,81,59,wallet,16220.33,2026-03-16,22,Delivered,49.99,2026-07-23
1619,65,23,wallet,59042.42,2025-09-06,26,Shipped,112.66,2025-12-21
1620,25,85,card,2065.79,2024-09-01,12,Pending,183.03,2024-10-28
1621,75,51,cash,49976.9,2025-06-12,17,Cancelled,177.04,2025-09-26
1622,72,97,card,77898.41,2025-06-21,8,Shipped,161.32,2026-06-19
1623,53,38,wallet,2792.89,2024-10-30,29,Shipped,66.22,2025-05-03
1624,50,68,wallet,99229.66,2025-12-30,18,Cancelled,91.91,2026-04-17
1625,93,8,wallet,88772.23,2025-11-05,9,Cancelled,44.47,2026-02-24
1626,59,52,card,32000.48,2025-04-18,16,Pending,127.26,2026-01-24
1627,4,64,wallet,86213.74,2025-06-18,14,Cancelled,160.18,2025-10-14
1628,50,52,card,62218.98,2025-11-17,14,Cancelled,106.18,2025-12-07
1629,5,32,cash,17255.45,2025-09-13,16,Shipped,175.16,2026-04-22
1630,7,12,cash,23213.01,2026-03-21,10,Pending,78.91,2026-06-16
1631,46,94,cash,80078.94,2024-11-13,30,Delivered,269.73,2025-08-09
1632,60,45,wallet,99067.12,2024-10-27,19,Pending,54.25,2025-08-22
1633,60,9,cash,78359.54,2026-06-26,13,Cancelled,219.1,2026-07-25
1634,90,21,wallet,22681.23,2024-09-11,3,Cancelled,128.79,2026-04-19
1635,94,37,wallet,42255.26,2026-07-24,18,Pending,272.91,2026-08-05
1636,60,69,card,79018.28,2024-10-07,3,Pending,53.18,2025-05-12
1637,45,7,cash,99048.51,2025-09-18,11,Pending,93.18,2026-02-11
1638,29,54,wallet,83030.92,2025-04-30,30,Shipped,35.03,2025-05-04
1639,73,67,card,86349.59,2025-02-13,30,Pending,162.73,2025-05-03
1640,38,56,cash,78388.86,2025-10-12,17,Delivered,136.91,2026-04-29
1641,50,38,wallet,96799.96,2025-08-06,4,Shipped,202.72,2026-04-25
1642,19,57,wallet,44728.54,2026-03-12,18,Shipped,195.51,2026-05-20
1643,76,31,wallet,3600.37,2025-07-10,9,Delivered,191.31,2025-11-30
1644,85,82,card,75108.95,2025-02-15,4,Shipped,142.84,2025-10-09
1645,55,65,cash,16191.04,2024-11-01,17,Delivered,258.73,2026-08-04
1646,43,79,cash,67246.61,2026-04-08,15,Cancelled,58.18,2026-05-07
1647,22,61,wallet,62009.89,2024-10-19,6,Pending,125.22,2026-06-23
1648,59,19,cash,67815.45,2026-05-24,3,Pending,252.95,2026-07-17
1649,62,21,card,77044.15,2024-10-10,21,Shipped,134.85,2025-06-16
1650,49,25,cash,90957.03,2024-09-05,30,Pending,138.07,2024-11-08
1651,80,38,cash,50442.5,2026-07-08,21,Shipped,206.65,2026-07-24
1652,65,3,wallet,27897.05,2025-04-17,20,Delivered,142.14,2025-06-02
1653,93,12,cash,85125.06,2024-12-08,16,Shipped,203.71,2024-12-09
1654,20,4,cash,86593.94,2026-06-17,14,Cancelled,212.31,2026-07-30
1655,12,74,cash,15235.79,2026-06-17,10,Delivered,200.76,2026-07-06
1656,90,76,card,32100.07,2026-05-27,24,Delivered,53.51,2026-08-04
1657,27,90,wallet,25987.37,2025-06-13,6,Delivered,198.43,2025-10-22
1658,25,31,card,6935.54,2025-11-19,3,Delivered,102.13,2026-01-19
1659,35,73,card,61660.97,2024-09-09,17,Pending,194.56,2025-03-28
1660,68,77,card,18752.98,2026-05-13,15,Delivered,33.15,2026-06-25
1661,82,53,wallet,77666.03,2026-04-24,17,Shipped,226.37,2026-04-28
1662,22,4,cash,93253.12,2025-02-04,5,Cancelled,229.02,2026-07-18
1663,80,73,card,87156.97,2025-07-28,22,Shipped,287.03,2026-05-11
1664,37,13,wallet,39275.26,2026-01-10,13,Cancelled,243.4,2026-06-18
1665,25,73,wallet,82419.28,2024-09-07,29,Shipped,284.73,2026-01-01
1666,24,98,cash,85867.24,2026-05-29,5,Delivered,210.59,2026-07-20
1667,28,8,card,98998.79,2025-07-26,29,Cancelled,150.34,2026-02-10
1668,75,40,card,63253.04,2025-09-13,14,Delivered,156.38,2025-11-19
1669,20,29,cash,70606.93,2026-01-02,1,Cancelled,127.12,2026-02-14
1670,39,87,cash,14655.74,2024-09-22,21,Pending,218.21,2025-02-27
1671,61,65,wallet,67854.1,2025-05-15,14,Pending,238.03,2026-02-10
1672,84,66,card,52028.12,2026-02-19,22,Delivered,174.6,2026-04-20
1673,12,5,wallet,43109.77,2025-05-11,4,Delivered,288.49,2025-11-16
1674,54,34,wallet,18908.13,2025-08-13,22,Delivered,175.93,2026-07-25
1675,3,10,card,74759.93,2025-04-24,8,Delivered,73.2,2026-07-02
1676,23,49,card,61413.72,2025-11-28,9,Delivered,22.73,2026-03-04
1677,56,26,card,58597.16,2026-02-10,28,Pending,130.91,2026-03-30
1678,20,77,card,11346.96,2025-08-27,24,Cancelled,79.48,2026-04-10
1679,50,4,cash,30113.95,2024-12-01,19,Delivered,66.71,2025-06-20
1680,95,16,cash,67509.45,2024-10-18,7,Delivered,87.13,2025-11-12
1681,16,52,wallet,54569.81,2025-05-03,4,Cancelled,116.51,2026-01-06
1682,68,60,cash,29890.56,2025-07-11,30,Pending,233.49,2026-02-04
1683,40,65,cash,93835.35,2024-10-27,22,Pending,237.14,2025-01-14
1684,51,1,card,41277.57,2025-01-20,8,Cancelled,153.47,2026-01-09
1685,91,84,card,23207.94,2026-04-02,19,Pending,42.63,2026-07-17
1686,91,80,card,64178.53,2026-05-29,15,Pending,56.59,2026-06-09
1687,75,89,cash,38572.97,2024-12-12,29,Shipped,146.12,2026-04-16
1688,60,28,card,99601.42,2025-06-13,9,Pending,70.54,2025-11-30
1689,1,99,wallet,14470.35,2024-11-18,13,Pending,54.29,2025-06-04
1690,55,77,cash,16014.29,2025-06-23,7,Delivered,255.07,2025-09-21
1691,52,37,cash,70169.79,2025-08-01,20,Delivered,28.15,2026-02-15
1692,38,44,wallet,48735.43,2025-03-03,4,Cancelled,113.3,2025-09-23
1693,54,11,cash,47363.96,2025-01-30,30,Pending,108.52,2025-11-17
1694,73,81,card,41336.4,2025-02-13,3,Cancelled,209.51,2025-06-17
1695,64,43,cash,12715.16,2025-09-05,26,Pending,255.49,2025-12-06
1696,23,86,wallet,10996.03,2026-08-07,16,Pending,198.13,2026-08-10
1697,53,85,cash,54120.31,2025-07-03,30,Shipped,155.52,2026-06-27
1698,56,79,cash,992.45,2025-06-17,8,Shipped,88.92,2026-01-04
1699,26,27,cash,73565.38,2026-03-30,25,Shipped,267.44,2026-05-23
1700,75,35,wallet,33905.72,2025-08-07,6,Shipped,161.06,2026-07-18
1701,40,74,wallet,28353.36,2025-12-28,29,Cancelled,109.17,2026-06-25
1702,43,7,card,83108.76,2026-05-30,19,Pending,120.28,2026-07-24
1703,26,70,wallet,44751.23,2026-04-24,22,Pending,264.21,2026-08-07
1704,36,8,wallet,55783.57,2025-02-23,4,Delivered,98.29,2025-02-24
1705,51,46,wallet,31673.31,2025-09-11,30,Delivered,117.43,2025-12-24
1706,97,75,cash,9450.13,2026-05-30,24,Delivered,250.6,2026-06-05
1707,14,88,card,66245.08,2025-09-24,1,Pending,164.48,2026-05-07
1708,65,42,wallet,82003.77,2025-11-28,4,Pending,154.56,2026-03-12
1709,67,82,wallet,30328.47,2026-03-14,2,Delivered,166.71,2026-05-07
1710,31,39,card,13746.64,2026-07-09,30,Shipped,176.94,2026-07-21
1711,51,99,card,11554.98,2026-04-11,2,Delivered,177.33,2026-04-13
1712,47,70,cash,46172.95,2025-11-09,25,Delivered,25.79,2026-06-23
1713,18,88,card,7589.16,2025-07-23,12,Shipped,274.22,2025-09-09
1714,61,32,cash,63222.63,2025-10-27,12,Pending,157.87,2026-02-19
1715,81,86,cash,11425.64,2026-07-28,16,Cancelled,207.56,2026-08-07
1716,83,43,cash,47802.83,2026-01-03,19,Cancelled,268.81,2026-06-26
1717,51,26,wallet,26197.19,2026-05-11,24,Shipped,194.67,2026-07-04
1718,45,10,card,75192.12,2026-02-05,26,Pending,288.89,2026-06-13
1719,71,14,cash,58011.7,2026-05-14,23,Pending,38.74,2026-07-26
1720,89,46,cash,44117.49,2024-10-13,22,Cancelled,128.57,2026-01-16
1721,43,24,card,8865.53,2026-04-23,19,Delivered,192.49,2026-04-30
1722,1,71,wallet,64615.73,2025-04-23,2,Pending,127.91,2026-08-11
1723,54,60,card,77198.6,2025-06-23,16,Delivered,177.94,2025-07-29
1724,40,16,wallet,23783.08,2025-10-02,27,Shipped,99.08,2026-05-17
1725,59,68,wallet,27283.38,2025-07-08,20,Pending,174.53,2025-09-19
1726,96,15,wallet,2464.93,2024-12-04,17,Delivered,268.61,2024-12-08
1727,28,91,wallet,26488.08,2025-02-28,6,Delivered,54.59,2026-04-12
1728,100,8,cash,38681.18,2025-04-21,18,Cancelled,190.8,2025-11-20
1729,67,41,card,50577.94,2025-02-08,21,Delivered,265.03,2026-02-16
1730,6,96,card,12804.45,2025-04-19,14,Pending,294.14,2026-02-25
1731,8,36,cash,18588.47,2026-06-09,4,Shipped,74.04,2026-07-12
1732,11,56,card,70844.94,2024-11-29,28,Cancelled,189.62,2025-06-28
1733,29,33,card,8636.16,2026-02-01,27,Pending,235.59,2026-07-15
1734,54,9,wallet,47453.2,2026-08-11,2,Shipped,134.75,2026-08-12
1735,74,32,cash,85454.1,2026-02-05,12,Shipped,219.51,2026-02-21
1736,55,63,card,76577.26,2024-10-19,23,Delivered,217.38,2025-01-30
1737,95,12,wallet,14165.13,2025-12-21,1,Delivered,208.5,2026-01-01
1738,87,93,cash,52372.45,2024-11-01,11,Shipped,256.74,2025-10-17
1739,100,29,wallet,19979.39,2025-06-26,27,Shipped,213.58,2025-11-13
1740,31,37,cash,42353.23,2025-09-30,5,Pending,57.77,2026-07-22
1741,11,8,cash,43799.7,2026-01-07,9,Delivered,22.02,2026-04-29
1742,82,41,wallet,76075.31,2024-09-05,25,Shipped,105.86,2026-02-08
1743,33,74,card,60838.33,2025-03-15,9,Shipped,240.07,2026-03-04
1744,2,49,cash,7262.99,2026-02-02,2,Pending,104.56,2026-08-10
1745,11,8,wallet,3960.58,2025-07-18,26,Cancelled,127.49,2025-11-02
1746,5,44,card,95985.2,2024-08-21,1,Delivered,99.42,2024-12-30
1747,41,46,cash,29688.54,2026-03-19,25,Cancelled,188.45,2026-03-20
1748,79,5,wallet,7830.22,2024-09-28,1,Pending,96.79,2025-08-02
1749,8,46,card,59911.26,2025-04-22,9,Shipped,51.32,2026-06-11
1750,34,14,card,44030.04,2024-08-24,24,Delivered,290.75,2026-01-20
1751,54,67,cash,16915.78,2026-05-05,13,Pending,108.06,2026-06-21
1752,62,94,cash,40944.5,2024-11-04,6,Shipped,22.94,2025-10-08
1753,10,10,card,41638.72,2025-07-29,25,Pending,190.06,2026-06-04
1754,24,86,cash,49947.72,2025-09-07,4,Pending,138.81,2026-06-12
1755,64,1,cash,49818.79,2025-12-29,8,Shipped,255.88,2026-01-08
1756,58,6,wallet,49996.17,2026-01-03,4,Delivered,247.05,2026-01-09
1757,73,23,card,18451.52,2024-12-28,3,Delivered,34.1,2025-08-22
1758,54,40,card,44140.59,2026-05-16,24,Shipped,104.61,2026-07-12
1759,91,22,wallet,66545.21,2026-03-15,19,Shipped,189.05,2026-04-13
1760,84,38,wallet,83707.45,2025-06-05,30,Pending,295.12,2026-03-14
1761,53,59,wallet,74374.8,2025-04-27,9,Cancelled,137.55,2025-09-21
1762,28,85,wallet,7428.47,2025-10-12,25,Shipped,231.74,2025-10-29
1763,11,34,wallet,20927.93,2026-01-03,29,Pending,22.75,2026-05-23
1764,92,90,cash,86058.7,2024-11-27,25,Pending,202.51,2024-12-03
1765,93,44,cash,94513.22,2025-09-12,11,Pending,127.94,2025-10-15
1766,3,88,cash,10397.39,2026-04-26,18,Pending,39.45,2026-07-01
1767,2,80,wallet,3718.1,2026-02-10,23,Cancelled,52.76,2026-07-27
1768,8,43,card,4991.17,2024-09-26,12,Pending,27.38,2025-09-10
1769,35,63,cash,62501.87,2026-03-23,17,Pending,273.17,2026-06-22
1770,84,77,cash,77728.51,2025-07-23,17,Shipped,30.78,2025-10-28
1771,4,29,card,42056.99,2025-01-10,28,Delivered,171.19,2026-04-15
1772,83,30,card,44742.89,2025-03-13,30,Delivered,97.17,2026-06-27
1773,67,96,wallet,69700.35,2025-06-10,4,Shipped,224.57,2026-02-13
1774,82,58,cash,21653.15,2024-10-17,4,Cancelled,267.41,2026-03-13
1775,4,58,cash,42573.65,2025-12-16,11,Cancelled,248.29,2026-02-19
1776,19,83,card,37937.88,2026-04-02,16,Pending,23.37,2026-05-20
1777,93,100,card,2012.76,2025-02-16,11,Pending,132.23,2026-01-07
1778,14,2,card,96425.71,2026-05-14,19,Delivered,139.83,2026-06-13
1779,46,33,card,22334.35,2026-05-15,18,Shipped,109.25,2026-06-27
1780,63,42,cash,58377.96,2025-04-17,13,Shipped,29.07,2025-09-22
1781,61,9,wallet,79823.68,2026-06-13,2,Delivered,274.73,2026-07-30
1782,28,94,card,38686.9,2026-04-11,25,Delivered,241.78,2026-04-13
1783,10,35,wallet,88538.08,2025-04-22,17,Shipped,224.08,2026-05-28
1784,63,60,card,38977.57,2024-10-17,8,Delivered,227.89,2025-03-23
1785,33,44,cash,16925.38,2026-07-26,16,Delivered,204.01,2026-08-12
1786,46,24,cash,94654.81,2026-07-30,19,Delivered,294.48,2026-08-07
1787,78,95,card,12990.3,2025-09-12,9,Pending,64.16,2026-06-12
1788,61,64,cash,35353.18,2026-01-14,28,Pending,127.83,2026-07-01
1789,33,36,card,87331.36,2025-08-15,11,Pending,283.56,2026-07-05
1790,59,50,wallet,76419.01,2025-12-21,8,Shipped,33.44,2026-01-20
1791,96,43,cash,88683.53,2025-09-25,13,Shipped,131.12,2026-01-18
1792,46,11,card,5611.8,2026-08-05,19,Delivered,240.49,2026-08-08
1793,42,17,cash,8430.01,2025-12-09,28,Cancelled,36.47,2026-05-15
1794,83,100,cash,29476.08,2026-07-19,29,Pending,118.36,2026-08-11
1795,84,3,card,15035.6,2025-01-20,21,Pending,115.82,2026-06-28
1796,85,66,cash,62150.64,2025-03-12,3,Pending,68.26,2026-03-09
1797,100,47,cash,85273.3,2026-08-07,7,Pending,186.46,2026-08-07
1798,44,59,card,31248.85,2024-10-01,16,Delivered,90.65,2024-10-09
1799,58,29,card,79012.52,2025-11-19,29,Delivered,197.97,2026-04-19
1800,65,9,cash,89363.79,2026-02-03,30,Shipped,156.19,2026-03-16
1801,72,37,wallet,65817.73,2025-12-02,19,Pending,243.78,2026-07-02
1802,44,66,wallet,47913.3,2024-12-27,22,Cancelled,95.52,2025-07-16
1803,90,58,wallet,55245.8,2024-08-18,17,Delivered,77.55,2024-09-30
1804,15,80,cash,39707.55,2025-07-07,27,Delivered,55.88,2026-07-18
1805,8,96,card,58080.5,2025-09-08,26,Cancelled,165.94,2025-11-16
1806,13,37,cash,19134.82,2026-05-07,7,Pending,132.6,2026-05-25
1807,56,99,cash,96797.37,2026-07-19,26,Cancelled,214.63,2026-08-05
1808,48,77,wallet,19740.15,2025-06-23,2,Delivered,83.35,2025-08-30
1809,47,21,wallet,97840.07,2026-04-01,16,Pending,82.73,2026-06-16
1810,85,11,cash,89690.5,2026-05-17,12,Delivered,76.9,2026-07-07
1811,44,92,cash,44367.88,2026-05-22,3,Delivered,146.22,2026-07-03
1812,21,24,wallet,98425.34,2025-10-22,20,Shipped,181.56,2026-07-30
1813,12,74,wallet,5022.96,2026-08-11,30,Shipped,262.76,2026-08-11
1814,58,29,wallet,92856.64,2025-12-09,11,Pending,202.49,2026-02-15
1815,77,74,wallet,15451.64,2025-11-20,23,Delivered,284.05,2025-12-12
1816,69,99,card,66581.74,2026-01-17,9,Shipped,76.97,2026-02-11
1817,67,22,card,49059.24,2025-02-11,9,Shipped,263.81,2025-07-27
1818,47,9,cash,22994.31,2025-02-27,5,Pending,149.41,2025-05-13
1819,42,80,cash,31274.65,2026-03-09,26,Shipped,232.2,2026-07-14
1820,9,26,card,32474.77,2026-01-15,11,Shipped,180.73,2026-07-24
1821,49,90,cash,86921.86,2025-11-28,30,Delivered,246.63,2026-08-01
1822,74,31,card,80942.26,2025-12-07,14,Pending,119.32,2026-05-03
1823,55,48,cash,81584.64,2025-12-10,24,Shipped,285.2,2026-05-30
1824,7,26,wallet,89203.11,2024-09-09,21,Shipped,239.02,2026-05-23
1825,55,65,cash,31163.65,2025-01-04,16,Shipped,209.04,2026-02-25
1826,24,23,wallet,56528.45,2025-04-21,25,Shipped,290.07,2025-08-09
1827,80,77,card,44509.22,2024-11-02,1,Shipped,126.11,2026-07-12
1828,67,13,cash,30685.87,2025-04-18,14,Shipped,148.06,2025-12-31
1829,85,25,cash,98125.13,2025-07-10,6,Cancelled,116.29,2026-06-29
1830,8,4,wallet,6216.09,2025-07-24,18,Pending,86.59,2026-07-14
1831,71,99,card,57864.23,2024-10-13,18,Delivered,197.26,2024-11-06
1832,96,54,card,24419.61,2026-07-22,6,Cancelled,60.6,2026-08-01
1833,55,42,cash,85538.94,2026-07-26,22,Shipped,113.06,2026-08-04
1834,76,80,cash,6761.68,2025-04-27,21,Delivered,80.43,2025-05-21
1835,67,64,card,39506.11,2025-10-21,6,Cancelled,27.95,2026-01-12
1836,43,54,card,2948.56,2025-02-02,6,Pending,214.03,2026-06-18
1837,53,89,wallet,81141.69,2026-07-06,23,Pending,72.6,2026-07-17
1838,72,8,card,86647.18,2025-01-02,7,Shipped,63.14,2026-02-10
1839,11,49,cash,62490.88,2024-12-29,3,Shipped,130.26,2025-04-15
1840,49,84,wallet,75164.19,2024-12-04,4,Pending,193.11,2025-10-23
1841,94,56,card,52668.38,2024-08-12,9,Cancelled,80.53,2025-04-06
1842,44,44,wallet,52839.41,2025-10-02,27,Shipped,55.47,2026-04-23
1843,80,74,card,47173.91,2026-01-27,24,Delivered,142.88,2026-06-05
1844,12,2,card,98446.6,2026-03-04,22,Cancelled,136.75,2026-07-28
1845,52,11,cash,85087.76,2025-01-20,26,Cancelled,157.3,2026-02-22
1846,55,88,wallet,15159.54,2024-08-16,24,Shipped,276.26,2025-11-09
1847,34,1,wallet,70390.72,2024-12-09,27,Pending,38.44,2024-12-13
1848,59,88,wallet,91891.69,2024-09-02,25,Pending,256.2,2026-02-26
1849,49,98,wallet,20724.24,2025-02-10,12,Delivered,22.77,2026-01-18
1850,93,100,wallet,74751.47,2026-03-20,16,Shipped,77.21,2026-05-07
1851,99,8,cash,96131.07,2025-03-30,18,Pending,296.4,2026-05-12
1852,44,60,cash,99766.3,2025-05-13,12,Pending,204.55,2025-07-13
1853,50,4,wallet,24166.83,2025-11-06,22,Pending,235.55,2026-05-03
1854,10,9,cash,40678.04,2026-03-17,12,Cancelled,216.31,2026-04-29
1855,51,61,cash,18512.97,2024-12-25,28,Delivered,29.93,2025-05-07
1856,97,87,card,14882.98,2024-11-25,9,Shipped,150.03,2025-05-28
1857,76,99,card,98759.55,2026-07-26,15,Cancelled,284.51,2026-08-12
1858,30,54,card,22705.57,2024-09-26,3,Cancelled,133.64,2026-05-26
1859,75,29,card,72063.95,2026-01-13,9,Delivered,203.18,2026-05-17
1860,54,89,cash,93716.45,2025-12-26,9,Shipped,103.22,2026-02-27
1861,30,42,card,82265.32,2024-11-15,28,Cancelled,167.93,2025-11-10
1862,62,23,cash,57113.25,2025-08-10,6,Pending,237.97,2026-05-14
1863,93,34,card,23147.02,2025-03-30,11,Delivered,64.77,2026-08-05
1864,98,26,wallet,52170.15,2025-01-05,12,Shipped,134.84,2025-04-14
1865,37,80,card,66463.69,2025-10-08,6,Shipped,120.69,2026-07-30
1866,22,17,wallet,17396.44,2025-04-28,14,Delivered,232.77,2025-05-13
1867,89,100,wallet,40266.48,2025-01-26,22,Pending,122.82,2025-05-17
1868,11,65,card,2161.64,2024-09-09,13,Cancelled,28.82,2025-05-22
1869,14,75,wallet,15380.61,2025-06-28,22,Shipped,224.45,2025-10-18
1870,30,95,card,67320.86,2025-02-28,24,Shipped,95.03,2025-06-17
1871,79,88,cash,60756.33,2025-05-21,21,Cancelled,235.94,2025-08-16
1872,46,56,card,12312.97,2025-08-09,22,Pending,78.71,2026-01-27
1873,87,62,wallet,81202.93,2025-11-27,6,Cancelled,220.85,2025-12-02
1874,50,51,cash,53321.21,2026-08-05,19,Cancelled,260.18,2026-08-11
1875,3,97,wallet,82604.6,2025-08-10,6,Pending,170.5,2026-06-29
1876,20,10,wallet,41948.92,2025-07-16,24,Delivered,167.51,2026-02-22
1877,11,9,wallet,55905.95,2025-09-30,5,Cancelled,184.53,2025-11-11
1878,66,85,cash,62362.12,2024-09-16,2,Pending,53.16,2025-12-30
1879,33,68,card,67217.17,2026-05-07,3,Pending,212.98,2026-07-10
1880,19,26,wallet,24605.91,2025-01-21,29,Shipped,257.91,2026-04-30
1881,27,81,wallet,39176.39,2026-01-13,10,Cancelled,120.26,2026-02-05
1882,54,51,wallet,89664.9,2025-02-23,4,Delivered,185.31,2025-08-06
1883,19,30,cash,96755.74,2026-02-16,16,Pending,222.52,2026-05-15
1884,50,86,card,83000.38,2026-06-23,9,Cancelled,281.92,2026-07-07
1885,54,18,cash,52461.26,2025-03-31,6,Pending,71.74,2026-01-22
1886,89,7,wallet,35304.36,2025-04-17,14,Shipped,265.97,2025-07-25
1887,86,89,card,32038.42,2025-09-10,7,Shipped,191.45,2026-01-03
1888,62,93,wallet,93278.79,2025-05-22,17,Pending,91.33,2026-07-11
1889,28,69,cash,75799.16,2024-12-26,23,Pending,128.96,2025-02-18
1890,87,69,wallet,28654.42,2025-07-02,1,Delivered,264.8,2025-12-14
1891,80,83,wallet,78606.5,2026-07-22,4,Shipped,101.44,2026-08-09
1892,26,77,wallet,58554.73,2025-03-19,30,Delivered,207.73,2026-01-25
1893,19,31,wallet,93744.09,2025-07-17,14,Pending,85.89,2026-07-25
1894,20,70,cash,15298.03,2026-01-24,11,Pending,255.38,2026-06-18
1895,70,11,cash,16672.71,2026-03-30,5,Delivered,204.88,2026-05-25
1896,3,89,card,16417.28,2024-12-03,17,Cancelled,204.78,2025-11-16
1897,52,85,wallet,6137.82,2024-10-07,5,Pending,273.28,2025-04-08
1898,90,84,card,35154.5,2025-10-04,20,Cancelled,157.53,2026-04-29
1899,94,88,cash,39230.5,2025-08-14,24,Delivered,162.07,2026-04-20
1900,16,64,card,12148.9,2025-02-04,28,Cancelled,38.83,2026-06-07
1901,71,28,cash,21667.42,2026-04-29,30,Delivered,58.44,2026-07-15
1902,76,75,card,45192.15,2026-03-31,15,Delivered,145.1,2026-04-01
1903,81,63,wallet,55516.77,2026-06-29,16,Shipped,126.36,2026-08-04
1904,38,42,cash,2986.05,2026-06-18,18,Pending,200.97,2026-08-05
1905,55,62,card,57654.53,2026-07-13,23,Shipped,119.39,2026-07-24
1906,33,99,wallet,52268.06,2025-03-03,24,Shipped,292.54,2025-05-05
1907,25,73,wallet,24486.84,2025-10-31,5,Delivered,139.0,2025-11-15
1908,42,49,card,41179.72,2025-05-14,10,Shipped,28.89,2026-05-14
1909,93,4,wallet,95000.73,2025-12-22,7,Pending,170.52,2026-04-03
1910,20,51,cash,87848.36,2026-07-29,4,Shipped,159.56,2026-08-02
1911,59,65,card,95744.61,2026-05-19,20,Cancelled,210.36,2026-07-17
1912,79,13,cash,46808.56,2025-05-12,15,Cancelled,260.03,2026-04-02
1913,59,87,card,49602.55,2025-07-11,2,Shipped,69.39,2026-01-15
1914,81,45,card,11197.42,2025-04-21,21,Delivered,90.41,2026-05-23
1915,92,84,card,69763.67,2025-09-07,30,Shipped,288.3,2026-01-29
1916,92,52,cash,33802.26,2025-05-30,17,Pending,244.09,2025-09-01
1917,23,54,wallet,15735.66,2025-04-15,23,Delivered,215.38,2026-02-18
1918,50,13,wallet,85745.32,2026-06-19,6,Shipped,21.08,2026-06-30
1919,58,66,card,63614.09,2025-02-27,1,Cancelled,169.21,2025-08-21
1920,79,57,wallet,4825.4,2026-02-14,29,Cancelled,173.42,2026-02-21
1921,84,6,cash,45682.51,2026-03-29,12,Pending,180.65,2026-06-16
1922,69,4,card,95320.76,2026-04-16,1,Pending,108.83,2026-08-10
1923,2,26,cash,49980.89,2026-04-05,6,Shipped,264.25,2026-07-12
1924,62,15,card,43387.95,2024-11-29,30,Cancelled,99.95,2025-05-04
1925,9,14,cash,14822.04,2025-05-18,16,Delivered,46.95,2026-04-09
1926,92,59,card,49012.12,2025-10-11,11,Cancelled,225.21,2025-12-29
1927,23,84,cash,94283.73,2025-10-03,25,Pending,57.85,2025-11-16
1928,54,11,cash,95996.46,2025-05-21,30,Cancelled,153.5,2025-12-18
1929,96,93,card,74818.23,2025-04-08,4,Cancelled,227.39,2025-11-05
1930,43,90,cash,51168.14,2026-05-20,25,Pending,78.48,2026-07-16
1931,15,12,card,74353.16,2026-05-04,7,Delivered,36.17,2026-05-29
1932,63,90,wallet,21705.36,2025-07-17,29,Cancelled,154.96,2026-01-16
1933,6,64,cash,89264.17,2024-10-25,3,Shipped,118.61,2025-11-30
1934,15,76,cash,97085.08,2024-10-30,15,Shipped,38.1,2026-01-09
1935,87,74,card,79626.85,2024-08-31,7,Delivered,260.51,2024-09-11
1936,18,67,cash,22755.12,2024-08-12,8,Cancelled,27.01,2024-12-15
1937,83,89,wallet,84155.75,2025-05-14,5,Shipped,254.54,2025-07-01
1938,48,81,wallet,73078.14,2026-05-15,24,Cancelled,120.25,2026-08-10
1939,61,53,wallet,23914.15,2024-09-25,12,Cancelled,175.42,2025-04-21
1940,27,96,cash,60982.98,2025-01-04,22,Delivered,122.05,2026-03-22
1941,25,72,cash,56099.7,2026-01-20,12,Shipped,191.41,2026-07-24
1942,74,88,cash,74468.09,2024-12-16,17,Cancelled,165.6,2026-01-05
1943,66,6,wallet,43836.12,2026-04-23,25,Cancelled,120.89,2026-08-12
1944,55,51,card,2258.64,2026-04-10,28,Pending,260.96,2026-05-24
1945,81,97,card,10828.88,2025-06-28,23,Delivered,35.72,2025-07-17
1946,8,72,card,98178.06,2026-01-15,16,Pending,165.92,2026-01-18
1947,37,38,wallet,39826.76,2025-11-25,29,Pending,69.21,2026-07-26
1948,42,34,card,87361.51,2025-11-09,28,Pending,179.52,2026-02-11
1949,55,49,wallet,99761.3,2026-04-13,5,Shipped,152.32,2026-07-09
1950,17,16,wallet,54032.93,2026-06-15,25,Shipped,36.95,2026-07-06
1951,54,43,card,81830.55,2025-08-09,15,Pending,191.29,2026-08-04
1952,99,31,wallet,60934.66,2026-05-13,21,Shipped,133.55,2026-06-09
1953,18,17,card,6324.85,2025-01-28,19,Cancelled,82.34,2026-03-16
1954,97,43,cash,5635.55,2024-10-28,24,Shipped,87.73,2026-01-12
1955,99,53,card,88080.12,2024-12-07,4,Delivered,120.88,2025-07-23
1956,12,65,card,6854.61,2025-09-04,15,Delivered,262.01,2026-06-01
1957,91,5,card,24681.22,2026-05-17,21,Pending,250.33,2026-07-05
1958,27,98,card,33887.85,2024-10-19,23,Cancelled,210.61,2026-04-29
1959,42,69,card,26960.61,2025-04-26,13,Cancelled,51.61,2026-06-18
1960,24,5,card,90575.41,2025-02-05,11,Pending,221.43,2025-03-19
1961,2,19,wallet,18531.19,2024-11-22,11,Pending,244.34,2026-03-19
1962,97,57,card,54996.03,2025-09-23,25,Shipped,161.76,2025-11-27
1963,6,98,wallet,9990.64,2025-04-11,4,Shipped,197.25,2026-05-19
1964,47,31,wallet,25090.25,2024-09-19,9,Shipped,287.95,2026-07-11
1965,64,39,cash,63333.82,2026-04-11,11,Delivered,204.3,2026-08-02
1966,88,76,cash,20310.11,2025-01-10,7,Pending,297.24,2025-09-18
1967,71,52,wallet,43439.38,2024-09-16,3,Cancelled,212.91,2024-10-27
1968,30,61,card,33882.92,2026-04-20,17,Cancelled,38.08,2026-07-25
1969,93,54,cash,15602.05,2024-09-17,8,Shipped,254.16,2025-08-12
1970,2,31,cash,73971.98,2025-04-19,29,Cancelled,237.18,2025-08-30
1971,84,91,cash,69136.25,2026-02-26,28,Shipped,265.62,2026-06-06
1972,100,73,wallet,26358.45,2025-03-07,13,Delivered,196.4,2026-05-10
1973,2,3,cash,64808.22,2024-08-31,1,Delivered,205.16,2026-04-09
1974,83,37,card,9199.91,2025-04-12,15,Cancelled,33.79,2025-10-23
1975,44,65,cash,55739.82,2025-07-28,15,Pending,200.64,2026-05-21
1976,92,47,cash,37450.69,2026-02-15,26,Shipped,87.52,2026-05-12
1977,9,90,card,10476.85,2026-07-11,5,Delivered,103.74,2026-07-14
1978,40,88,wallet,87366.66,2024-10-13,17,Delivered,113.2,2025-01-05
1979,97,23,card,46147.11,2025-07-26,10,Delivered,96.62,2026-03-27
1980,65,56,wallet,93474.04,2026-03-17,28,Cancelled,60.97,2026-06-29
1981,51,45,cash,48167.85,2025-03-26,1,Pending,69.61,2026-05-27
1982,23,10,card,70246.14,2025-09-12,20,Shipped,238.96,2026-01-10
1983,29,7,wallet,29000.62,2024-11-22,26,Cancelled,180.1,2025-09-20
1984,82,36,wallet,38699.08,2025-06-24,10,Cancelled,172.34,2025-12-16
1985,11,86,cash,56407.11,2026-06-15,4,Shipped,266.92,2026-08-06
1986,46,36,card,5222.66,2025-10-27,28,Cancelled,181.84,2025-11-13
1987,44,46,card,2150.42,2024-10-08,30,Shipped,151.45,2025-09-03
1988,62,59,wallet,62633.94,2026-06-01,19,Delivered,95.56,2026-08-04
1989,41,12,card,60468.0,2025-05-23,3,Shipped,96.89,2026-01-08
1990,96,78,card,25496.97,2026-07-15,2,Delivered,182.07,2026-08-09
1991,42,12,card,77543.77,2026-04-20,23,Pending,206.39,2026-08-09
1992,65,28,cash,921.64,2026-02-01,22,Shipped,154.1,2026-07-01
1993,4,86,cash,61814.7,2025-09-21,4,Pending,217.23,2026-04-30
1994,18,9,wallet,40097.57,2025-02-20,14,Cancelled,261.19,2026-06-22
1995,48,38,card,57478.5,2026-07-05,10,Cancelled,64.38,2026-07-29
1996,55,43,cash,74379.58,2026-06-23,29,Shipped,120.75,2026-06-29
1997,38,69,cash,10661.16,2025-02-18,16,Delivered,141.91,2026-06-10
1998,3,79,card,98932.87,2026-01-30,10,Cancelled,91.04,2026-02-23
1999,15,64,cash,86631.71,2025-03-05,9,Delivered,139.16,2025-10-16
2000,40,21,cash,51946.11,2025-12-09,19,Shipped,31.22,2026-01-07
2001,17,59,cash,54618.91,2024-10-31,27,Cancelled,54.11,2025-05-15
2002,87,83,wallet,71580.36,2025-12-02,12,Shipped,242.98,2026-04-19
2003,66,18,card,79158.14,2024-10-31,7,Shipped,103.17,2025-09-05
2004,63,10,wallet,14685.93,2025-01-17,9,Cancelled,62.94,2026-01-02
2005,11,2,cash,55557.98,2025-02-07,5,Pending,93.25,2026-03-28
2006,44,43,cash,69403.97,2026-03-06,11,Pending,224.99,2026-05-02
2007,49,15,card,44615.47,2025-09-03,10,Delivered,91.07,2025-11-23
2008,81,70,card,78002.6,2026-06-11,5,Cancelled,67.41,2026-06-25
2009,13,78,cash,46441.54,2025-08-24,2,Pending,26.4,2026-06-03
2010,15,19,wallet,3558.21,2026-06-26,14,Pending,121.96,2026-07-09
2011,88,16,cash,87051.47,2026-05-13,27,Pending,171.02,2026-08-05
2012,41,38,card,13196.04,2025-04-12,19,Shipped,136.36,2026-05-16
2013,7,12,wallet,17155.02,2025-10-13,11,Cancelled,200.17,2025-11-20
2014,5,39,wallet,80307.57,2025-08-17,4,Shipped,264.78,2026-06-19
2015,15,38,wallet,15044.26,2025-08-10,7,Cancelled,270.57,2026-03-20
2016,24,26,card,34825.59,2026-04-03,1,Pending,285.27,2026-07-12
2017,72,79,cash,19063.2,2024-08-15,7,Shipped,204.1,2024-12-29
2018,35,27,card,14627.83,2024-08-24,10,Pending,259.51,2025-04-19
2019,90,95,wallet,37532.22,2025-10-12,23,Cancelled,134.27,2025-11-24
2020,62,76,cash,8918.82,2025-06-29,21,Cancelled,284.83,2026-08-05
2021,89,98,card,9865.34,2026-06-19,23,Cancelled,182.45,2026-07-08
2022,13,98,wallet,5114.98,2025-05-13,9,Cancelled,128.99,2025-12-29
2023,35,53,card,67611.05,2026-02-06,8,Shipped,172.67,2026-07-23
2024,63,42,cash,91166.66,2025-08-23,26,Delivered,279.32,2025-10-12
2025,53,59,card,96899.95,2024-12-26,28,Shipped,199.01,2026-02-10
2026,46,72,wallet,51968.54,2025-03-08,15,Cancelled,126.57,2025-04-05
2027,58,69,card,74024.8,2025-03-12,9,Shipped,195.83,2026-02-23
2028,16,79,cash,144.46,2025-09-16,3,Delivered,187.47,2025-11-20
2029,37,10,card,3574.5,2025-04-28,27,Shipped,36.8,2025-07-11
2030,39,34,wallet,49570.11,2026-01-14,11,Cancelled,280.53,2026-08-11
2031,65,70,cash,60627.46,2026-07-09,24,Shipped,283.07,2026-07-21
2032,26,65,cash,43498.7,2024-09-14,3,Delivered,265.95,2026-01-25
2033,97,82,cash,63535.02,2026-01-13,26,Cancelled,262.62,2026-04-14
2034,25,27,wallet,24956.97,2026-01-01,16,Shipped,144.45,2026-05-11
2035,74,79,card,67630.79,2025-02-05,5,Delivered,55.6,2025-02-13
2036,35,87,wallet,49847.32,2025-02-07,9,Cancelled,121.16,2025-10-06
2037,55,100,card,58464.55,2026-07-31,4,Cancelled,30.78,2026-08-01
2038,1,60,wallet,47361.71,2026-04-28,4,Pending,119.13,2026-08-07
2039,99,79,card,80811.53,2025-12-12,5,Cancelled,25.55,2026-03-27
2040,84,87,card,84102.39,2024-09-20,20,Shipped,101.34,2025-03-29
2041,30,87,wallet,43241.78,2025-03-10,2,Shipped,99.44,2026-07-22
2042,10,3,cash,42468.6,2024-11-12,10,Shipped,223.18,2025-10-21
2043,23,82,cash,53914.87,2026-01-08,13,Pending,44.87,2026-08-04
2044,42,56,card,12601.1,2026-01-26,28,Pending,275.32,2026-04-18
2045,75,27,cash,53136.1,2026-06-30,30,Shipped,211.14,2026-08-09
2046,68,19,card,59901.84,2025-05-27,14,Cancelled,256.05,2025-06-25
2047,59,98,card,69993.41,2025-11-24,3,Delivered,126.38,2025-12-10
2048,26,77,cash,57417.18,2025-07-09,4,Cancelled,61.54,2026-03-29
2049,37,38,wallet,37145.39,2025-10-27,12,Pending,234.63,2025-12-19
2050,43,37,wallet,58466.08,2025-05-21,24,Delivered,85.49,2026-03-13
2051,99,68,wallet,63721.39,2024-12-29,20,Shipped,108.89,2026-06-01
2052,56,91,cash,19339.53,2026-05-06,7,Cancelled,203.33,2026-05-13
2053,9,72,cash,87575.04,2026-05-07,4,Pending,75.43,2026-07-28
2054,8,44,card,40243.56,2024-12-15,29,Cancelled,230.21,2025-12-19
2055,34,66,cash,26600.09,2025-02-24,23,Shipped,248.5,2026-01-26
2056,73,62,cash,61463.06,2026-05-26,14,Pending,148.35,2026-06-20
2057,75,38,wallet,35756.44,2026-04-29,29,Pending,28.35,2026-06-14
2058,15,1,wallet,10435.16,2025-09-20,27,Shipped,110.98,2026-04-01
2059,28,58,card,60220.36,2026-07-08,13,Pending,252.69,2026-07-10
2060,97,44,card,76603.15,2026-07-25,9,Delivered,241.85,2026-08-07
2061,47,54,card,52485.72,2025-01-01,21,Shipped,23.97,2026-04-16
2062,24,35,cash,9073.87,2026-01-30,8,Cancelled,102.57,2026-01-30
2063,59,84,card,88580.76,2024-12-12,26,Pending,79.27,2026-06-19
2064,95,77,cash,91498.32,2025-02-25,17,Delivered,63.74,2025-08-08
2065,11,70,card,62411.98,2024-08-20,27,Shipped,224.65,2025-09-11
2066,96,3,cash,31152.32,2026-02-22,11,Delivered,133.7,2026-07-10
2067,70,33,card,61426.21,2025-11-04,7,Pending,161.58,2026-07-19
2068,60,67,wallet,66416.69,2025-12-27,7,Cancelled,171.0,2026-06-08
2069,2,98,card,18189.76,2025-02-15,12,Delivered,278.15,2025-11-09
2070,21,31,cash,8244.43,2025-09-28,9,Shipped,230.35,2026-05-31
2071,31,27,cash,2853.32,2026-05-22,17,Pending,97.22,2026-06-26
2072,30,19,card,74384.28,2025-04-30,29,Delivered,136.42,2026-06-24
2073,92,15,card,31066.41,2026-04-03,2,Shipped,233.92,2026-05-16
2074,83,73,cash,54615.39,2024-08-29,23,Shipped,266.09,2026-04-24
2075,62,71,cash,91962.62,2025-07-23,20,Shipped,144.83,2026-03-19
2076,87,77,wallet,2476.52,2026-04-01,20,Pending,121.6,2026-06-02
2077,12,7,cash,30755.77,2025-09-01,3,Cancelled,176.94,2026-05-23
2078,62,23,cash,79753.71,2026-07-25,19,Delivered,121.12,2026-08-03
2079,95,41,cash,42911.06,2025-08-25,13,Cancelled,88.53,2025-12-28
2080,53,25,cash,11808.68,2024-09-14,18,Shipped,127.67,2025-09-19
2081,12,29,cash,40477.52,2026-02-18,19,Delivered,43.74,2026-06-28
2082,100,82,cash,76071.06,2026-04-16,15,Pending,252.96,2026-08-04
2083,39,54,wallet,7010.82,2025-06-30,14,Cancelled,39.15,2026-08-04
2084,74,83,cash,22465.65,2025-07-07,27,Delivered,106.44,2025-11-07
2085,24,92,wallet,70584.96,2025-09-06,4,Pending,83.46,2025-09-27
2086,81,31,cash,90110.95,2025-07-27,23,Shipped,191.21,2026-04-05
2087,33,1,cash,52142.06,2025-04-24,15,Shipped,199.88,2025-07-08
2088,8,89,wallet,8039.21,2026-07-18,3,Pending,159.69,2026-07-30
2089,23,43,cash,78494.72,2025-02-28,3,Pending,127.36,2025-06-05
2090,15,89,card,43088.99,2026-03-02,1,Shipped,97.5,2026-05-23
2091,60,8,card,38097.21,2025-05-03,25,Shipped,164.8,2026-06-16
2092,30,85,card,14372.3,2025-06-27,6,Cancelled,49.92,2026-04-16
2093,55,49,card,38139.94,2025-06-10,15,Cancelled,72.84,2026-06-22
2094,54,15,cash,88711.89,2025-08-31,13,Cancelled,112.87,2026-03-11
2095,42,73,card,30513.88,2025-03-06,20,Pending,289.21,2025-09-19
2096,75,33,card,13302.8,2025-11-21,11,Pending,268.29,2026-07-21
2097,84,93,wallet,48773.49,2025-06-14,21,Shipped,245.8,2026-06-23
2098,100,94,wallet,54495.23,2026-02-10,19,Pending,217.69,2026-06-26
2099,84,21,wallet,52525.4,2025-09-25,12,Cancelled,95.63,2026-05-21
2100,39,43,wallet,82670.72,2025-04-26,22,Shipped,178.06,2026-02-11
2101,77,99,wallet,62754.12,2024-11-11,14,Shipped,51.3,2026-07-20
2102,52,71,cash,93025.47,2024-09-14,18,Pending,136.47,2025-10-02
2103,96,5,cash,68758.13,2026-05-06,2,Pending,30.79,2026-06-24
2104,3,10,cash,86025.87,2024-09-25,18,Pending,54.82,2025-09-19
2105,62,96,wallet,39248.84,2025-07-26,13,Shipped,217.25,2026-01-02
2106,99,4,cash,43557.56,2026-05-10,23,Pending,109.94,2026-06-29
2107,19,28,wallet,61019.09,2025-12-05,11,Cancelled,218.0,2026-02-02
2108,48,75,card,73795.33,2024-10-05,28,Delivered,54.99,2025-01-11
2109,98,22,card,46255.45,2024-08-23,24,Delivered,172.91,2025-08-07
2110,13,100,wallet,2979.32,2025-03-03,20,Pending,288.23,2025-04-06
2111,29,4,wallet,48011.86,2025-06-20,3,Cancelled,41.8,2025-07-30
2112,7,61,cash,98535.24,2024-08-30,6,Delivered,140.34,2025-06-16
2113,26,55,card,53848.61,2026-01-12,30,Pending,165.14,2026-06-11
2114,40,46,wallet,46966.33,2024-09-22,5,Shipped,210.08,2026-01-11
2115,17,22,card,81680.02,2026-05-13,2,Cancelled,262.52,2026-07-25
2116,85,75,card,50260.39,2025-09-13,7,Cancelled,40.35,2026-01-30
2117,67,11,cash,37632.19,2024-12-28,2,Shipped,55.8,2026-01-23
2118,20,57,cash,78968.03,2025-02-04,13,Shipped,291.41,2025-07-12
2119,64,95,wallet,86061.91,2025-11-24,29,Shipped,210.19,2026-05-30
2120,27,54,cash,84850.38,2025-06-02,15,Shipped,186.93,2025-09-26
2121,42,81,wallet,72857.98,2026-01-27,16,Cancelled,71.44,2026-01-29
2122,20,74,card,19118.26,2026-04-19,22,Pending,156.84,2026-07-28
2123,100,18,wallet,66360.66,2025-04-29,9,Pending,287.76,2026-07-06
2124,31,54,card,76284.66,2025-05-07,8,Delivered,117.89,2026-07-30
2125,57,32,card,92756.97,2025-09-20,12,Cancelled,81.21,2026-08-10
2126,74,35,cash,33097.18,2025-12-06,30,Shipped,267.43,2026-08-02
2127,86,38,cash,22310.41,2024-10-27,20,Cancelled,197.4,2025-12-04
2128,46,49,cash,69742.65,2026-05-04,8,Shipped,225.94,2026-06-27
2129,47,65,card,27992.92,2024-10-09,22,Cancelled,162.81,2024-11-10
2130,58,42,cash,5678.08,2024-11-06,30,Delivered,106.82,2025-10-21
2131,54,59,cash,1447.17,2025-01-04,21,Shipped,52.46,2026-01-14
2132,78,23,cash,74492.44,2024-10-15,22,Cancelled,142.44,2026-01-04
2133,63,73,card,22572.88,2026-01-27,4,Cancelled,58.52,2026-02-20
2134,2,68,card,91541.46,2024-12-26,9,Delivered,149.73,2025-01-03
2135,71,13,card,17329.33,2024-09-22,2,Pending,249.02,2026-03-10
2136,97,13,wallet,81528.25,2026-01-31,17,Pending,54.96,2026-08-04
2137,75,58,wallet,46427.88,2024-12-16,15,Pending,47.95,2026-07-17
2138,21,8,card,14882.4,2025-08-16,5,Delivered,139.48,2025-10-27
2139,93,74,card,65664.27,2024-10-30,24,Cancelled,148.3,2025-05-26
2140,92,33,cash,4435.41,2026-04-21,29,Shipped,284.44,2026-05-11
2141,21,34,cash,35960.87,2025-03-30,2,Delivered,149.07,2025-11-12
2142,75,85,card,99305.5,2024-10-22,6,Shipped,72.04,2025-04-23
2143,93,14,cash,16894.65,2025-11-19,15,Cancelled,191.58,2026-05-19
2144,54,64,card,55449.25,2024-09-24,16,Cancelled,180.97,2025-06-13
2145,4,83,wallet,26271.52,2025-03-30,28,Cancelled,268.81,2026-06-03
2146,20,89,wallet,12286.83,2026-02-22,30,Pending,159.04,2026-05-16
2147,66,23,cash,54357.49,2024-10-21,20,Shipped,177.72,2024-11-14
2148,21,40,cash,5414.09,2024-10-13,25,Delivered,135.45,2026-06-29
2149,35,24,card,42407.1,2026-06-21,10,Delivered,30.51,2026-07-28
2150,12,73,wallet,77897.35,2026-06-21,14,Cancelled,118.31,2026-07-19
2151,67,7,card,96398.95,2025-11-30,5,Delivered,293.42,2026-05-10
2152,100,53,cash,57003.24,2024-11-09,14,Delivered,248.4,2024-12-20
2153,21,24,wallet,64182.44,2025-09-09,19,Pending,25.52,2025-12-25
2154,7,5,card,91895.75,2026-02-09,2,Shipped,131.08,2026-03-06
2155,79,52,cash,89412.13,2026-02-15,1,Delivered,132.94,2026-07-25
2156,7,64,cash,72087.58,2025-01-02,18,Pending,37.28,2025-04-09
2157,57,65,wallet,74718.41,2026-06-17,30,Shipped,231.28,2026-07-19
2158,19,17,card,97931.48,2025-04-18,14,Delivered,154.06,2025-06-07
2159,36,46,cash,45127.26,2025-04-04,14,Delivered,164.53,2025-08-13
2160,79,47,card,38779.08,2025-02-11,19,Cancelled,68.49,2025-07-24
2161,53,69,cash,54971.45,2025-05-21,28,Delivered,210.12,2025-11-23
2162,29,88,cash,78506.14,2025-11-24,4,Shipped,230.81,2026-04-09
2163,34,55,card,6159.09,2026-06-11,13,Pending,274.18,2026-07-19
2164,13,36,wallet,81993.82,2024-10-14,24,Cancelled,123.43,2026-03-31
2165,24,82,cash,70310.95,2025-02-21,13,Pending,181.05,2025-06-08
2166,47,45,wallet,31619.14,2024-10-04,1,Cancelled,176.08,2026-08-11
2167,93,4,wallet,45046.15,2025-01-05,18,Shipped,199.0,2025-06-01
2168,71,14,wallet,38095.67,2026-04-17,6,Cancelled,204.88,2026-04-22
2169,32,9,card,75583.14,2025-07-25,30,Pending,115.45,2025-12-01
2170,19,85,cash,88806.15,2025-07-29,17,Shipped,256.08,2025-10-27
2171,25,10,card,13087.32,2026-03-25,13,Shipped,87.36,2026-04-21
2172,21,80,cash,96351.43,2025-12-30,16,Delivered,233.16,2026-02-28
2173,22,80,card,39960.87,2025-08-01,21,Pending,100.45,2026-03-18
2174,78,90,cash,47689.83,2025-12-18,5,Shipped,159.21,2026-06-23
2175,73,20,cash,87853.62,2025-05-26,12,Shipped,101.56,2025-07-27
2176,48,80,wallet,42075.67,2025-05-04,7,Delivered,258.38,2025-10-29
2177,60,73,wallet,14613.9,2024-12-10,24,Shipped,136.43,2025-04-08
2178,87,71,wallet,90653.44,2026-06-05,24,Cancelled,298.0,2026-08-10
2179,12,52,cash,56914.36,2025-01-12,15,Cancelled,26.59,2025-09-24
2180,31,22,card,70682.42,2024-11-27,27,Shipped,197.07,2026-07-25
2181,7,20,cash,89822.46,2026-02-28,13,Pending,70.81,2026-08-01
2182,16,83,cash,23878.97,2025-08-17,14,Pending,203.95,2026-02-15
2183,23,61,cash,78876.86,2025-11-24,6,Shipped,29.66,2026-05-29
2184,52,62,wallet,85139.57,2026-03-08,7,Cancelled,282.19,2026-05-13
2185,89,47,wallet,1693.72,2025-12-18,13,Shipped,275.12,2026-05-16
2186,40,90,wallet,43764.64,2025-07-30,27,Shipped,61.82,2025-10-28
2187,37,99,cash,80442.17,2026-07-15,22,Shipped,239.1,2026-07-27
2188,43,11,wallet,53899.08,2026-07-03,27,Pending,142.49,2026-08-02
2189,56,7,wallet,85713.38,2025-11-13,2,Cancelled,91.58,2026-01-24
2190,70,33,wallet,64805.78,2024-08-14,4,Shipped,187.75,2024-11-01
2191,52,63,wallet,75775.2,2026-02-20,30,Delivered,31.08,2026-06-12
2192,39,56,cash,63517.82,2024-10-15,2,Pending,282.72,2025-05-30
2193,96,88,card,64824.55,2026-08-05,11,Cancelled,147.93,2026-08-11
2194,88,38,wallet,65865.52,2024-08-17,28,Delivered,203.83,2025-07-24
2195,14,51,cash,7902.43,2026-01-03,2,Pending,252.76,2026-08-05
2196,39,5,card,32703.15,2026-01-18,4,Cancelled,284.88,2026-05-30
2197,8,14,cash,24677.05,2025-11-24,2,Shipped,274.4,2026-05-07
2198,2,62,cash,40257.4,2026-02-02,15,Pending,132.83,2026-07-11
2199,74,2,wallet,57815.3,2025-11-28,11,Pending,216.48,2026-03-24
2200,56,50,cash,91622.77,2026-07-20,19,Delivered,66.91,2026-08-09
2201,5,90,cash,30698.83,2026-08-01,5,Pending,193.34,2026-08-09
2202,96,28,wallet,6135.96,2026-07-09,25,Cancelled,216.65,2026-08-11
2203,23,7,card,80689.21,2026-02-06,7,Delivered,245.0,2026-03-26
2204,43,90,cash,56261.01,2026-03-02,3,Shipped,23.83,2026-03-27
2205,24,39,wallet,35217.58,2025-02-26,13,Pending,240.24,2026-04-23
2206,63,96,cash,84405.44,2026-04-30,4,Delivered,181.04,2026-06-18
2207,75,42,card,4715.1,2026-03-31,28,Delivered,269.06,2026-05-01
2208,47,68,wallet,8794.38,2026-05-13,30,Pending,181.26,2026-08-03
2209,28,18,cash,36498.77,2025-11-17,12,Cancelled,53.95,2026-07-03
2210,56,7,card,1331.95,2024-10-21,23,Shipped,38.58,2026-07-20
2211,82,6,card,39799.21,2026-01-17,4,Delivered,207.56,2026-01-31
2212,21,39,cash,21293.7,2025-05-31,24,Cancelled,170.63,2026-02-09
2213,55,70,cash,73102.33,2024-10-22,11,Shipped,263.15,2025-11-21
2214,33,47,cash,29163.29,2026-06-03,3,Shipped,110.08,2026-07-08
2215,10,56,cash,271.89,2025-11-29,25,Pending,112.41,2026-01-04
2216,68,93,cash,74157.03,2025-08-15,22,Shipped,161.74,2025-12-29
2217,35,83,wallet,38612.75,2024-08-14,3,Delivered,138.44,2024-08-20
2218,18,87,wallet,78941.24,2024-12-10,26,Cancelled,161.61,2025-12-17
2219,94,82,card,15915.58,2026-03-12,11,Delivered,284.18,2026-05-07
2220,59,16,wallet,57428.03,2026-01-05,11,Delivered,163.58,2026-05-05
2221,25,42,wallet,39075.93,2025-10-03,15,Shipped,53.15,2026-05-09
2222,68,1,wallet,53770.87,2024-12-04,7,Shipped,268.71,2026-01-27
2223,64,43,card,69368.51,2024-08-13,15,Pending,174.94,2024-09-04
2224,56,56,card,82172.66,2026-07-28,12,Pending,72.5,2026-08-08
2225,75,97,wallet,95473.52,2026-02-18,28,Pending,156.81,2026-05-27
2226,61,25,card,30184.39,2025-11-20,2,Shipped,213.13,2026-05-06
2227,85,38,card,34691.9,2025-02-08,21,Pending,32.67,2026-01-13
2228,32,13,cash,66403.45,2025-09-07,24,Shipped,30.16,2025-10-20
2229,52,69,wallet,43504.44,2024-12-23,9,Delivered,122.2,2026-04-05
2230,10,43,wallet,10725.72,2024-09-08,4,Cancelled,261.3,2024-12-21
2231,22,8,wallet,74721.55,2024-08-26,21,Shipped,152.15,2025-04-25
2232,74,78,card,34117.65,2026-03-15,12,Shipped,204.28,2026-04-30
2233,79,28,cash,62723.1,2026-06-29,8,Pending,156.69,2026-07-08
2234,56,53,wallet,71112.3,2026-01-10,17,Cancelled,263.3,2026-04-14
2235,31,52,cash,87370.32,2025-09-24,7,Delivered,257.81,2025-10-06
2236,45,89,cash,2566.55,2026-04-05,10,Delivered,79.83,2026-04-22
2237,99,45,wallet,55921.08,2025-11-11,1,Delivered,69.99,2025-11-30
2238,23,13,card,81071.76,2025-02-25,3,Delivered,190.43,2025-06-11
2239,68,58,cash,9843.29,2026-07-08,10,Pending,269.43,2026-07-30
2240,2,19,card,74742.58,2026-05-16,17,Cancelled,292.08,2026-07-02
2241,67,85,cash,98019.45,2025-01-09,4,Pending,31.86,2025-09-30
2242,100,95,wallet,63112.76,2024-11-16,13,Shipped,200.65,2025-12-28
2243,7,89,wallet,2530.19,2026-02-12,16,Cancelled,222.09,2026-04-18
2244,64,42,wallet,76749.53,2025-02-11,1,Cancelled,86.73,2025-04-20
2245,26,81,card,76842.47,2024-12-11,7,Cancelled,30.3,2025-06-26
2246,81,16,card,75736.21,2025-01-20,5,Cancelled,46.5,2026-04-09
2247,61,29,card,76876.93,2024-11-13,12,Cancelled,247.92,2025-08-20
2248,45,34,cash,48284.44,2025-05-07,16,Delivered,210.4,2026-04-24
2249,93,84,card,97792.91,2026-04-10,20,Delivered,177.18,2026-08-09
2250,19,19,card,12672.65,2025-07-06,11,Cancelled,164.15,2025-11-18
2251,3,81,wallet,65753.54,2025-01-23,20,Shipped,26.68,2025-08-21
2252,27,5,wallet,94841.67,2025-11-05,21,Shipped,246.21,2026-02-05
2253,61,4,card,90201.38,2025-06-12,7,Cancelled,249.66,2026-08-10
2254,1,58,cash,36688.96,2026-07-14,20,Shipped,275.8,2026-07-16
2255,85,29,cash,71647.36,2025-09-24,14,Pending,227.61,2025-11-18
2256,22,60,cash,16561.73,2025-02-02,2,Pending,210.12,2026-05-15
2257,53,68,card,22598.4,2025-05-19,8,Delivered,237.54,2026-03-28
2258,77,33,cash,18807.36,2026-05-26,27,Cancelled,159.73,2026-08-02
2259,56,63,card,86746.87,2025-12-02,1,Delivered,21.59,2026-07-06
2260,3,9,wallet,2095.53,2026-07-03,13,Shipped,59.23,2026-08-05
2261,37,12,cash,37129.65,2026-07-08,10,Delivered,154.03,2026-07-11
2262,46,78,wallet,51032.8,2025-11-07,4,Cancelled,250.86,2026-04-08
2263,55,19,wallet,90802.54,2026-06-23,7,Shipped,37.12,2026-07-05
2264,3,61,wallet,8945.3,2025-09-05,18,Shipped,291.19,2026-06-14
2265,89,98,cash,90137.16,2025-07-13,28,Shipped,251.8,2025-09-20
2266,69,34,wallet,62822.69,2024-11-07,15,Pending,114.77,2025-03-20
2267,46,36,cash,30088.99,2025-12-30,2,Delivered,66.39,2026-03-26
2268,5,56,cash,80887.19,2026-03-24,18,Delivered,48.01,2026-05-11
2269,95,18,card,61810.65,2025-01-12,9,Shipped,208.31,2025-08-19
2270,25,97,wallet,24851.86,2025-02-09,7,Shipped,122.32,2026-03-06
2271,69,35,wallet,50979.81,2025-06-05,22,Delivered,99.31,2026-04-12
2272,73,63,cash,90811.37,2024-12-22,16,Delivered,192.39,2026-05-31
2273,16,36,wallet,45479.62,2025-04-14,26,Cancelled,153.21,2025-09-06
2274,92,96,wallet,49981.83,2025-06-26,22,Delivered,290.32,2025-08-16
2275,67,35,card,20789.54,2025-03-06,26,Shipped,53.72,2025-09-27
2276,67,75,wallet,63825.28,2025-02-02,21,Delivered,168.0,2026-03-23
2277,49,56,cash,41982.37,2024-12-24,18,Cancelled,296.19,2026-05-14
2278,21,60,cash,37581.12,2025-06-21,17,Cancelled,241.61,2026-02-28
2279,33,27,wallet,76483.7,2026-04-05,27,Shipped,277.78,2026-05-15
2280,96,70,wallet,53836.72,2025-05-31,2,Delivered,272.96,2025-11-28
2281,34,66,cash,55512.26,2024-12-06,4,Cancelled,256.07,2025-07-28
2282,40,69,card,71894.26,2025-07-24,24,Cancelled,68.9,2026-02-12
2283,75,3,card,74325.69,2025-12-07,10,Delivered,280.19,2026-05-20
2284,80,88,cash,61043.69,2025-06-26,4,Shipped,49.87,2026-06-24
2285,56,56,cash,97849.3,2026-04-16,18,Shipped,295.87,2026-06-08
2286,22,86,card,77272.98,2026-05-16,2,Shipped,76.54,2026-08-12
2287,70,36,card,29342.08,2024-09-04,9,Shipped,271.97,2025-05-03
2288,69,86,wallet,42813.99,2026-05-14,29,Pending,37.78,2026-08-06
2289,68,22,card,78299.49,2025-08-10,11,Cancelled,228.74,2026-05-21
2290,82,89,wallet,58937.05,2024-10-19,28,Delivered,161.41,2025-08-01
2291,3,12,card,58271.58,2026-01-05,10,Pending,283.13,2026-01-23
2292,43,80,cash,36742.97,2026-07-22,15,Delivered,133.85,2026-08-10
2293,24,32,wallet,47849.08,2025-04-12,15,Pending,60.68,2025-04-13
2294,21,47,wallet,25189.04,2026-02-08,10,Pending,46.72,2026-07-20
2295,80,85,cash,51759.75,2024-09-04,26,Cancelled,270.79,2025-05-05
2296,69,77,cash,25007.05,2026-03-20,10,Pending,257.62,2026-05-19
2297,40,58,card,94251.17,2026-01-08,10,Cancelled,211.18,2026-08-09
2298,82,71,card,37603.48,2024-09-24,25,Pending,187.46,2024-10-02
2299,33,40,cash,67194.95,2025-09-11,22,Delivered,123.85,2026-04-20
2300,65,70,cash,69051.63,2025-07-16,27,Cancelled,93.49,2026-02-20
2301,71,22,wallet,8388.23,2026-02-04,14,Cancelled,143.14,2026-03-01
2302,31,8,card,4729.22,2025-11-18,7,Cancelled,122.0,2026-01-10
2303,1,14,cash,8861.42,2025-02-16,20,Cancelled,119.55,2025-07-14
2304,63,30,cash,37488.51,2025-11-20,21,Shipped,100.99,2026-07-01
2305,77,34,cash,55071.68,2024-09-21,17,Delivered,92.52,2025-05-30
2306,62,38,cash,25661.43,2025-02-21,3,Cancelled,126.9,2026-02-22
2307,34,54,card,23351.86,2024-12-07,25,Pending,289.94,2026-07-02
2308,97,26,cash,42604.36,2024-12-05,20,Pending,25.87,2025-09-01
2309,5,59,card,100.33,2025-06-18,28,Shipped,84.7,2025-06-19
2310,89,79,cash,43842.1,2026-01-31,23,Shipped,69.85,2026-07-15
2311,62,29,cash,97929.12,2024-11-16,28,Pending,184.76,2025-01-31
2312,30,19,card,75701.63,2025-03-19,13,Shipped,182.07,2025-10-13
2313,80,91,card,80165.35,2025-01-31,22,Cancelled,223.95,2026-03-12
2314,89,24,cash,57817.35,2025-09-15,13,Pending,201.06,2025-11-25
2315,93,100,wallet,34134.62,2024-11-09,18,Cancelled,172.34,2025-12-04
2316,30,24,card,86928.86,2026-04-25,1,Shipped,41.65,2026-08-09
2317,97,76,card,958.11,2024-12-13,2,Shipped,129.71,2025-11-06
2318,94,32,cash,21726.68,2025-04-25,25,Delivered,224.86,2026-01-15
2319,27,89,cash,66987.93,2024-09-12,25,Shipped,45.64,2025-06-02
2320,93,70,card,40183.35,2025-08-14,20,Shipped,68.7,2025-12-06
2321,8,54,card,91605.64,2026-03-18,7,Pending,273.33,2026-03-26
2322,82,22,cash,42334.52,2025-10-05,21,Shipped,168.23,2025-11-06
2323,37,92,wallet,70700.96,2025-03-27,8,Cancelled,20.35,2026-06-08
2324,4,87,wallet,9480.71,2026-03-18,8,Pending,24.38,2026-05-20
2325,50,71,card,19243.14,2025-08-17,23,Delivered,268.66,2026-07-14
2326,74,11,card,44116.52,2026-05-10,11,Pending,21.97,2026-08-05
2327,64,86,card,16293.7,2025-11-06,12,Shipped,159.26,2026-06-12
2328,30,96,wallet,75439.42,2025-12-03,15,Delivered,92.34,2025-12-30
2329,71,25,card,98900.52,2024-11-12,3,Shipped,163.09,2026-07-01
2330,34,11,card,36352.16,2025-10-10,29,Cancelled,199.29,2026-03-21
2331,25,12,card,13501.44,2024-09-12,28,Pending,157.86,2026-02-15
2332,36,62,card,15744.69,2024-12-15,3,Cancelled,194.45,2025-04-08
2333,69,21,card,80102.5,2024-12-28,9,Delivered,46.46,2025-08-22
2334,93,35,cash,4988.17,2026-07-05,9,Pending,232.12,2026-08-07
2335,17,50,cash,93607.53,2026-05-12,28,Delivered,53.01,2026-07-27
2336,49,100,cash,22246.53,2025-04-07,3,Cancelled,177.06,2026-06-13
2337,81,6,card,46048.61,2026-08-10,23,Cancelled,295.54,2026-08-12
2338,75,84,wallet,62643.87,2026-03-06,18,Shipped,157.19,2026-06-13
2339,14,2,card,43363.96,2025-07-10,18,Delivered,185.84,2025-08-26
2340,64,98,cash,49912.86,2025-09-15,6,Cancelled,79.51,2026-02-15
2341,5,50,card,34700.4,2024-10-03,19,Shipped,268.16,2025-01-29
2342,46,75,card,70940.43,2025-04-29,22,Shipped,234.15,2026-08-06
2343,60,26,cash,81382.1,2024-09-28,14,Pending,244.12,2025-12-22
2344,67,63,cash,2112.73,2025-11-19,23,Pending,269.54,2025-12-01
2345,74,38,wallet,4231.9,2025-12-26,7,Shipped,67.66,2026-06-01
2346,9,66,card,40903.05,2025-02-23,22,Shipped,50.75,2025-04-09
2347,96,10,card,5609.73,2025-12-23,2,Pending,215.33,2026-03-19
2348,26,90,card,11474.35,2026-03-23,28,Shipped,260.3,2026-04-07
2349,45,3,card,34368.32,2024-12-07,25,Delivered,116.31,2025-04-13
2350,45,31,card,50014.39,2025-11-15,24,Shipped,53.89,2026-02-10
2351,37,58,cash,69361.65,2025-09-21,28,Delivered,125.91,2026-02-03
2352,69,71,wallet,53870.62,2026-05-11,13,Cancelled,194.55,2026-06-27
2353,16,1,cash,76653.39,2026-07-28,11,Pending,272.05,2026-07-31
2354,64,25,wallet,24175.76,2025-06-27,26,Cancelled,51.38,2026-05-02
2355,5,40,card,10516.83,2025-03-22,3,Pending,82.16,2026-01-23
2356,30,34,wallet,30261.63,2026-03-05,25,Pending,55.42,2026-05-09
2357,87,97,wallet,16975.75,2025-05-29,26,Shipped,196.76,2026-02-19
2358,2,51,card,38877.16,2025-10-22,16,Delivered,28.13,2026-07-30
2359,42,1,cash,78211.8,2026-04-16,28,Pending,239.26,2026-05-13
2360,2,24,wallet,15966.56,2025-02-21,9,Pending,136.28,2025-10-08
2361,44,23,cash,89748.15,2025-02-25,11,Shipped,169.73,2025-06-10
2362,2,97,wallet,90088.08,2025-12-27,27,Cancelled,157.13,2026-05-16
2363,28,24,wallet,6223.07,2026-02-13,14,Pending,44.35,2026-02-23
2364,48,99,cash,68627.19,2024-10-16,21,Shipped,63.49,2024-11-03
2365,70,23,card,74796.42,2026-01-22,4,Delivered,231.58,2026-06-22
2366,1,27,cash,8858.28,2026-03-30,13,Pending,127.62,2026-06-27
2367,38,71,wallet,15547.94,2025-06-29,9,Cancelled,151.09,2026-06-28
2368,78,58,card,86925.07,2025-10-26,2,Cancelled,225.46,2026-05-16
2369,17,49,card,17020.17,2025-10-24,15,Delivered,113.47,2026-07-24
2370,23,18,cash,25177.96,2026-03-24,5,Delivered,298.61,2026-06-08
2371,95,99,cash,22261.37,2024-09-28,10,Shipped,74.41,2025-10-12
2372,13,66,wallet,27793.96,2024-11-29,2,Pending,78.34,2025-07-22
2373,24,52,wallet,15434.57,2025-07-20,17,Delivered,103.27,2026-08-02
2374,87,28,card,12418.17,2025-10-26,4,Cancelled,146.35,2026-02-13
2375,43,70,wallet,87585.0,2025-11-19,10,Shipped,140.47,2025-12-23
2376,76,86,wallet,58521.06,2026-01-14,19,Cancelled,190.66,2026-02-06
2377,99,93,card,14686.34,2025-03-14,19,Cancelled,108.62,2026-02-03
2378,63,7,card,71630.88,2026-05-26,20,Shipped,152.27,2026-07-21
2379,48,23,card,92261.83,2025-08-07,14,Shipped,131.41,2026-06-05
2380,16,49,cash,59759.49,2025-06-26,12,Delivered,38.89,2026-08-05
2381,62,94,wallet,92904.23,2026-06-20,14,Cancelled,296.87,2026-07-02
2382,87,64,cash,21917.95,2025-09-04,26,Shipped,250.97,2026-03-05
2383,77,32,wallet,27419.09,2025-03-10,14,Shipped,86.12,2026-04-17
2384,19,74,cash,95805.94,2026-02-16,19,Shipped,199.13,2026-06-21
2385,47,49,cash,46523.71,2026-03-04,16,Cancelled,42.36,2026-05-21
2386,74,85,wallet,51331.42,2025-09-25,30,Shipped,173.59,2026-06-09
2387,34,18,card,66868.96,2025-09-16,26,Delivered,141.88,2025-09-21
2388,10,62,card,8446.98,2025-06-26,18,Shipped,287.16,2026-02-27
2389,23,62,cash,73120.59,2025-05-10,7,Cancelled,85.49,2025-05-19
2390,63,70,cash,18344.53,2025-07-30,28,Cancelled,87.97,2025-10-14
2391,4,50,wallet,36575.29,2024-10-13,7,Pending,83.1,2025-11-28
2392,82,82,card,5915.77,2026-03-07,7,Pending,276.22,2026-04-26
2393,25,48,wallet,60011.58,2026-05-05,23,Pending,38.55,2026-07-30
2394,18,96,cash,68201.57,2024-09-02,4,Pending,238.77,2025-04-12
2395,55,67,card,67412.11,2025-06-26,3,Cancelled,84.78,2026-02-13
2396,10,22,cash,8249.71,2024-08-24,18,Delivered,206.62,2025-09-17
2397,96,66,wallet,91587.89,2026-03-10,25,Cancelled,217.35,2026-08-07
2398,40,16,cash,62301.87,2025-02-04,23,Pending,207.03,2025-09-22
2399,70,36,wallet,4627.09,2025-07-15,6,Delivered,96.19,2025-07-23
2400,24,68,cash,56544.96,2025-05-04,11,Pending,192.45,2026-04-29
2401,75,1,card,10515.34,2025-07-16,9,Delivered,273.08,2026-05-30
2402,87,2,wallet,63367.0,2025-02-27,27,Shipped,140.23,2025-03-20
2403,54,16,wallet,88136.44,2025-02-10,18,Cancelled,61.32,2025-06-28
2404,29,58,cash,92064.56,2025-02-08,16,Delivered,42.76,2026-03-06
2405,7,29,cash,97399.56,2025-07-31,4,Pending,26.86,2025-08-02
2406,2,51,wallet,656.75,2025-01-02,23,Shipped,273.84,2025-11-30
2407,39,86,cash,3473.29,2025-10-15,25,Shipped,93.99,2026-03-26
2408,22,85,cash,60575.34,2024-08-26,2,Delivered,275.65,2025-04-05
2409,60,55,card,17529.51,2024-09-20,26,Cancelled,66.42,2026-01-22
2410,77,9,wallet,43562.2,2025-02-19,21,Delivered,292.98,2025-12-06
2411,63,46,wallet,80372.32,2025-02-15,2,Delivered,89.76,2026-04-17
2412,55,79,card,64167.23,2026-01-21,13,Cancelled,199.08,2026-07-23
2413,75,7,card,67420.46,2025-09-17,21,Shipped,155.48,2026-05-30
2414,71,19,wallet,74813.26,2026-08-07,4,Delivered,129.39,2026-08-12
2415,25,5,cash,96526.39,2025-05-01,19,Pending,155.54,2026-02-24
2416,85,66,wallet,35926.0,2024-12-02,19,Delivered,242.32,2026-01-31
2417,89,40,wallet,74272.73,2025-06-16,24,Shipped,158.06,2025-09-01
2418,73,76,card,76193.82,2026-05-23,29,Shipped,72.82,2026-06-18
2419,61,9,wallet,18247.03,2025-04-08,25,Shipped,99.99,2025-09-22
2420,73,63,wallet,4481.42,2025-08-06,29,Delivered,270.12,2026-06-22
2421,79,23,card,83814.08,2026-07-21,11,Pending,283.19,2026-08-12
2422,34,61,card,83063.67,2026-03-18,4,Pending,170.74,2026-05-18
2423,10,85,cash,70271.18,2024-10-06,9,Cancelled,219.69,2025-05-06
2424,47,28,cash,37614.74,2025-06-06,27,Pending,52.21,2026-05-12
2425,3,74,card,68616.33,2024-11-22,14,Pending,250.59,2025-06-28
2426,89,3,cash,89150.52,2025-09-27,17,Delivered,39.5,2025-12-02
2427,98,74,cash,61810.83,2024-08-25,22,Shipped,24.15,2025-02-08
2428,75,52,card,44441.49,2026-07-28,30,Pending,101.17,2026-07-30
2429,72,37,card,51121.21,2025-01-04,29,Cancelled,91.26,2026-03-20
2430,87,57,card,20438.06,2026-02-12,1,Delivered,21.5,2026-08-10
2431,1,1,cash,63884.46,2025-07-26,2,Delivered,106.19,2026-03-24
2432,34,7,wallet,11114.63,2025-11-04,5,Pending,187.0,2026-04-28
2433,40,94,card,40606.6,2025-06-29,9,Delivered,120.07,2026-01-12
2434,72,44,cash,95850.73,2025-02-21,20,Cancelled,69.22,2025-12-09
2435,68,88,cash,71621.63,2025-09-10,16,Cancelled,64.4,2026-03-23
2436,4,71,wallet,55577.83,2025-06-08,20,Delivered,50.72,2026-04-26
2437,72,63,cash,71298.76,2025-09-18,2,Shipped,110.61,2026-07-25
2438,34,26,card,99294.52,2026-01-08,18,Shipped,33.55,2026-04-16
2439,39,88,card,64903.05,2026-02-13,7,Cancelled,234.61,2026-07-31
2440,92,74,cash,2630.55,2025-09-18,25,Delivered,83.95,2026-01-20
2441,8,45,cash,32697.79,2026-07-03,7,Shipped,66.37,2026-07-20
2442,60,67,cash,8792.73,2025-08-13,26,Shipped,214.33,2026-03-14
2443,12,6,cash,25377.65,2025-03-01,13,Pending,162.94,2025-08-06
2444,77,82,cash,55880.78,2026-04-01,20,Pending,99.45,2026-08-05
2445,83,88,wallet,63391.44,2025-08-18,5,Cancelled,276.65,2026-07-01
2446,57,96,cash,52566.64,2024-09-08,30,Delivered,176.49,2025-05-24
2447,97,99,wallet,77944.78,2024-12-04,23,Shipped,284.05,2025-12-20
2448,63,92,cash,49079.4,2026-08-11,23,Pending,246.43,2026-08-12
2449,26,44,wallet,17327.25,2024-11-23,14,Delivered,34.88,2026-01-06
2450,8,69,card,25649.12,2025-04-23,7,Pending,247.73,2025-06-28
2451,82,90,card,50969.4,2026-03-03,30,Shipped,246.97,2026-05-20
2452,14,20,card,82301.48,2024-08-31,15,Cancelled,184.39,2024-11-08
2453,58,41,wallet,91232.7,2026-05-09,24,Cancelled,183.86,2026-06-09
2454,91,9,cash,9074.7,2024-12-16,25,Delivered,147.63,2025-01-11
2455,10,9,wallet,58447.4,2026-01-10,4,Delivered,238.96,2026-07-31
2456,66,55,cash,23126.99,2026-02-23,29,Cancelled,147.79,2026-07-15
2457,2,17,wallet,31128.41,2025-03-01,16,Delivered,159.86,2025-04-10
2458,26,31,cash,28985.37,2025-07-14,17,Delivered,222.65,2026-02-12
2459,89,73,cash,97676.86,2025-01-14,14,Pending,39.58,2026-04-02
2460,65,60,card,71986.22,2026-05-13,28,Delivered,81.73,2026-06-28
2461,5,50,cash,83102.66,2026-03-06,29,Pending,66.61,2026-06-14
2462,13,95,card,41342.19,2025-08-13,10,Cancelled,135.58,2026-04-26
2463,41,35,wallet,65282.98,2025-06-29,6,Delivered,148.02,2025-09-19
2464,17,92,card,10998.12,2025-06-27,15,Delivered,126.6,2025-10-06
2465,90,51,wallet,68649.31,2026-04-28,17,Shipped,87.55,2026-05-24
2466,49,53,wallet,29073.6,2025-09-02,19,Shipped,280.08,2026-05-29
2467,65,33,card,87274.07,2026-02-20,28,Shipped,116.73,2026-06-04
2468,8,44,cash,59823.98,2025-03-31,11,Delivered,280.85,2026-01-05
2469,18,81,card,67991.53,2025-07-02,29,Pending,148.17,2025-09-07
2470,23,85,wallet,13954.88,2025-11-20,28,Pending,295.4,2025-12-23
2471,56,81,cash,39427.56,2026-01-15,26,Pending,92.69,2026-05-16
2472,99,26,cash,32298.6,2025-09-29,30,Cancelled,248.82,2026-05-04
2473,21,96,card,33652.15,2024-11-19,6,Pending,209.53,2025-03-23
2474,9,17,cash,73882.38,2026-05-24,25,Pending,239.74,2026-07-26
2475,45,41,card,89020.68,2025-04-10,18,Pending,259.58,2025-07-29
2476,73,79,wallet,15186.31,2026-07-19,5,Cancelled,181.18,2026-07-22
2477,10,62,wallet,32506.81,2026-03-09,18,Pending,223.06,2026-05-08
2478,32,25,card,92184.9,2024-09-30,1,Pending,167.31,2025-10-12
2479,82,70,cash,92652.68,2025-09-05,7,Shipped,99.13,2026-06-16
2480,12,23,wallet,62310.26,2026-07-03,25,Cancelled,112.47,2026-08-02
2481,2,100,cash,14731.64,2025-09-08,12,Cancelled,85.71,2026-08-03
2482,81,46,wallet,41105.42,2025-04-20,26,Cancelled,75.01,2026-04-23
2483,7,17,wallet,11010.91,2024-12-06,5,Pending,209.46,2026-04-18
2484,22,73,card,36886.07,2026-04-06,24,Shipped,169.32,2026-04-06
2485,3,48,card,88260.93,2025-10-12,18,Cancelled,24.97,2026-03-19
2486,59,92,cash,5704.59,2025-07-21,11,Pending,135.44,2026-01-19
2487,28,64,card,44659.5,2024-10-17,16,Cancelled,66.97,2026-07-31
2488,19,82,card,60631.09,2026-02-23,8,Pending,112.84,2026-05-21
2489,54,70,card,60696.22,2026-01-19,14,Shipped,297.96,2026-02-04
2490,83,41,cash,34675.04,2025-09-14,30,Cancelled,145.85,2026-06-30
2491,27,82,cash,471.83,2026-06-15,15,Cancelled,248.1,2026-07-21
2492,57,52,wallet,73089.67,2026-03-09,6,Shipped,151.46,2026-03-19
2493,7,2,cash,1842.99,2025-04-01,29,Cancelled,147.61,2025-05-29
2494,47,1,cash,78897.05,2025-01-06,1,Shipped,222.67,2026-03-24
2495,45,45,wallet,29451.89,2025-12-04,17,Shipped,32.2,2026-02-05
2496,96,63,wallet,98341.1,2025-02-17,12,Cancelled,87.72,2025-07-13
2497,82,56,card,41489.39,2024-11-27,3,Cancelled,230.59,2025-11-04
2498,2,99,card,67148.25,2024-11-04,4,Pending,228.71,2025-04-28
2499,20,100,wallet,43156.81,2025-04-07,11,Shipped,33.26,2026-07-16
2500,78,86,wallet,13409.91,2026-02-26,16,Shipped,160.26,2026-04-28
2501,71,57,cash,49741.74,2025-04-15,18,Delivered,95.2,2025-05-28
2502,48,9,wallet,92465.14,2025-04-03,29,Shipped,21.79,2026-05-31
2503,62,52,card,65091.23,2025-05-28,10,Delivered,174.78,2026-05-25
2504,77,44,cash,16344.05,2024-08-18,5,Shipped,228.72,2025-09-30
2505,22,22,card,97497.39,2025-09-27,10,Delivered,160.37,2026-04-01
2506,38,22,card,430.62,2024-11-22,19,Shipped,40.72,2026-06-05
2507,89,34,card,48430.81,2026-06-29,20,Cancelled,47.65,2026-08-09
2508,48,4,cash,58296.43,2025-04-09,5,Cancelled,87.21,2026-02-07
2509,69,70,cash,34054.75,2024-08-16,5,Shipped,56.0,2025-10-17
2510,72,45,wallet,88818.04,2025-01-03,23,Shipped,98.54,2025-03-13
2511,63,22,cash,30667.06,2024-12-21,21,Pending,230.87,2025-01-19
2512,24,71,card,5383.21,2025-11-10,30,Delivered,144.07,2025-11-18
2513,27,84,card,65169.61,2026-07-09,23,Delivered,180.31,2026-07-22
2514,6,9,wallet,62316.87,2025-04-22,25,Shipped,245.14,2025-11-30
2515,76,11,cash,40158.57,2026-06-04,15,Shipped,108.84,2026-07-15
2516,51,3,card,56718.46,2024-10-23,14,Delivered,33.21,2025-05-10
2517,22,48,card,67423.81,2026-08-06,8,Shipped,271.73,2026-08-12
2518,32,31,cash,26490.97,2024-08-15,22,Cancelled,192.42,2026-01-23
2519,4,18,wallet,45651.88,2026-03-26,4,Cancelled,201.15,2026-04-06
2520,88,9,card,55705.11,2025-12-20,17,Shipped,121.95,2026-03-20
2521,27,6,wallet,83620.96,2024-11-18,19,Delivered,136.27,2026-04-04
2522,96,81,wallet,29957.19,2025-11-01,20,Cancelled,225.87,2025-11-01
2523,64,86,cash,87771.04,2024-10-14,22,Delivered,142.08,2026-03-22
2524,8,86,card,91316.95,2025-11-06,18,Cancelled,267.85,2026-07-22
2525,48,18,card,96642.8,2025-06-16,9,Cancelled,296.21,2025-09-09
2526,12,21,cash,89381.57,2025-02-20,16,Shipped,140.34,2025-03-28
2527,14,79,card,22546.99,2026-01-24,15,Delivered,47.69,2026-01-31
2528,70,64,cash,35456.45,2024-09-14,12,Shipped,213.14,2024-10-08
2529,89,76,cash,89067.49,2025-07-17,27,Shipped,220.86,2025-09-21
2530,24,78,card,72568.09,2025-07-21,14,Cancelled,96.03,2025-08-16
2531,50,64,wallet,83211.47,2025-11-06,2,Shipped,34.87,2026-07-14
2532,70,41,wallet,55258.03,2024-08-24,19,Pending,220.82,2026-07-06
2533,83,26,card,27008.38,2025-03-26,4,Delivered,181.06,2025-10-17
2534,13,39,card,52111.25,2026-02-24,3,Shipped,194.11,2026-03-04
2535,86,84,wallet,80368.79,2025-11-03,5,Shipped,70.94,2026-02-23
2536,16,73,card,81826.58,2024-11-13,10,Delivered,232.44,2025-07-13
2537,59,94,cash,1071.75,2025-01-19,10,Shipped,258.22,2025-08-08
2538,22,19,card,23952.41,2025-10-15,24,Delivered,278.48,2025-10-18
2539,74,76,wallet,1479.99,2025-11-11,5,Cancelled,126.13,2025-12-01
2540,92,70,wallet,39887.82,2025-09-25,3,Shipped,260.7,2026-06-20
2541,86,69,card,12915.46,2024-10-06,9,Delivered,21.72,2026-07-14
2542,9,48,cash,90148.62,2025-04-24,26,Delivered,237.72,2026-06-24
2543,26,68,wallet,14297.41,2025-09-16,13,Pending,97.01,2026-06-09
2544,48,36,card,72489.41,2026-03-15,26,Delivered,90.38,2026-04-04
2545,15,85,card,37775.81,2026-03-08,17,Pending,152.66,2026-03-16
2546,20,93,card,27634.78,2026-08-03,8,Cancelled,208.35,2026-08-08
2547,53,23,wallet,11793.03,2024-09-29,6,Shipped,253.63,2024-10-29
2548,71,55,cash,76505.08,2025-04-20,12,Cancelled,195.4,2026-05-25
2549,97,51,card,35804.41,2026-04-30,10,Cancelled,146.38,2026-06-07
2550,38,30,card,11069.29,2024-09-23,26,Pending,50.4,2024-09-25
2551,82,100,card,28702.96,2026-06-27,29,Delivered,26.35,2026-07-21
2552,86,98,card,93855.19,2025-03-22,4,Shipped,192.8,2026-02-27
2553,95,7,wallet,22143.98,2026-02-07,21,Pending,240.24,2026-04-07
2554,68,24,wallet,9863.49,2025-04-01,8,Delivered,128.82,2025-11-20
2555,54,12,card,52525.84,2024-10-06,2,Pending,288.73,2025-12-18
2556,84,96,wallet,77803.22,2025-08-31,22,Pending,203.93,2026-05-14
2557,97,85,card,99120.05,2025-08-02,11,Pending,73.94,2025-09-19
2558,33,57,cash,571.98,2025-09-16,18,Cancelled,62.76,2026-05-03
2559,5,1,wallet,18517.4,2026-05-15,3,Cancelled,93.84,2026-05-20
2560,12,52,card,10224.39,2025-03-23,3,Pending,168.14,2025-12-23
2561,94,20,wallet,57238.99,2025-05-08,16,Shipped,169.58,2026-07-19
2562,52,36,card,13121.36,2025-11-22,30,Shipped,192.37,2026-06-07
2563,85,71,cash,21398.9,2025-04-08,21,Pending,163.38,2025-09-26
2564,18,32,wallet,9315.36,2026-03-11,11,Delivered,253.69,2026-06-03
2565,63,55,card,40740.69,2026-02-28,26,Cancelled,102.06,2026-04-24
2566,70,44,wallet,90127.36,2024-11-03,3,Delivered,215.61,2025-02-28
2567,18,41,card,22341.98,2026-05-04,3,Cancelled,247.95,2026-06-12
2568,14,10,wallet,77290.01,2025-12-03,29,Cancelled,272.1,2026-06-01
2569,54,86,wallet,78694.72,2026-03-29,1,Cancelled,247.29,2026-06-19
2570,25,44,wallet,15281.14,2025-05-25,8,Shipped,226.04,2026-06-22
2571,20,81,wallet,44009.95,2025-06-06,25,Delivered,229.31,2025-10-05
2572,89,88,cash,47102.88,2026-03-26,23,Pending,46.85,2026-07-19
2573,99,64,cash,12231.34,2025-04-17,21,Delivered,46.76,2026-06-09
2574,75,81,wallet,40975.43,2025-05-17,22,Pending,22.86,2026-04-08
2575,74,57,cash,67658.46,2026-06-17,19,Cancelled,166.27,2026-07-03
2576,36,9,card,37154.58,2024-11-24,23,Delivered,98.96,2025-04-04
2577,77,79,card,70721.11,2025-12-18,22,Delivered,171.34,2026-05-01
2578,55,2,cash,21272.73,2025-04-20,25,Cancelled,228.46,2026-01-22
2579,97,83,cash,28994.72,2025-01-12,9,Shipped,44.59,2025-10-18
2580,10,26,card,54657.94,2025-12-03,9,Shipped,210.32,2026-06-06
2581,78,69,wallet,62645.72,2026-05-11,23,Pending,221.76,2026-06-21
2582,89,19,cash,84259.16,2026-08-05,16,Delivered,190.3,2026-08-06
2583,42,50,cash,80706.99,2025-10-14,15,Shipped,233.84,2025-10-21
2584,5,45,cash,76865.65,2025-01-30,21,Cancelled,185.42,2025-09-13
2585,95,33,wallet,49426.75,2025-05-11,9,Cancelled,222.2,2025-05-20
2586,37,87,card,27493.57,2026-02-12,12,Cancelled,109.8,2026-08-04
2587,24,58,wallet,42229.41,2026-05-06,3,Shipped,223.51,2026-05-28
2588,88,9,wallet,52005.56,2026-04-18,16,Cancelled,124.08,2026-05-02
2589,34,45,cash,98023.24,2026-05-09,13,Cancelled,199.7,2026-06-07
2590,54,75,wallet,42520.95,2025-09-07,23,Delivered,34.93,2025-09-17
2591,97,49,cash,66772.21,2026-02-19,11,Cancelled,123.92,2026-07-15
2592,69,6,cash,8947.58,2026-02-24,13,Shipped,170.74,2026-08-03
2593,73,72,cash,79041.78,2025-08-26,15,Cancelled,292.75,2025-09-09
2594,89,78,card,6864.6,2024-11-10,2,Delivered,27.03,2026-02-27
2595,40,73,card,6454.33,2026-04-18,27,Shipped,29.93,2026-06-09
2596,35,42,card,4869.13,2025-03-18,6,Pending,180.08,2025-07-07
2597,67,4,cash,31494.28,2024-09-15,27,Delivered,208.59,2026-01-11
2598,20,66,cash,51275.01,2025-11-08,1,Pending,214.59,2026-05-26
2599,83,6,card,19881.02,2025-08-18,16,Pending,214.37,2025-09-21
2600,68,49,card,63985.18,2025-09-03,11,Cancelled,189.88,2026-02-06
2601,1,64,card,46497.58,2025-12-27,8,Cancelled,124.65,2026-01-20
2602,65,52,cash,26912.88,2025-09-12,29,Pending,204.24,2026-03-26
2603,4,98,card,98055.36,2026-01-19,10,Cancelled,44.71,2026-05-06
2604,11,100,card,57037.11,2026-02-23,8,Cancelled,197.71,2026-08-08
2605,93,28,card,73197.94,2025-08-05,19,Delivered,250.74,2025-10-23
2606,65,83,card,72618.59,2026-06-07,14,Shipped,70.72,2026-07-05
2607,46,36,card,57794.75,2025-08-22,2,Shipped,64.22,2025-12-07
2608,80,35,card,76112.35,2025-08-13,2,Cancelled,82.16,2026-01-01
2609,35,89,wallet,75592.59,2026-05-13,5,Cancelled,199.45,2026-07-30
2610,28,3,wallet,3689.72,2025-09-19,2,Cancelled,103.55,2026-08-07
2611,25,27,cash,40564.14,2025-09-19,19,Cancelled,96.81,2026-04-25
2612,51,47,cash,39360.87,2024-08-13,19,Shipped,187.2,2026-06-09
2613,75,81,cash,44548.31,2024-12-24,14,Delivered,288.38,2026-05-29
2614,53,13,card,8323.74,2026-07-16,1,Delivered,99.32,2026-07-23
2615,92,83,cash,86689.48,2026-03-10,20,Shipped,168.9,2026-06-05
2616,48,5,card,80975.61,2024-10-02,19,Delivered,200.83,2025-07-31
2617,8,63,card,43344.25,2025-07-26,30,Cancelled,131.84,2026-04-15
2618,20,63,card,79553.24,2026-06-01,27,Shipped,101.49,2026-06-15
2619,42,12,card,78290.84,2026-05-10,1,Cancelled,174.33,2026-06-12
2620,51,85,cash,64464.68,2025-09-29,28,Delivered,121.03,2026-03-22
2621,46,83,cash,39067.53,2026-07-01,1,Delivered,202.52,2026-07-03
2622,68,96,cash,39695.04,2025-01-08,27,Cancelled,258.93,2026-02-16
2623,61,45,wallet,43969.37,2026-04-01,24,Pending,241.18,2026-04-11
2624,12,85,cash,33915.26,2025-05-02,26,Cancelled,172.46,2026-07-31
2625,10,38,wallet,48692.44,2024-09-23,11,Shipped,290.08,2025-01-27
2626,27,84,cash,46840.03,2025-02-03,20,Delivered,199.4,2025-12-16
2627,16,22,card,41513.83,2025-03-14,18,Delivered,129.42,2025-07-01
2628,16,67,card,16849.05,2026-07-02,8,Pending,105.5,2026-07-28
2629,39,74,wallet,29125.31,2025-04-18,8,Delivered,131.98,2025-08-10
2630,7,70,cash,4359.56,2025-06-23,10,Delivered,82.24,2026-01-01
2631,72,42,wallet,9168.64,2025-06-21,14,Cancelled,218.8,2025-07-01
2632,63,97,wallet,98890.7,2026-07-09,12,Shipped,109.33,2026-07-11
2633,89,45,card,48839.1,2025-03-08,5,Cancelled,208.74,2025-11-15
2634,74,64,cash,50852.25,2025-12-11,19,Delivered,198.4,2026-01-12
2635,52,86,wallet,73840.75,2026-03-11,9,Shipped,145.74,2026-07-31
2636,48,87,cash,16947.98,2024-12-12,16,Cancelled,269.88,2026-05-22
2637,97,35,card,34207.76,2025-11-15,1,Cancelled,33.73,2026-04-04
2638,79,22,card,30692.56,2026-05-22,13,Cancelled,249.82,2026-07-11
2639,91,99,card,9703.51,2025-12-13,14,Pending,74.01,2026-06-11
2640,50,51,card,60750.17,2025-05-30,1,Delivered,275.8,2025-06-20
2641,69,39,wallet,62579.43,2025-01-19,12,Shipped,205.86,2026-08-08
2642,89,53,card,7077.16,2025-09-22,5,Shipped,219.1,2026-04-19
2643,10,76,card,38372.07,2025-11-23,18,Delivered,73.87,2026-07-24
2644,9,25,cash,55645.03,2026-01-19,24,Cancelled,193.02,2026-07-29
2645,45,42,card,59963.11,2024-10-03,15,Shipped,56.32,2024-10-17
2646,20,78,cash,16245.82,2025-06-05,18,Cancelled,258.84,2025-09-14
2647,12,55,cash,72666.27,2025-12-01,26,Pending,215.96,2026-07-31
2648,25,46,cash,1638.3,2025-11-27,8,Pending,99.78,2026-02-07
2649,95,96,wallet,86249.99,2024-11-12,6,Cancelled,62.25,2025-02-10
2650,34,19,cash,74302.87,2026-02-22,3,Shipped,219.51,2026-07-16
2651,89,29,wallet,79098.16,2025-07-19,22,Cancelled,98.46,2026-05-30
2652,68,92,wallet,81739.42,2025-08-18,7,Shipped,147.47,2026-03-24
2653,98,87,cash,23448.74,2026-01-13,26,Pending,60.54,2026-03-31
2654,30,80,cash,38733.37,2025-10-25,11,Shipped,259.63,2026-01-17
2655,68,31,wallet,11732.65,2025-06-14,10,Pending,23.53,2025-07-01
2656,76,80,card,90133.5,2026-05-05,6,Shipped,166.97,2026-06-06
2657,20,5,wallet,5223.42,2026-06-28,11,Cancelled,142.44,2026-07-04
2658,73,70,wallet,7526.18,2025-05-11,16,Cancelled,277.5,2025-06-11
2659,16,32,wallet,2734.1,2025-09-02,18,Delivered,287.05,2025-10-08
2660,19,68,cash,19461.69,2025-05-01,14,Shipped,273.13,2025-09-26
2661,54,47,card,16843.98,2024-11-18,10,Pending,55.31,2025-11-23
2662,87,24,card,52629.31,2024-11-30,23,Shipped,107.2,2025-09-05
2663,2,2,wallet,26425.56,2024-12-24,20,Pending,93.98,2025-11-03
2664,22,58,wallet,20206.47,2025-09-18,30,Delivered,213.08,2026-07-12
2665,74,55,wallet,9090.91,2025-11-22,26,Cancelled,140.17,2026-04-12
2666,2,53,card,8898.16,2026-04-13,1,Shipped,234.44,2026-08-01
2667,62,63,card,94427.74,2025-06-16,16,Delivered,95.95,2026-05-08
2668,12,37,card,74274.83,2024-08-22,9,Shipped,30.51,2026-04-02
2669,12,59,cash,21573.91,2025-07-30,1,Pending,225.27,2026-06-14
2670,79,27,wallet,7011.47,2025-11-25,7,Shipped,275.03,2026-03-20
2671,27,35,wallet,9765.84,2024-08-15,28,Cancelled,248.56,2026-03-05
2672,75,37,wallet,30398.01,2025-09-01,22,Delivered,171.16,2025-11-30
2673,76,92,card,56461.83,2026-01-02,9,Delivered,265.93,2026-01-25
2674,38,43,card,77251.08,2024-09-10,4,Pending,47.84,2026-02-14
2675,22,37,card,71110.78,2025-06-28,25,Cancelled,97.48,2026-02-09
2676,5,34,card,15366.55,2024-11-25,17,Delivered,111.57,2025-04-03
2677,15,58,card,65618.63,2026-01-22,24,Pending,197.86,2026-06-04
2678,63,50,wallet,97877.39,2026-02-01,23,Shipped,158.94,2026-05-17
2679,21,81,wallet,94308.78,2024-09-06,21,Cancelled,131.04,2025-11-26
2680,3,40,cash,26508.33,2025-02-12,7,Cancelled,278.05,2025-10-20
2681,89,92,cash,57395.56,2025-09-30,13,Delivered,298.22,2026-03-29
2682,74,53,card,87007.72,2026-06-18,7,Pending,51.1,2026-07-10
2683,36,72,cash,36882.73,2026-05-10,18,Pending,296.65,2026-07-27
2684,19,12,card,72945.67,2026-01-26,28,Cancelled,219.62,2026-04-09
2685,98,25,cash,78105.0,2025-05-22,24,Delivered,38.76,2025-08-14
2686,46,13,cash,16885.92,2025-07-25,9,Cancelled,239.27,2026-02-25
2687,16,55,wallet,33484.72,2025-06-28,29,Pending,218.44,2026-06-10
2688,66,82,card,49045.75,2025-12-24,23,Shipped,38.84,2026-06-05
2689,70,13,wallet,47572.45,2025-07-04,12,Delivered,38.49,2025-09-24
2690,32,49,cash,57315.97,2025-01-28,23,Cancelled,170.99,2025-10-01
2691,74,57,card,63794.19,2024-11-09,18,Cancelled,189.05,2026-04-11
2692,9,68,card,39394.15,2025-09-23,26,Shipped,232.89,2026-02-06
2693,4,80,card,66700.54,2025-03-25,29,Shipped,66.54,2026-01-02
2694,87,10,card,40940.48,2025-05-31,28,Shipped,21.16,2025-10-10
2695,80,55,cash,58519.0,2024-12-03,23,Shipped,236.72,2026-07-08
2696,73,91,cash,68725.61,2025-08-17,14,Pending,196.72,2026-06-12
2697,68,11,card,6767.67,2025-05-22,1,Delivered,47.08,2025-08-27
2698,90,36,card,27285.62,2024-08-27,11,Cancelled,88.14,2024-09-21
2699,50,6,wallet,62801.8,2026-04-02,12,Delivered,49.95,2026-04-30
2700,58,49,wallet,25368.66,2026-07-07,3,Cancelled,94.19,2026-08-06
2701,4,15,cash,74036.02,2024-10-07,23,Shipped,106.12,2025-08-11
2702,66,67,card,14249.32,2024-11-17,24,Shipped,124.42,2026-04-08
2703,18,24,wallet,27634.74,2025-02-08,30,Cancelled,269.38,2026-03-31
2704,54,15,card,22809.32,2025-01-08,16,Shipped,40.36,2025-07-29
2705,5,10,card,76953.45,2026-04-13,16,Delivered,27.47,2026-07-18
2706,47,98,wallet,31990.39,2025-08-10,22,Shipped,123.43,2026-02-02
2707,57,62,cash,58749.01,2025-02-26,21,Delivered,232.35,2026-07-07
2708,36,67,card,71578.82,2026-05-05,18,Shipped,266.91,2026-06-17
2709,84,63,card,38097.06,2026-01-07,19,Shipped,27.06,2026-05-31
2710,76,77,card,95464.14,2026-06-21,4,Cancelled,109.91,2026-07-09
2711,79,33,wallet,10182.87,2025-05-13,21,Delivered,252.98,2025-12-21
2712,75,38,cash,32114.97,2025-11-02,24,Pending,182.98,2026-03-07
2713,9,4,cash,50014.04,2025-11-06,13,Delivered,185.4,2025-12-08
2714,51,55,card,81338.22,2025-05-17,17,Pending,34.22,2025-05-26
2715,88,6,wallet,10856.31,2025-04-27,15,Delivered,170.3,2026-01-12
2716,61,98,card,74585.38,2025-06-05,13,Cancelled,158.78,2025-08-26
2717,70,69,cash,37836.13,2025-11-05,10,Cancelled,27.27,2026-01-06
2718,86,28,card,20160.23,2025-09-14,28,Pending,100.22,2026-08-03
2719,7,60,card,81730.92,2025-02-23,19,Cancelled,297.45,2026-06-19
2720,1,53,card,11270.89,2026-04-26,8,Cancelled,136.36,2026-06-28
2721,96,27,cash,76937.28,2026-08-12,3,Pending,295.54,2026-08-12
2722,17,28,cash,86370.42,2025-07-09,16,Pending,196.46,2026-08-05
2723,82,23,wallet,53194.13,2024-11-14,2,Cancelled,106.61,2025-05-10
2724,63,24,card,56645.41,2025-02-18,1,Pending,141.99,2025-11-11
2725,31,97,cash,50854.75,2024-09-13,24,Shipped,33.54,2025-02-24
2726,55,97,card,58327.59,2026-06-04,10,Delivered,181.21,2026-06-15
2727,8,79,card,57880.18,2025-06-18,22,Pending,203.17,2025-08-28
2728,64,33,card,95863.57,2025-01-18,29,Pending,202.6,2025-04-27
2729,20,8,cash,28947.9,2025-08-14,12,Delivered,160.85,2026-04-18
2730,75,11,card,14957.36,2026-04-12,3,Pending,24.1,2026-06-03
2731,15,17,cash,64248.17,2025-01-20,1,Shipped,181.53,2025-12-23
2732,18,19,card,82727.32,2025-11-15,19,Cancelled,277.51,2026-05-24
2733,75,45,cash,63540.93,2025-11-29,13,Delivered,173.61,2026-06-17
2734,38,94,cash,67765.57,2025-12-24,23,Delivered,153.88,2026-04-11
2735,85,34,card,56818.9,2024-11-21,20,Shipped,157.47,2025-04-15
2736,95,97,cash,31043.86,2025-09-06,26,Cancelled,65.11,2026-06-02
2737,66,100,card,84771.27,2024-09-27,2,Shipped,121.05,2025-10-04
2738,16,12,card,33562.81,2025-08-06,7,Cancelled,181.73,2026-01-29
2739,29,46,cash,54682.68,2026-06-17,13,Cancelled,221.76,2026-07-17
2740,3,93,wallet,94563.84,2026-03-30,23,Pending,148.82,2026-07-06
2741,21,31,cash,37080.31,2025-12-17,11,Delivered,270.61,2026-02-21
2742,47,90,card,20556.11,2025-04-06,7,Pending,197.45,2026-03-10
2743,54,7,wallet,82605.64,2024-08-19,2,Cancelled,97.38,2026-03-23
2744,85,8,cash,44104.93,2024-09-22,10,Cancelled,38.38,2025-09-30
2745,50,52,cash,94187.83,2024-08-31,9,Cancelled,183.76,2026-07-14
2746,3,96,card,49144.88,2026-02-24,26,Delivered,253.76,2026-07-18
2747,75,29,wallet,18529.12,2025-11-22,13,Cancelled,54.11,2026-07-07
2748,31,76,card,23148.93,2024-12-08,1,Pending,224.24,2026-01-05
2749,91,57,cash,38914.06,2025-12-28,17,Delivered,213.0,2026-05-11
2750,88,39,cash,55581.65,2026-05-08,17,Cancelled,102.34,2026-08-10
2751,57,58,cash,63932.18,2026-04-14,17,Shipped,29.73,2026-07-16
2752,41,39,card,15484.97,2025-04-01,26,Delivered,237.21,2026-07-23
2753,24,24,wallet,73023.67,2025-05-26,8,Delivered,239.39,2025-06-07
2754,81,61,cash,44252.68,2025-05-22,30,Pending,186.87,2026-02-27
2755,93,71,wallet,41345.01,2026-05-27,18,Delivered,244.29,2026-06-02
2756,71,71,wallet,31887.18,2024-10-28,21,Delivered,174.2,2026-04-01
2757,80,48,card,51900.27,2025-02-15,4,Shipped,65.23,2025-05-14
2758,51,15,card,43751.72,2024-08-18,26,Shipped,40.41,2024-11-25
2759,59,93,cash,61569.27,2026-03-07,5,Delivered,56.65,2026-05-06
2760,52,51,wallet,32168.57,2026-05-04,5,Delivered,290.46,2026-05-28
2761,14,35,card,30501.17,2026-05-19,26,Delivered,259.94,2026-05-21
2762,53,61,cash,51845.49,2025-01-01,20,Delivered,151.7,2026-07-09
2763,87,80,cash,44372.83,2026-06-09,28,Delivered,175.95,2026-06-11
2764,3,45,cash,85690.75,2025-07-13,19,Delivered,249.41,2026-06-18
2765,76,64,wallet,35689.06,2025-10-20,2,Shipped,279.38,2026-05-07
2766,88,52,wallet,92545.65,2026-01-04,19,Pending,180.25,2026-03-02
2767,44,63,wallet,36587.05,2026-08-02,4,Shipped,271.01,2026-08-09
2768,68,32,card,29466.67,2025-08-20,6,Delivered,178.41,2026-08-12
2769,52,47,wallet,13263.19,2026-06-22,20,Delivered,140.29,2026-07-12
2770,31,50,wallet,35426.55,2025-04-12,7,Shipped,68.32,2025-11-16
2771,7,83,wallet,41130.35,2025-05-11,19,Delivered,294.17,2026-01-28
2772,71,94,wallet,94897.38,2025-08-02,7,Shipped,256.87,2026-07-13
2773,13,12,cash,76024.34,2024-12-19,6,Shipped,45.73,2025-08-12
2774,64,81,card,25747.77,2025-11-02,15,Shipped,191.9,2026-04-15
2775,78,32,wallet,16827.07,2025-01-25,17,Shipped,158.72,2026-07-19
2776,17,59,cash,99032.63,2024-12-03,9,Pending,229.39,2025-02-26
2777,52,27,cash,12995.02,2025-09-18,23,Cancelled,197.02,2025-12-09
2778,78,31,card,81953.67,2025-09-28,11,Cancelled,163.95,2026-04-01
2779,5,14,cash,64787.47,2026-03-30,1,Pending,152.49,2026-05-09
2780,22,54,wallet,81625.3,2026-08-12,14,Cancelled,256.61,2026-08-12
2781,26,84,cash,33829.11,2025-12-17,14,Cancelled,159.37,2026-01-22
2782,25,24,card,68023.66,2026-05-10,4,Cancelled,24.89,2026-08-09
2783,73,78,card,77905.62,2024-11-21,29,Cancelled,191.91,2025-09-10
2784,42,12,card,97378.36,2024-12-06,2,Shipped,292.62,2025-08-02
2785,92,43,wallet,76493.45,2025-09-02,9,Delivered,27.25,2025-10-31
2786,55,29,wallet,80280.52,2024-11-05,16,Cancelled,55.82,2026-01-03
2787,28,54,cash,83024.24,2025-07-16,28,Cancelled,248.03,2026-06-27
2788,98,52,wallet,97861.44,2026-01-04,17,Shipped,87.57,2026-01-19
2789,8,39,card,34100.8,2025-03-04,14,Shipped,183.93,2025-09-01
2790,23,53,card,67562.55,2024-10-20,30,Shipped,118.68,2026-01-27
2791,9,66,wallet,78825.53,2025-04-15,15,Shipped,194.15,2025-09-22
2792,36,93,wallet,29171.59,2026-02-01,22,Delivered,59.4,2026-07-15
2793,3,80,wallet,32717.49,2025-07-03,9,Cancelled,297.67,2025-08-02
2794,24,62,wallet,34920.07,2026-04-09,13,Pending,177.19,2026-04-15
2795,31,34,wallet,59820.39,2026-07-21,16,Delivered,156.71,2026-08-07
2796,27,42,card,15749.09,2025-11-30,1,Shipped,282.33,2026-02-25
2797,16,18,cash,57938.15,2025-10-26,15,Delivered,208.74,2026-02-12
2798,18,32,cash,119.37,2026-06-12,18,Shipped,212.71,2026-08-12
2799,95,34,cash,49930.21,2026-01-06,15,Cancelled,235.91,2026-01-13
2800,73,88,cash,65467.39,2024-12-08,23,Pending,140.46,2025-05-10
2801,39,96,wallet,25444.39,2025-03-17,24,Shipped,123.96,2025-07-20
2802,58,98,cash,98646.87,2024-11-30,3,Delivered,200.17,2025-02-06
2803,70,75,cash,50613.68,2025-08-19,4,Delivered,245.3,2026-02-25
2804,22,51,card,6713.72,2025-03-06,3,Pending,264.06,2025-09-05
2805,48,68,wallet,47414.37,2024-11-26,20,Shipped,196.5,2026-04-08
2806,79,76,wallet,77110.67,2026-01-12,15,Cancelled,130.07,2026-05-11
2807,19,69,cash,89883.98,2025-03-17,13,Pending,64.81,2025-05-26
2808,35,10,cash,85491.24,2025-11-29,3,Cancelled,242.76,2026-01-06
2809,25,6,cash,28407.65,2025-06-24,11,Cancelled,206.38,2025-12-04
2810,14,98,cash,60637.63,2025-06-02,19,Pending,102.02,2026-05-18
2811,40,64,card,6095.24,2026-04-08,4,Cancelled,240.37,2026-04-26
2812,50,80,cash,11084.15,2024-10-01,18,Shipped,234.63,2026-06-21
2813,61,69,wallet,44602.95,2025-02-07,29,Cancelled,165.08,2025-09-23
2814,96,100,card,82166.5,2024-08-22,18,Delivered,68.74,2024-12-02
2815,47,88,card,82714.06,2025-09-03,13,Cancelled,266.36,2026-06-23
2816,77,12,cash,52345.9,2025-08-19,27,Pending,179.0,2025-12-03
2817,36,92,wallet,66653.78,2025-05-18,6,Cancelled,164.32,2026-05-24
2818,66,48,cash,87587.55,2025-05-05,29,Shipped,268.36,2026-01-29
2819,97,21,card,89277.93,2026-01-08,10,Pending,239.61,2026-04-17
2820,45,94,wallet,43874.2,2026-05-30,7,Cancelled,278.08,2026-07-28
2821,47,87,wallet,71655.95,2024-10-07,17,Shipped,73.42,2025-11-04
2822,96,9,wallet,95747.44,2025-02-17,15,Pending,270.45,2025-08-13
2823,38,2,wallet,12897.89,2025-04-24,29,Pending,78.33,2025-05-08
2824,7,98,cash,27930.25,2024-11-20,9,Shipped,254.95,2025-08-09
2825,23,66,card,38946.8,2026-03-25,9,Cancelled,191.41,2026-05-10
2826,60,4,card,476.47,2026-03-04,3,Shipped,277.91,2026-08-08
2827,39,30,cash,58266.31,2026-07-25,22,Delivered,226.77,2026-07-27
2828,68,1,card,22955.9,2025-04-19,30,Shipped,200.0,2025-12-29
2829,40,50,card,90937.54,2025-09-26,17,Delivered,183.11,2026-06-08
2830,61,72,card,56028.29,2024-10-01,27,Pending,146.85,2026-07-30
2831,89,52,card,17456.16,2025-12-30,28,Pending,154.35,2026-06-02
2832,52,40,wallet,38948.35,2025-03-26,10,Cancelled,103.8,2026-06-13
2833,57,21,wallet,17301.89,2025-04-06,20,Delivered,250.35,2025-05-13
2834,36,47,wallet,28945.09,2025-02-26,2,Shipped,237.67,2025-03-13
2835,9,42,card,70191.06,2025-11-12,23,Cancelled,180.88,2026-03-31
2836,81,5,wallet,73412.72,2024-11-10,5,Pending,187.68,2025-04-30
2837,66,57,wallet,14751.92,2025-01-09,14,Delivered,212.17,2025-10-15
2838,35,39,cash,41867.73,2026-03-05,21,Pending,20.79,2026-05-08
2839,12,30,wallet,44053.93,2026-01-19,11,Delivered,106.14,2026-03-27
2840,15,33,card,21261.58,2025-01-03,22,Pending,196.41,2026-03-12
2841,70,27,cash,55021.06,2026-06-12,7,Shipped,82.91,2026-06-20
2842,89,18,wallet,31434.15,2025-11-20,17,Cancelled,133.98,2026-03-10
2843,7,20,cash,63680.25,2025-05-11,18,Delivered,232.53,2025-06-16
2844,58,93,card,53033.03,2024-10-28,20,Cancelled,179.62,2026-06-12
2845,39,69,wallet,55065.52,2026-08-12,15,Pending,252.18,2026-08-12
2846,91,95,wallet,16262.76,2026-02-20,21,Pending,82.33,2026-05-04
2847,12,87,wallet,43137.58,2024-12-15,24,Cancelled,111.96,2026-01-21
2848,74,92,wallet,58083.15,2025-03-07,29,Cancelled,258.94,2026-02-15
2849,66,95,card,27202.12,2025-08-24,2,Delivered,234.75,2026-02-28
2850,11,42,wallet,57983.34,2025-06-06,6,Delivered,93.12,2025-09-30
2851,71,4,wallet,70482.5,2025-04-20,26,Pending,212.75,2026-05-24
2852,80,28,card,78239.1,2024-12-10,15,Pending,279.63,2024-12-20
2853,68,49,cash,99528.55,2026-08-11,1,Pending,134.67,2026-08-12
2854,36,66,cash,86973.35,2026-06-19,4,Cancelled,102.9,2026-07-03
2855,2,32,cash,69724.88,2024-08-27,16,Cancelled,278.74,2025-04-25
2856,3,17,cash,66845.13,2025-09-10,30,Delivered,74.18,2025-12-24
2857,82,71,wallet,2704.39,2025-02-21,17,Delivered,251.02,2026-02-18
2858,76,7,card,22475.44,2024-11-14,10,Shipped,99.64,2025-01-21
2859,48,25,cash,81577.81,2024-11-10,12,Cancelled,220.98,2026-03-08
2860,65,78,card,1303.46,2024-09-09,27,Pending,68.23,2025-11-25
2861,29,67,cash,7152.44,2026-08-08,15,Pending,128.16,2026-08-10
2862,69,60,cash,94782.22,2025-02-26,6,Pending,76.24,2026-04-16
2863,98,80,wallet,72398.72,2025-04-21,21,Pending,55.33,2025-11-06
2864,63,60,cash,97758.56,2025-10-27,29,Cancelled,223.59,2025-11-12
2865,44,57,card,88039.2,2025-06-06,17,Cancelled,129.12,2025-11-01
2866,17,49,cash,96385.33,2026-02-27,18,Delivered,23.25,2026-04-18
2867,85,56,cash,53084.37,2025-02-28,19,Cancelled,110.7,2026-06-04
2868,45,24,card,34603.23,2025-07-11,17,Pending,239.48,2026-05-24
2869,63,5,wallet,64591.88,2026-03-13,30,Shipped,276.26,2026-06-21
2870,78,81,cash,35030.05,2026-08-03,10,Delivered,259.04,2026-08-12
2871,62,3,card,66528.49,2025-07-09,10,Cancelled,234.45,2025-11-29
2872,66,79,card,7094.87,2024-11-04,1,Shipped,213.76,2025-07-30
2873,56,83,wallet,88230.36,2024-12-30,28,Delivered,257.81,2025-08-07
2874,76,87,card,96545.54,2024-09-09,29,Delivered,134.08,2026-02-10
2875,80,51,cash,80005.27,2025-02-09,27,Shipped,140.81,2025-04-23
2876,65,20,card,95652.86,2025-05-29,5,Cancelled,143.79,2025-07-26
2877,18,13,wallet,92149.5,2025-06-09,27,Shipped,72.58,2026-05-04
2878,71,47,card,83351.14,2026-02-11,10,Shipped,178.77,2026-04-03
2879,39,96,wallet,66308.34,2026-03-15,8,Shipped,210.67,2026-04-16
2880,64,2,cash,62355.25,2024-09-25,22,Shipped,285.13,2026-07-20
2881,12,66,wallet,77870.54,2025-09-03,8,Shipped,157.3,2026-04-12
2882,68,11,card,61606.23,2025-12-31,6,Cancelled,44.4,2026-03-19
2883,82,90,card,89629.74,2025-05-26,15,Delivered,152.49,2026-07-19
2884,100,64,card,12878.26,2025-06-08,10,Shipped,195.33,2026-03-31
2885,21,3,cash,5435.03,2025-05-27,14,Cancelled,92.09,2026-01-19
2886,89,37,cash,94286.58,2025-06-02,9,Pending,209.32,2025-08-14
2887,16,5,wallet,93565.33,2025-05-08,25,Pending,32.08,2026-06-22
2888,51,66,card,13604.66,2025-09-14,1,Pending,104.94,2026-05-02
2889,30,24,cash,34653.24,2025-07-13,8,Shipped,218.84,2025-10-31
2890,24,62,cash,10135.85,2025-06-24,10,Shipped,55.47,2025-08-05
2891,9,74,wallet,33638.44,2026-05-14,10,Shipped,152.77,2026-06-05
2892,8,50,cash,31030.67,2025-07-13,1,Delivered,290.75,2026-01-16
2893,62,88,cash,36737.91,2025-03-10,2,Delivered,147.07,2026-03-10
2894,43,81,card,75667.78,2026-03-24,26,Pending,260.29,2026-05-06
2895,95,90,card,12234.9,2026-03-16,23,Shipped,97.79,2026-03-29
2896,32,69,cash,50189.41,2024-12-15,2,Shipped,26.03,2025-07-30
2897,81,40,cash,81367.46,2025-10-13,4,Cancelled,239.51,2026-01-16
2898,28,94,card,26264.75,2025-01-14,27,Pending,231.34,2025-12-08
2899,28,96,cash,88381.18,2026-07-24,10,Delivered,225.46,2026-08-11
2900,2,81,cash,96238.83,2024-12-14,17,Pending,270.05,2026-01-28
2901,24,96,card,64266.76,2026-03-03,30,Pending,28.27,2026-03-16
2902,91,64,card,68868.87,2026-07-06,5,Shipped,269.89,2026-07-15
2903,5,89,cash,86731.38,2025-05-26,4,Cancelled,89.02,2025-12-13
2904,88,17,cash,21317.26,2025-11-11,25,Shipped,34.62,2026-07-26
2905,11,98,wallet,33046.1,2026-01-01,2,Pending,296.63,2026-07-25
2906,13,27,wallet,51420.05,2025-01-24,30,Pending,47.5,2025-12-24
2907,33,84,wallet,76937.31,2025-01-27,24,Cancelled,235.74,2026-03-03
2908,93,57,card,61671.87,2024-11-17,7,Cancelled,97.99,2026-04-13
2909,60,3,cash,70893.02,2025-01-10,1,Cancelled,83.86,2025-02-13
2910,13,71,wallet,67924.24,2026-08-05,16,Delivered,92.34,2026-08-06
2911,96,76,card,1479.17,2025-11-23,18,Shipped,187.46,2026-05-11
2912,31,42,cash,34235.89,2025-09-22,21,Cancelled,276.36,2025-12-14
2913,2,75,cash,62521.74,2025-09-25,23,Delivered,291.47,2026-06-30
2914,47,39,wallet,44018.08,2025-09-06,11,Shipped,81.58,2025-11-24
2915,79,11,cash,22749.57,2025-05-07,18,Delivered,103.5,2026-05-11
2916,21,37,wallet,91030.53,2024-10-11,7,Cancelled,82.38,2026-04-21
2917,92,24,wallet,32551.02,2025-02-25,26,Shipped,109.25,2025-06-19
2918,74,37,card,65053.68,2025-11-29,22,Delivered,226.35,2026-04-26
2919,60,78,wallet,41049.6,2024-10-05,29,Pending,46.13,2026-05-12
2920,36,97,card,31768.08,2026-06-08,30,Pending,273.75,2026-06-24
2921,52,6,wallet,54361.26,2025-08-08,19,Delivered,50.83,2026-01-31
2922,64,84,card,64234.41,2024-12-12,20,Pending,59.04,2025-02-17
2923,28,20,cash,44615.54,2026-04-24,19,Cancelled,142.15,2026-06-09
2924,68,83,cash,18041.86,2026-04-20,25,Delivered,225.45,2026-05-26
2925,81,59,wallet,75024.44,2026-04-28,9,Delivered,203.89,2026-06-06
2926,35,15,card,60629.09,2026-02-01,11,Cancelled,144.99,2026-07-23
2927,72,64,cash,58461.44,2025-10-18,18,Cancelled,244.2,2026-02-11
2928,35,32,card,98128.64,2026-01-10,3,Pending,226.34,2026-07-30
2929,90,18,cash,28243.22,2025-05-15,3,Pending,41.08,2025-11-22
2930,17,71,card,88033.89,2025-05-01,22,Shipped,274.47,2026-07-22
2931,65,13,wallet,55302.42,2026-05-04,13,Shipped,243.0,2026-07-31
2932,98,31,cash,6916.87,2025-08-04,12,Cancelled,231.01,2025-12-09
2933,34,50,cash,78591.86,2025-01-24,9,Shipped,202.63,2026-03-10
2934,23,65,wallet,32193.48,2025-08-02,19,Cancelled,155.55,2026-07-27
2935,96,16,card,93430.54,2025-03-02,9,Shipped,299.67,2026-03-17
2936,4,85,wallet,98071.9,2024-10-05,25,Pending,265.21,2025-10-03
2937,67,39,cash,44487.66,2026-06-19,22,Delivered,244.72,2026-07-12
2938,11,29,card,79398.21,2024-12-29,24,Pending,280.47,2025-08-12
2939,87,78,cash,67134.91,2026-02-01,22,Shipped,150.03,2026-05-17
2940,40,25,cash,57677.15,2025-10-03,25,Delivered,190.74,2026-08-07
2941,63,38,wallet,58606.01,2026-07-05,25,Shipped,90.0,2026-08-07
2942,96,92,card,62113.82,2025-08-29,16,Pending,119.0,2025-09-08
2943,28,91,cash,20009.41,2026-06-20,4,Cancelled,141.5,2026-07-26
2944,47,21,cash,53753.68,2025-02-05,26,Delivered,87.23,2025-10-19
2945,9,8,card,59217.36,2025-08-19,4,Delivered,82.44,2026-02-03
2946,70,77,cash,4501.28,2026-03-17,26,Shipped,44.42,2026-05-31
2947,11,36,wallet,64876.16,2024-08-27,13,Delivered,240.44,2024-10-10
2948,72,44,cash,6387.01,2025-09-16,7,Shipped,284.37,2026-05-16
2949,9,42,wallet,81108.47,2026-03-16,9,Delivered,276.9,2026-06-20
2950,45,42,wallet,51121.4,2024-10-09,12,Cancelled,206.01,2026-03-09
2951,73,13,wallet,70276.94,2025-11-21,3,Delivered,275.31,2025-12-03
2952,29,39,wallet,90509.36,2024-12-29,29,Shipped,109.06,2026-05-19
2953,11,52,cash,9695.16,2026-03-15,29,Pending,83.98,2026-04-18
2954,24,52,wallet,4883.17,2025-10-22,8,Cancelled,60.2,2026-01-13
2955,43,43,card,84347.7,2025-04-03,1,Pending,43.98,2026-05-04
2956,29,35,cash,26925.52,2026-05-27,18,Cancelled,213.34,2026-07-25
2957,63,42,card,87756.54,2025-03-16,26,Cancelled,132.23,2025-06-01
2958,56,25,wallet,12894.02,2025-05-18,25,Cancelled,238.93,2025-07-28
2959,9,91,cash,54485.41,2025-05-30,16,Delivered,102.95,2025-10-24
2960,40,23,wallet,44229.74,2026-04-26,14,Pending,114.15,2026-05-30
2961,38,2,card,89813.97,2026-02-21,30,Cancelled,168.08,2026-04-10
2962,19,64,card,86512.77,2025-11-18,11,Cancelled,154.7,2026-07-15
2963,71,90,wallet,18419.07,2026-05-10,7,Delivered,249.36,2026-08-10
2964,47,73,cash,49554.59,2025-03-01,21,Pending,224.41,2025-06-21
2965,76,66,cash,89380.4,2025-10-27,10,Pending,99.66,2025-12-24
2966,51,54,cash,17854.46,2026-02-01,17,Shipped,206.45,2026-05-01
2967,15,71,card,1517.33,2025-11-13,10,Delivered,159.88,2025-11-18
2968,11,61,cash,58646.04,2026-03-25,27,Cancelled,99.63,2026-07-14
2969,52,63,card,86132.93,2024-11-01,9,Shipped,142.43,2025-05-16
2970,97,84,card,39027.4,2026-02-22,3,Pending,33.04,2026-05-03
2971,77,6,card,24788.23,2025-08-15,15,Shipped,225.36,2026-02-16
2972,56,95,wallet,82404.88,2024-08-25,26,Delivered,117.05,2026-02-09
2973,63,21,cash,55822.08,2025-11-18,10,Shipped,40.85,2025-12-30
2974,94,37,wallet,53853.33,2026-04-13,21,Delivered,286.81,2026-07-07
2975,43,23,cash,22005.71,2026-07-05,1,Pending,168.81,2026-07-19
2976,24,80,cash,75408.69,2025-12-26,21,Delivered,120.97,2026-01-28
2977,27,67,card,70858.62,2025-04-10,7,Shipped,195.31,2025-11-20
2978,34,21,cash,2590.52,2024-08-29,7,Pending,165.44,2025-11-30
2979,40,2,card,73616.44,2026-03-24,7,Shipped,120.6,2026-04-27
2980,20,41,card,57172.03,2025-03-17,28,Shipped,55.2,2026-04-10
2981,90,18,cash,79240.67,2024-11-29,4,Cancelled,70.89,2026-07-02
2982,73,38,cash,20756.08,2024-10-15,21,Delivered,58.0,2025-07-27
2983,30,71,cash,60958.86,2025-12-24,22,Pending,101.57,2026-04-26
2984,86,62,wallet,20552.84,2026-04-10,2,Shipped,102.57,2026-04-21
2985,80,78,cash,39667.78,2024-12-13,29,Pending,196.16,2025-05-09
2986,61,91,card,11925.22,2024-10-19,13,Delivered,256.52,2025-10-13
2987,54,54,card,33760.86,2026-01-05,22,Pending,128.27,2026-05-20
2988,7,73,card,72309.15,2025-07-18,19,Pending,130.02,2025-11-21
2989,93,31,card,67927.71,2026-08-06,8,Shipped,76.36,2026-08-10
2990,80,64,cash,74380.66,2026-07-21,15,Shipped,130.91,2026-08-08
2991,93,61,cash,54241.7,2026-07-31,29,Delivered,217.32,2026-08-08
2992,71,38,cash,62998.23,2026-01-15,15,Shipped,186.49,2026-02-04
2993,32,42,card,43656.08,2025-03-31,23,Pending,102.02,2025-04-12
2994,13,12,card,56700.22,2025-04-13,18,Pending,189.73,2025-09-29
2995,36,44,card,70467.66,2025-07-31,17,Delivered,207.38,2026-06-22
2996,28,55,card,98056.4,2025-05-02,28,Delivered,68.27,2025-09-29
2997,31,64,card,66100.46,2025-08-22,8,Delivered,220.18,2026-07-18
2998,12,52,wallet,78836.82,2024-12-21,18,Shipped,245.42,2026-04-03
2999,56,31,cash,82430.4,2026-01-25,1,Shipped,52.61,2026-06-07
3000,18,81,wallet,38962.15,2025-09-29,4,Cancelled,127.8,2026-05-17
3001,42,21,card,94290.14,2024-12-01,5,Cancelled,114.2,2026-05-13
3002,17,61,wallet,20422.47,2026-05-19,30,Cancelled,239.92,2026-08-05
3003,67,86,card,51539.23,2024-11-01,8,Shipped,283.15,2025-05-18
3004,36,88,cash,8036.77,2026-06-25,1,Delivered,247.85,2026-08-04
3005,9,20,card,53995.65,2025-07-10,2,Cancelled,88.33,2025-08-18
3006,7,43,wallet,10920.82,2025-04-11,25,Pending,268.73,2025-12-01
3007,68,78,card,45410.36,2025-01-18,28,Shipped,296.89,2025-04-05
3008,64,72,card,22243.08,2026-07-26,9,Cancelled,145.35,2026-07-29
3009,40,85,card,69014.69,2026-03-07,17,Pending,215.42,2026-06-04
3010,68,25,card,55737.75,2025-11-15,6,Shipped,114.88,2026-03-09
3011,41,8,card,10044.82,2026-06-19,27,Pending,92.82,2026-06-22
3012,82,98,wallet,72018.71,2025-02-17,20,Delivered,121.93,2026-02-16
3013,56,45,cash,50952.98,2025-04-04,20,Pending,246.81,2026-04-16
3014,91,39,wallet,65138.31,2026-04-30,10,Shipped,44.71,2026-06-17
3015,95,26,card,76230.58,2026-05-13,15,Pending,181.71,2026-08-04
3016,97,91,cash,21933.76,2024-09-06,14,Cancelled,206.61,2026-03-07
3017,62,5,wallet,96976.45,2025-04-28,11,Cancelled,101.18,2025-11-03
3018,53,10,cash,47575.0,2025-06-24,21,Pending,256.57,2026-06-25
3019,87,99,wallet,13928.82,2025-02-07,25,Cancelled,52.19,2026-08-08
3020,71,13,wallet,34750.36,2024-09-04,2,Cancelled,54.76,2025-10-22
3021,45,27,wallet,38561.91,2025-02-02,10,Pending,149.48,2025-11-21
3022,48,38,wallet,98688.03,2025-03-11,7,Delivered,87.29,2026-03-10
3023,6,96,wallet,40117.54,2025-01-15,8,Pending,177.32,2025-06-19
3024,91,16,wallet,70934.52,2026-02-06,15,Cancelled,39.6,2026-08-01
3025,88,36,wallet,12083.34,2025-07-04,10,Delivered,276.83,2025-08-25
3026,51,50,card,66141.05,2026-05-27,21,Cancelled,206.61,2026-07-17
3027,8,16,cash,65816.34,2026-02-19,25,Pending,218.1,2026-06-04
3028,10,93,card,52310.86,2024-09-14,25,Delivered,107.23,2025-11-21
3029,100,22,wallet,28816.29,2025-09-30,18,Cancelled,280.73,2026-08-02
3030,64,48,wallet,35247.4,2025-03-08,10,Delivered,151.56,2025-08-08
3031,69,26,card,30541.23,2025-10-01,19,Shipped,166.16,2026-08-05
3032,5,17,card,87830.11,2026-01-19,6,Cancelled,20.63,2026-06-14
3033,95,77,card,53029.32,2026-01-25,22,Shipped,117.71,2026-03-14
3034,17,12,card,1649.02,2025-02-24,24,Cancelled,85.99,2025-05-18
3035,100,30,wallet,59866.0,2026-02-05,12,Pending,129.67,2026-05-06
3036,76,3,cash,35793.52,2025-11-02,6,Cancelled,47.3,2026-02-20
3037,31,53,cash,56954.47,2024-12-07,12,Pending,234.95,2026-03-31
3038,59,10,cash,37347.5,2025-07-07,2,Delivered,231.25,2026-03-23
3039,35,19,cash,91215.88,2025-11-23,21,Shipped,255.82,2026-03-10
3040,64,12,cash,17497.61,2024-12-28,24,Pending,219.88,2025-01-27
3041,14,60,cash,76525.67,2026-07-28,9,Delivered,25.43,2026-07-29
3042,91,100,wallet,24706.5,2025-09-26,27,Pending,194.02,2026-01-02
3043,48,73,card,53932.98,2026-03-10,22,Pending,277.53,2026-06-10
3044,72,99,wallet,79706.2,2024-11-16,27,Pending,111.82,2026-02-05
3045,90,53,cash,60981.53,2026-06-02,30,Delivered,137.67,2026-06-20
3046,36,77,wallet,84544.26,2025-06-07,8,Delivered,168.54,2026-06-03
3047,16,47,card,23970.26,2025-05-23,12,Cancelled,159.14,2026-05-05
3048,86,56,card,43251.87,2026-05-10,28,Cancelled,103.27,2026-06-14
3049,91,51,wallet,57074.43,2024-09-03,10,Cancelled,169.01,2025-05-01
3050,64,60,wallet,36673.23,2026-01-01,14,Pending,145.78,2026-01-03
3051,44,63,card,3091.57,2025-06-22,4,Delivered,88.92,2026-05-27
3052,95,55,wallet,43807.79,2026-01-18,22,Shipped,180.72,2026-07-05
3053,35,97,wallet,66659.75,2025-06-13,11,Delivered,157.08,2026-07-03
3054,91,43,cash,12757.31,2025-08-02,7,Shipped,132.87,2026-01-22
3055,68,63,card,30040.83,2025-03-18,16,Cancelled,53.01,2025-05-03
3056,29,78,card,46290.62,2024-11-27,11,Cancelled,186.98,2025-04-09
3057,52,47,wallet,41760.45,2025-01-28,8,Pending,214.3,2026-08-11
3058,7,69,cash,20713.8,2026-08-05,7,Delivered,213.27,2026-08-10
3059,88,84,card,13898.09,2026-08-12,4,Cancelled,153.85,2026-08-12
3060,59,66,card,90136.67,2026-08-01,29,Shipped,35.91,2026-08-12
3061,92,25,card,6190.47,2025-06-01,28,Cancelled,169.81,2026-01-01
3062,32,61,wallet,15933.97,2026-02-09,28,Cancelled,75.7,2026-05-08
3063,76,19,card,35419.58,2026-04-22,23,Cancelled,225.59,2026-08-02
3064,24,99,cash,36036.98,2025-12-06,17,Cancelled,274.65,2026-03-29
3065,29,46,card,34471.61,2024-12-23,19,Pending,181.42,2026-08-03
3066,56,22,cash,12167.7,2024-09-24,19,Cancelled,57.23,2026-05-05
3067,26,97,cash,9555.75,2025-03-06,17,Delivered,107.03,2025-12-24
3068,80,74,wallet,6623.26,2025-03-18,11,Shipped,36.67,2025-12-01
3069,79,57,cash,20855.36,2025-07-04,27,Shipped,235.46,2025-11-22
3070,87,58,card,1908.72,2025-05-30,4,Pending,284.37,2025-11-10
3071,11,76,wallet,811.96,2026-05-08,21,Shipped,136.18,2026-06-27
3072,9,78,cash,51872.12,2025-08-20,7,Shipped,117.88,2025-09-11
3073,4,57,cash,15094.37,2026-04-26,20,Pending,136.41,2026-06-28
3074,98,93,wallet,84735.08,2025-09-25,28,Delivered,279.17,2026-02-08
3075,27,33,card,79097.15,2025-01-13,6,Pending,53.66,2025-08-12
3076,53,72,card,59320.13,2024-10-19,12,Delivered,21.68,2026-01-11
3077,31,70,card,6301.28,2025-10-18,1,Delivered,20.49,2026-02-09
3078,85,56,card,80437.24,2025-01-22,11,Cancelled,34.52,2026-05-23
3079,35,45,wallet,45255.18,2025-10-05,17,Pending,262.05,2026-05-09
3080,80,45,wallet,30533.2,2026-04-22,22,Pending,275.36,2026-04-28
3081,88,40,wallet,84970.11,2025-06-18,22,Delivered,125.62,2026-07-21
3082,79,8,wallet,55926.77,2025-12-07,6,Cancelled,202.41,2026-02-14
3083,30,84,card,20461.09,2025-07-21,16,Cancelled,240.5,2025-12-19
3084,13,34,wallet,8962.74,2025-10-17,20,Cancelled,34.68,2025-10-21
3085,23,53,wallet,5834.49,2026-03-27,11,Cancelled,170.96,2026-05-12
3086,23,30,card,84274.29,2025-10-23,22,Delivered,22.71,2026-03-13
3087,24,93,wallet,46811.26,2025-11-04,2,Delivered,104.83,2025-11-16
3088,94,66,card,52155.71,2024-12-27,4,Delivered,170.61,2026-06-19
3089,2,1,cash,21470.38,2025-03-14,29,Shipped,154.32,2025-04-08
3090,26,18,cash,37009.4,2025-05-17,9,Delivered,133.04,2026-05-07
3091,51,2,wallet,18027.1,2024-10-03,6,Delivered,235.54,2025-02-24
3092,17,3,card,99908.3,2025-07-29,26,Shipped,290.99,2026-06-22
3093,70,23,card,46544.16,2025-04-03,24,Delivered,88.99,2025-05-14
3094,36,63,wallet,52039.73,2026-06-14,14,Pending,61.83,2026-07-20
3095,15,17,wallet,18744.9,2026-02-28,14,Shipped,162.46,2026-03-26
3096,76,64,cash,66806.33,2025-03-13,17,Shipped,207.05,2025-03-31
3097,41,2,wallet,99305.81,2025-03-19,23,Pending,202.62,2025-07-15
3098,25,77,cash,61679.41,2024-12-03,20,Shipped,173.47,2026-07-05
3099,31,82,cash,12206.74,2024-10-05,22,Cancelled,188.23,2026-06-14
3100,63,99,cash,16482.57,2026-01-13,19,Shipped,209.35,2026-06-09
3101,80,65,card,36168.27,2025-11-18,28,Cancelled,92.48,2026-03-18
3102,20,57,cash,83761.62,2026-05-25,12,Shipped,26.27,2026-07-14
3103,65,1,wallet,5325.22,2026-01-01,7,Cancelled,89.49,2026-04-24
3104,39,78,cash,21231.36,2024-10-29,15,Shipped,274.72,2025-01-22
3105,59,18,cash,31266.94,2024-11-30,9,Cancelled,235.12,2026-01-31
3106,99,40,wallet,97603.5,2026-07-25,9,Cancelled,57.03,2026-08-05
3107,46,10,card,22292.74,2026-04-07,11,Pending,255.44,2026-07-26
3108,42,19,cash,10756.13,2024-11-17,14,Shipped,30.82,2026-07-19
3109,93,62,card,37676.2,2025-04-04,30,Cancelled,289.89,2026-07-19
3110,55,24,wallet,35515.71,2024-10-16,16,Cancelled,45.63,2026-05-12
3111,45,72,card,76207.13,2026-04-14,11,Delivered,276.86,2026-08-06
3112,72,82,card,96830.76,2025-08-09,4,Delivered,224.38,2026-04-13
3113,5,82,card,31553.49,2025-09-11,25,Shipped,295.14,2026-02-13
3114,94,61,card,35332.21,2025-05-26,10,Cancelled,170.85,2026-01-21
3115,43,47,wallet,74103.26,2024-11-24,10,Pending,270.97,2026-06-03
3116,33,15,card,97102.93,2025-12-19,15,Delivered,117.82,2026-06-16
3117,62,72,cash,62064.27,2026-03-10,10,Delivered,77.93,2026-05-27
3118,20,9,cash,51528.87,2026-02-18,24,Cancelled,203.16,2026-06-19
3119,36,72,wallet,8726.98,2026-04-12,17,Cancelled,131.49,2026-05-13
3120,45,57,card,10506.98,2024-09-05,14,Cancelled,269.4,2025-11-04
3121,6,32,card,81450.23,2026-01-09,13,Pending,281.87,2026-05-27
3122,61,99,wallet,14635.11,2025-02-15,11,Pending,235.24,2025-11-29
3123,58,68,card,12634.53,2026-02-19,27,Shipped,94.66,2026-07-06
3124,76,14,card,36204.77,2026-05-03,16,Pending,277.1,2026-05-29
3125,93,35,card,89751.99,2024-11-27,16,Delivered,70.65,2025-12-13
3126,64,58,card,73374.87,2024-11-05,16,Delivered,127.26,2026-05-07
3127,13,62,wallet,59722.88,2025-07-13,8,Cancelled,278.58,2025-07-16
3128,5,75,card,52850.3,2024-10-24,5,Cancelled,52.64,2026-07-08
3129,30,68,card,43154.77,2025-04-27,5,Shipped,122.32,2026-01-11
3130,84,92,wallet,60311.77,2025-11-22,29,Pending,226.31,2026-03-14
3131,53,67,wallet,92016.1,2026-08-07,4,Cancelled,232.31,2026-08-07
3132,90,11,wallet,12270.56,2025-09-13,10,Pending,26.58,2026-08-04
3133,26,79,card,88969.79,2025-12-24,21,Shipped,273.3,2026-06-27
3134,96,63,cash,13379.38,2026-02-17,25,Delivered,140.31,2026-08-04
3135,69,1,card,96754.0,2026-02-10,29,Shipped,200.3,2026-04-22
3136,32,88,cash,80848.52,2026-06-19,3,Shipped,246.9,2026-07-23
3137,38,99,card,77243.91,2024-09-06,16,Shipped,80.17,2024-12-05
3138,26,67,cash,49237.97,2025-11-19,1,Pending,63.76,2026-05-09
3139,58,23,cash,37804.18,2026-06-07,7,Pending,195.19,2026-06-11
3140,31,73,cash,50875.26,2025-02-26,19,Pending,173.65,2026-08-02
3141,20,30,card,96607.35,2026-03-07,28,Shipped,286.67,2026-07-01
3142,44,40,card,14239.07,2025-11-27,19,Pending,91.15,2026-07-02
3143,55,10,card,57006.46,2024-10-01,14,Shipped,94.2,2026-07-10
3144,83,8,wallet,84819.88,2026-07-07,11,Delivered,38.71,2026-08-04
3145,7,36,cash,50866.22,2025-03-28,10,Cancelled,233.87,2026-06-27
3146,96,29,wallet,54883.9,2025-01-23,17,Delivered,288.4,2025-07-04
3147,65,28,card,57324.05,2026-05-01,13,Cancelled,188.12,2026-05-22
3148,24,43,cash,51950.82,2025-04-18,5,Cancelled,236.31,2025-10-25
3149,7,68,wallet,44820.1,2025-06-23,10,Shipped,216.4,2026-03-28
3150,39,93,wallet,11490.51,2025-03-21,3,Delivered,176.88,2026-02-07
3151,94,47,cash,34860.34,2024-09-01,10,Delivered,285.62,2025-11-19
3152,3,95,card,53659.69,2024-09-24,25,Delivered,186.88,2025-01-22
3153,72,24,wallet,32820.55,2025-01-05,13,Cancelled,274.67,2025-03-22
3154,19,39,cash,4169.97,2024-12-03,20,Cancelled,136.74,2026-04-12
3155,50,71,cash,49711.21,2026-05-31,6,Shipped,163.4,2026-05-31
3156,15,68,card,40130.89,2026-01-11,13,Delivered,116.24,2026-05-05
3157,78,17,card,52657.54,2026-01-04,28,Shipped,154.97,2026-01-12
3158,90,55,card,65659.72,2026-05-18,18,Cancelled,190.86,2026-06-15
3159,4,58,wallet,60848.07,2026-04-06,26,Pending,289.41,2026-05-07
3160,30,27,wallet,57445.66,2025-07-08,8,Pending,98.1,2026-08-01
3161,47,68,card,13901.13,2026-07-08,10,Cancelled,218.01,2026-08-11
3162,2,80,card,69312.35,2026-03-31,23,Shipped,46.44,2026-07-17
3163,94,72,card,69794.96,2025-03-27,30,Delivered,223.81,2025-12-29
3164,93,83,card,59550.2,2024-10-09,10,Cancelled,175.04,2025-01-21
3165,69,6,card,81683.45,2025-09-23,13,Delivered,48.53,2025-10-13
3166,82,7,wallet,43671.64,2026-01-01,29,Cancelled,267.43,2026-02-13
3167,88,28,wallet,1892.93,2025-09-27,28,Pending,178.65,2026-03-17
3168,94,39,card,17254.68,2026-02-07,12,Shipped,219.88,2026-03-04
3169,6,73,cash,95394.37,2026-03-18,21,Delivered,171.24,2026-07-21
3170,82,35,cash,8215.77,2025-09-01,25,Delivered,209.96,2026-05-22
3171,74,68,cash,28024.31,2026-03-08,24,Cancelled,81.85,2026-06-27
3172,41,85,wallet,45214.65,2024-09-06,6,Cancelled,258.96,2025-01-29
3173,18,93,card,34468.61,2025-06-16,22,Pending,285.99,2025-08-30
3174,7,20,wallet,26475.9,2025-11-07,25,Cancelled,148.73,2026-03-19
3175,43,46,cash,62327.43,2026-03-30,18,Delivered,88.66,2026-06-08
3176,90,23,wallet,97528.42,2026-05-10,5,Delivered,54.98,2026-07-29
3177,93,34,card,23907.71,2026-05-20,20,Cancelled,168.44,2026-06-19
3178,70,85,card,24871.1,2025-03-25,15,Shipped,276.09,2025-12-16
3179,53,89,cash,43031.47,2025-07-19,19,Shipped,271.78,2026-04-04
3180,36,3,card,64321.11,2026-06-25,20,Shipped,271.3,2026-07-03
3181,25,81,card,63407.89,2024-11-30,17,Delivered,94.82,2025-03-07
3182,57,51,cash,8835.41,2026-03-09,5,Delivered,148.94,2026-04-08
3183,10,2,wallet,73007.91,2024-10-09,16,Cancelled,37.72,2026-01-27
3184,28,95,cash,20173.18,2026-08-02,23,Pending,263.48,2026-08-06
3185,2,93,cash,46577.29,2025-08-02,5,Cancelled,291.15,2026-04-10
3186,53,96,cash,56122.12,2025-11-30,19,Pending,26.53,2026-06-29
3187,74,7,cash,49443.7,2025-09-04,28,Shipped,174.79,2026-02-27
3188,94,62,card,76036.83,2026-07-07,29,Cancelled,145.61,2026-08-10
3189,53,22,wallet,57241.09,2025-09-29,7,Delivered,146.96,2026-08-01
3190,40,12,cash,18605.29,2025-06-30,24,Pending,196.82,2025-09-24
3191,28,46,cash,89547.8,2025-03-18,17,Cancelled,215.79,2026-05-27
3192,16,4,card,42846.82,2025-02-21,4,Delivered,253.81,2025-12-12
3193,7,89,wallet,59366.64,2026-07-11,26,Cancelled,123.06,2026-08-01
3194,82,90,card,3698.16,2024-10-17,26,Pending,196.22,2025-01-23
3195,32,70,cash,83969.34,2026-03-11,5,Shipped,58.4,2026-06-11
3196,55,59,cash,94344.31,2025-09-09,28,Pending,71.25,2026-07-05
3197,4,4,wallet,63278.46,2025-05-29,30,Cancelled,176.48,2026-03-02
3198,75,24,cash,68804.46,2025-10-01,30,Shipped,296.22,2025-12-06
3199,68,36,cash,45245.92,2024-12-12,2,Delivered,82.86,2026-03-11
3200,54,54,cash,4942.37,2025-09-20,20,Shipped,199.55,2026-06-08
3201,32,72,cash,83982.14,2026-04-29,15,Pending,54.44,2026-07-16
3202,73,35,cash,24174.13,2026-05-16,30,Shipped,155.48,2026-06-26
3203,92,79,wallet,16304.36,2025-06-02,14,Pending,99.06,2025-10-09
3204,1,53,wallet,41403.96,2025-01-29,24,Shipped,47.49,2025-11-07
3205,1,19,card,47167.48,2024-11-09,27,Shipped,176.37,2026-02-06
3206,66,83,card,61774.8,2024-09-30,10,Delivered,95.91,2024-10-01
3207,22,56,wallet,5115.16,2026-06-02,28,Delivered,178.42,2026-06-07
3208,36,13,wallet,22512.62,2025-03-25,3,Shipped,141.15,2025-07-30
3209,22,33,cash,85171.46,2025-03-10,27,Cancelled,228.88,2025-10-02
3210,85,3,wallet,34024.89,2026-01-20,4,Pending,64.68,2026-06-03
3211,34,98,wallet,86774.06,2024-08-12,30,Pending,114.52,2025-02-23
3212,60,100,wallet,7014.61,2026-07-04,17,Shipped,63.34,2026-07-11
3213,70,66,cash,1366.37,2025-12-05,21,Pending,69.94,2025-12-24
3214,85,22,card,4715.46,2025-11-13,27,Cancelled,203.44,2025-12-30
3215,11,46,cash,33632.03,2026-03-19,23,Shipped,44.21,2026-05-27
3216,29,8,wallet,66570.92,2025-04-03,30,Delivered,124.61,2025-08-28
3217,42,30,cash,98545.82,2024-08-30,26,Cancelled,147.06,2026-02-26
3218,99,100,cash,13071.61,2025-10-10,27,Shipped,131.04,2026-01-12
3219,51,72,cash,30860.34,2025-08-01,2,Cancelled,162.94,2025-10-04
3220,73,60,card,55267.38,2025-06-14,5,Cancelled,129.39,2025-07-15
3221,4,42,cash,60024.71,2025-02-22,30,Shipped,109.87,2026-04-29
3222,53,77,wallet,33285.77,2026-03-30,18,Pending,116.7,2026-07-25
3223,29,55,cash,30371.09,2024-08-24,20,Cancelled,70.54,2026-03-24
3224,64,74,wallet,28270.54,2025-06-30,3,Shipped,250.81,2025-07-02
3225,41,97,wallet,43263.28,2025-11-27,27,Delivered,201.78,2026-06-07
3226,39,76,card,29087.87,2025-06-11,19,Pending,234.21,2026-04-15
3227,82,2,card,29926.77,2024-10-24,15,Pending,115.5,2025-02-16
3228,17,33,card,35573.98,2025-07-07,19,Cancelled,223.57,2025-08-04
3229,72,8,card,84020.71,2025-11-27,18,Pending,267.14,2025-12-05
3230,19,96,cash,56780.46,2026-05-18,4,Delivered,232.4,2026-07-21
3231,60,93,wallet,26512.24,2025-03-14,3,Shipped,127.5,2026-02-22
3232,36,49,wallet,25870.31,2024-09-18,18,Delivered,288.01,2025-09-21
3233,56,25,wallet,42115.83,2025-11-09,3,Pending,164.13,2026-06-10
3234,11,80,wallet,83098.58,2025-12-04,5,Shipped,201.85,2026-02-15
3235,39,33,card,35002.0,2025-07-22,16,Shipped,83.26,2026-06-04
3236,39,54,wallet,25177.15,2024-09-05,14,Shipped,59.99,2025-04-05
3237,86,49,cash,5733.42,2026-07-13,15,Delivered,206.4,2026-07-13
3238,40,91,cash,11434.56,2026-01-18,2,Shipped,46.02,2026-03-18
3239,66,19,card,88289.37,2025-02-20,13,Cancelled,134.62,2026-05-05
3240,100,53,wallet,20840.06,2025-07-10,27,Delivered,180.37,2026-07-15
3241,77,30,wallet,2288.05,2025-02-16,20,Pending,71.32,2025-06-05
3242,46,22,card,30504.08,2026-02-18,8,Shipped,284.05,2026-04-01
3243,76,66,card,71514.54,2025-12-21,27,Delivered,233.74,2026-03-24
3244,94,58,cash,28204.36,2025-03-04,14,Cancelled,229.73,2026-04-09
3245,74,11,card,79065.51,2024-11-11,27,Cancelled,69.54,2025-10-05
3246,57,12,cash,53505.29,2025-01-11,18,Shipped,187.82,2025-05-19
3247,34,33,cash,14782.89,2025-08-25,15,Shipped,41.52,2025-09-29
3248,74,79,card,89575.96,2025-10-10,5,Pending,239.66,2026-02-02
3249,31,79,cash,80317.71,2024-11-07,15,Pending,55.56,2025-06-15
3250,88,96,cash,59724.83,2024-09-26,3,Delivered,198.23,2025-06-29
3251,44,67,card,88987.06,2024-12-01,3,Pending,159.33,2025-05-07
3252,38,72,wallet,42568.21,2024-09-14,3,Delivered,59.59,2025-06-19
3253,2,11,card,92256.63,2026-04-15,26,Cancelled,75.7,2026-07-11
3254,55,41,wallet,40713.96,2026-02-23,3,Pending,56.3,2026-05-07
3255,65,46,wallet,41903.82,2026-04-05,16,Cancelled,179.61,2026-07-07
3256,97,5,card,79616.66,2026-03-03,11,Cancelled,260.88,2026-04-01
3257,72,44,wallet,51956.63,2025-12-18,8,Pending,92.44,2026-07-19
3258,44,17,wallet,13662.51,2026-08-10,14,Cancelled,179.57,2026-08-12
3259,44,95,wallet,67224.08,2025-08-26,20,Delivered,77.49,2026-05-22
3260,5,92,cash,99909.64,2025-05-14,26,Cancelled,49.91,2025-05-16
3261,14,79,wallet,12959.46,2026-03-13,8,Delivered,90.98,2026-07-06
3262,56,20,wallet,26985.2,2025-06-22,10,Pending,208.33,2025-12-30
3263,48,90,wallet,23847.0,2025-06-26,23,Cancelled,157.96,2026-03-16
3264,18,89,cash,50904.58,2026-04-26,3,Cancelled,206.79,2026-08-07
3265,99,56,cash,69423.36,2026-01-21,27,Cancelled,231.4,2026-05-22
3266,37,79,cash,89028.18,2024-10-10,18,Delivered,194.32,2024-11-09
3267,32,64,card,14857.26,2025-03-05,5,Pending,283.73,2025-09-10
3268,81,56,cash,95920.74,2026-06-30,22,Cancelled,185.79,2026-07-06
3269,29,44,wallet,87079.32,2026-07-01,11,Pending,128.33,2026-07-15
3270,65,9,card,98641.22,2026-04-01,13,Shipped,174.63,2026-07-17
3271,26,12,cash,34870.03,2025-05-10,10,Shipped,167.17,2025-05-22
3272,81,33,cash,85455.76,2025-11-03,7,Cancelled,94.1,2026-02-22
3273,9,23,wallet,36130.89,2026-07-25,30,Shipped,143.99,2026-07-31
3274,28,1,card,4280.55,2025-02-06,5,Cancelled,123.95,2025-06-07
3275,2,67,card,80614.47,2024-08-24,12,Delivered,87.67,2025-09-15
3276,78,46,card,14603.0,2025-05-31,17,Pending,226.13,2026-08-09
3277,51,48,cash,47018.94,2026-07-22,9,Shipped,128.28,2026-08-08
3278,33,63,card,21464.5,2026-07-28,4,Delivered,132.12,2026-08-10
3279,89,26,card,96486.17,2026-07-21,22,Cancelled,73.3,2026-07-22
3280,67,70,cash,73445.56,2026-05-04,30,Cancelled,131.0,2026-05-11
3281,84,69,cash,40675.22,2025-07-20,5,Cancelled,184.8,2026-02-21
3282,97,51,card,44626.93,2025-04-14,2,Cancelled,187.08,2025-11-16
3283,38,23,cash,13824.48,2024-08-24,4,Pending,172.24,2026-07-15
3284,95,67,cash,85906.99,2025-10-28,26,Shipped,162.5,2026-04-14
3285,36,67,cash,21128.41,2025-02-23,23,Pending,216.32,2026-02-27
3286,44,75,wallet,51972.28,2026-07-29,30,Cancelled,164.59,2026-08-11
3287,43,43,wallet,83793.86,2024-12-21,1,Cancelled,38.49,2025-10-12
3288,75,20,cash,96132.6,2024-10-29,11,Pending,256.49,2025-06-16
3289,41,80,card,94734.64,2024-11-13,11,Shipped,56.54,2025-02-24
3290,95,23,cash,51573.21,2025-04-29,4,Pending,287.44,2026-07-12
3291,41,36,cash,14937.39,2026-03-20,17,Pending,124.56,2026-05-06
3292,23,90,wallet,52678.45,2026-07-30,28,Pending,151.01,2026-08-06
3293,9,89,cash,78540.42,2024-12-02,9,Delivered,192.19,2025-04-28
3294,56,75,cash,3317.66,2025-02-13,8,Cancelled,287.29,2026-01-27
3295,51,59,cash,11475.93,2025-10-11,3,Pending,232.95,2026-08-06
3296,18,68,cash,24318.14,2024-09-20,21,Delivered,263.79,2026-05-30
3297,50,98,card,18973.3,2026-05-30,22,Shipped,297.63,2026-07-04
3298,27,35,cash,64800.44,2025-07-16,7,Shipped,289.08,2026-04-05
3299,32,30,cash,5989.27,2025-05-17,25,Pending,76.54,2025-12-27
3300,83,93,wallet,81770.78,2024-12-24,6,Pending,24.18,2026-05-08
3301,85,54,cash,66654.47,2025-05-16,27,Delivered,204.59,2025-12-22
3302,66,17,cash,83038.03,2025-04-12,2,Pending,230.06,2026-04-23
3303,95,95,card,84729.11,2026-06-17,6,Cancelled,241.96,2026-07-02
3304,2,82,wallet,74291.97,2025-12-31,5,Shipped,102.09,2026-07-22
3305,91,30,wallet,78030.38,2025-11-05,18,Cancelled,81.58,2025-11-10
3306,23,41,cash,16648.65,2026-01-15,17,Delivered,49.99,2026-07-03
3307,71,4,cash,64896.56,2025-08-30,7,Delivered,159.81,2026-02-26
3308,51,80,card,76078.45,2026-08-02,6,Shipped,36.08,2026-08-04
3309,32,38,card,36021.7,2025-11-10,3,Cancelled,122.51,2026-02-22
3310,1,71,cash,35353.87,2025-07-29,20,Cancelled,153.96,2026-05-08
3311,100,57,cash,80330.48,2025-04-27,30,Pending,103.63,2025-11-06
3312,56,67,wallet,29956.08,2026-02-25,19,Cancelled,136.8,2026-03-29
3313,34,3,card,10788.82,2025-06-14,7,Shipped,112.12,2025-11-06
3314,5,89,card,88725.94,2024-09-10,28,Cancelled,230.96,2025-03-25
3315,43,14,wallet,58433.91,2025-01-21,22,Shipped,27.43,2025-07-20
3316,98,17,card,93816.29,2026-03-07,4,Delivered,94.26,2026-07-02
3317,13,84,card,57139.04,2024-09-28,25,Shipped,86.91,2025-07-21
3318,77,57,wallet,37207.94,2026-06-20,6,Delivered,52.03,2026-06-22
3319,41,6,card,83167.08,2024-10-25,15,Shipped,155.18,2026-05-11
3320,97,98,card,6816.24,2025-10-16,13,Pending,142.51,2026-01-28
3321,47,35,wallet,17568.89,2026-07-11,25,Delivered,287.81,2026-07-24
3322,90,71,card,66672.84,2025-04-11,26,Shipped,193.12,2025-06-17
3323,9,34,cash,71247.77,2026-01-18,18,Cancelled,160.7,2026-03-06
3324,30,74,cash,11900.66,2025-03-07,17,Shipped,50.12,2025-09-04
3325,82,34,cash,55935.5,2026-03-28,30,Delivered,85.4,2026-04-05
3326,91,73,wallet,51178.51,2025-09-08,7,Cancelled,161.11,2026-04-23
3327,89,91,card,77647.12,2025-08-12,8,Delivered,146.59,2026-04-07
3328,20,79,card,78214.54,2024-10-08,2,Pending,133.23,2025-09-30
3329,49,55,card,82237.21,2026-02-07,5,Delivered,192.25,2026-03-26
3330,39,60,wallet,64666.34,2026-01-25,13,Pending,106.58,2026-02-01
3331,2,99,wallet,93751.59,2026-02-12,28,Shipped,233.07,2026-06-23
3332,54,92,wallet,1528.94,2025-08-21,25,Shipped,183.9,2025-10-06
3333,41,51,cash,54917.56,2026-08-01,9,Pending,40.82,2026-08-04
3334,20,8,wallet,72153.1,2024-10-28,9,Shipped,58.68,2025-09-04
3335,25,52,card,49382.79,2024-09-23,23,Cancelled,217.2,2024-12-29
3336,26,26,wallet,26202.03,2024-08-16,9,Cancelled,123.24,2025-09-07
3337,94,97,card,54006.85,2024-10-13,22,Shipped,261.51,2025-02-02
3338,87,49,wallet,13682.97,2024-11-13,27,Pending,71.17,2026-02-11
3339,36,59,card,73488.5,2025-02-02,28,Cancelled,161.2,2026-01-15
3340,47,1,wallet,16851.59,2026-05-01,10,Delivered,279.95,2026-06-09
3341,14,81,wallet,26472.1,2024-12-09,9,Cancelled,120.85,2025-02-19
3342,75,17,cash,24261.63,2025-08-14,4,Shipped,240.5,2026-02-04
3343,5,68,card,20281.79,2025-06-21,3,Pending,81.0,2025-12-10
3344,21,79,wallet,53599.16,2026-01-29,6,Shipped,83.44,2026-08-08
3345,13,75,wallet,82507.41,2025-08-28,19,Pending,163.13,2025-12-19
3346,38,45,card,87881.09,2026-01-01,10,Pending,48.46,2026-01-07
3347,42,91,wallet,36812.76,2025-12-11,28,Pending,121.41,2026-06-11
3348,68,20,card,69303.28,2026-02-21,1,Shipped,183.04,2026-04-29
3349,5,71,card,44038.86,2024-11-24,11,Shipped,166.42,2026-02-02
3350,61,58,cash,55804.36,2024-11-10,11,Pending,236.12,2026-01-16
3351,69,3,card,74889.66,2025-04-11,9,Cancelled,261.35,2025-11-29
3352,9,54,card,84519.16,2026-01-13,18,Delivered,113.96,2026-02-09
3353,25,92,card,66935.39,2026-05-31,17,Pending,73.31,2026-06-02
3354,81,13,card,28811.43,2026-03-11,7,Shipped,207.99,2026-03-20
3355,93,59,card,18945.75,2026-07-15,21,Shipped,128.45,2026-07-21
3356,28,10,wallet,65778.15,2026-05-23,11,Shipped,215.72,2026-06-18
3357,48,92,wallet,18359.85,2026-05-22,4,Cancelled,251.49,2026-05-24
3358,34,93,card,30656.0,2025-01-07,14,Shipped,287.1,2026-01-08
3359,56,86,wallet,73049.5,2025-04-06,23,Cancelled,141.66,2026-07-15
3360,53,72,cash,68809.82,2025-01-14,28,Cancelled,218.31,2025-06-16
3361,9,85,cash,21072.5,2025-04-29,19,Shipped,243.12,2025-08-01
3362,54,48,card,52305.81,2025-06-10,19,Shipped,128.88,2026-08-03
3363,22,48,cash,22245.18,2025-09-01,7,Pending,98.22,2026-01-18
3364,43,50,card,5454.74,2026-08-01,29,Cancelled,182.3,2026-08-06
3365,44,59,wallet,2672.1,2024-12-08,11,Shipped,121.87,2025-06-30
3366,15,87,card,72374.32,2026-07-13,26,Shipped,227.02,2026-07-29
3367,68,18,card,91027.21,2026-07-24,20,Delivered,258.39,2026-07-25
3368,67,52,card,34755.1,2025-06-30,8,Shipped,163.59,2026-06-07
3369,73,9,card,36608.33,2026-03-14,6,Delivered,113.3,2026-07-18
3370,20,21,wallet,65881.66,2026-04-29,8,Shipped,257.81,2026-07-08
3371,34,54,wallet,32163.51,2026-02-15,21,Shipped,195.28,2026-03-29
3372,80,18,wallet,28108.53,2026-02-08,29,Cancelled,38.6,2026-06-16
3373,16,53,cash,31057.83,2026-05-09,21,Delivered,182.33,2026-06-24
3374,95,33,cash,2739.8,2026-02-06,2,Pending,110.14,2026-06-30
3375,13,23,card,98993.93,2026-01-17,6,Cancelled,165.52,2026-04-06
3376,69,83,cash,38193.79,2025-06-18,5,Pending,61.33,2026-07-28
3377,90,47,card,59693.08,2025-03-20,10,Shipped,39.59,2026-07-09
3378,91,65,wallet,30219.73,2025-09-03,5,Shipped,84.68,2025-11-20
3379,88,19,card,60489.08,2025-06-18,16,Cancelled,150.02,2026-03-07
3380,23,81,wallet,41131.25,2026-06-05,19,Pending,55.0,2026-08-11
3381,36,19,card,1542.22,2025-06-19,4,Pending,160.3,2025-10-02
3382,59,37,wallet,96291.6,2025-10-09,4,Pending,56.28,2026-01-16
3383,4,91,cash,406.65,2025-09-27,19,Pending,144.02,2026-07-21
3384,95,58,card,75594.44,2025-04-15,24,Shipped,223.5,2026-02-19
3385,100,87,card,88345.22,2025-12-29,4,Pending,259.98,2026-01-26
3386,84,22,cash,90523.44,2025-04-01,15,Delivered,273.86,2026-07-02
3387,20,19,cash,1669.2,2024-10-02,13,Delivered,168.29,2025-04-30
3388,4,12,card,46009.67,2024-09-24,22,Shipped,86.79,2026-05-16
3389,92,76,wallet,74723.08,2026-02-06,17,Cancelled,274.23,2026-06-25
3390,11,81,cash,9083.43,2025-07-02,6,Pending,51.11,2026-05-27
3391,21,93,wallet,91838.47,2025-03-10,16,Pending,140.36,2026-04-08
3392,16,8,card,41437.4,2025-08-28,19,Pending,241.04,2026-03-15
3393,20,84,cash,41692.34,2025-06-15,10,Pending,286.4,2026-03-14
3394,27,96,card,77265.01,2025-06-17,19,Delivered,76.73,2026-03-10
3395,71,80,card,61791.3,2025-07-10,3,Shipped,97.41,2026-08-01
3396,64,47,cash,58315.29,2025-06-27,2,Shipped,139.5,2026-06-01
3397,37,74,card,5481.11,2024-11-13,9,Shipped,297.17,2025-06-07
3398,62,51,wallet,8773.99,2024-09-15,19,Cancelled,101.92,2025-02-15
3399,91,87,wallet,86458.44,2025-12-08,22,Pending,93.07,2026-03-31
3400,55,26,card,29379.97,2025-02-18,17,Shipped,211.91,2025-12-01
3401,76,98,wallet,98182.16,2025-01-03,8,Cancelled,292.18,2026-07-07
3402,25,55,wallet,64419.02,2024-10-04,26,Cancelled,60.32,2025-10-07
3403,47,33,cash,32048.74,2026-03-09,13,Cancelled,54.89,2026-04-17
3404,30,68,card,56691.77,2025-01-04,11,Cancelled,127.26,2026-06-07
3405,34,54,card,86970.66,2026-01-17,25,Cancelled,110.86,2026-04-20
3406,14,17,card,57668.67,2024-10-16,13,Pending,233.8,2025-03-26
3407,22,23,cash,52684.12,2026-05-17,17,Shipped,54.01,2026-05-17
3408,94,7,cash,3983.62,2025-11-06,25,Shipped,127.85,2026-03-10
3409,3,82,cash,96803.91,2026-01-08,12,Cancelled,225.95,2026-02-20
3410,58,95,wallet,69793.1,2025-12-20,24,Shipped,93.59,2026-04-23
3411,37,41,cash,40557.18,2025-01-26,23,Delivered,176.35,2026-04-13
3412,58,25,card,74531.93,2025-10-24,2,Shipped,102.74,2026-08-08
3413,43,52,cash,4313.32,2025-09-22,9,Cancelled,240.04,2026-03-18
3414,33,61,cash,88046.12,2026-04-08,30,Shipped,141.85,2026-05-25
3415,37,73,cash,21609.06,2026-06-21,18,Delivered,27.02,2026-08-08
3416,50,18,cash,22540.25,2025-11-17,11,Delivered,70.26,2026-02-22
3417,23,37,wallet,44007.33,2026-06-26,22,Shipped,68.8,2026-07-15
3418,90,82,wallet,86614.96,2026-03-01,17,Cancelled,181.04,2026-05-01
3419,30,14,card,57960.1,2024-11-05,14,Pending,189.79,2025-06-12
3420,9,52,cash,95481.84,2026-02-25,15,Delivered,231.09,2026-08-04
3421,48,30,card,59907.94,2025-05-28,25,Delivered,164.32,2026-03-18
3422,62,80,card,39727.54,2025-06-27,8,Shipped,271.46,2025-07-12
3423,69,68,wallet,76125.05,2026-02-26,17,Delivered,194.66,2026-08-01
3424,30,1,cash,88342.02,2025-05-09,23,Pending,298.42,2025-09-02
3425,27,9,cash,63490.48,2025-03-19,3,Shipped,71.64,2025-11-07
3426,40,8,wallet,92174.38,2025-07-05,18,Pending,140.23,2026-01-30
3427,23,48,cash,13078.73,2024-10-18,13,Shipped,60.6,2025-08-11
3428,68,73,cash,37049.73,2025-11-17,9,Pending,182.7,2026-07-17
3429,2,11,wallet,75828.23,2026-01-12,1,Cancelled,192.01,2026-05-31
3430,53,59,card,68770.52,2024-11-04,15,Pending,191.63,2025-12-13
3431,9,71,wallet,58176.11,2026-06-08,7,Pending,267.18,2026-08-02
3432,57,20,wallet,30585.6,2024-09-23,4,Delivered,263.65,2025-10-28
3433,44,3,cash,54573.06,2026-04-08,25,Pending,24.1,2026-05-03
3434,35,74,cash,46556.07,2025-02-14,20,Cancelled,297.75,2025-08-28
3435,55,33,wallet,31278.42,2025-08-13,9,Shipped,290.98,2025-08-23
3436,38,97,card,30738.58,2025-05-17,13,Delivered,231.32,2025-06-08
3437,86,90,wallet,51196.5,2026-06-15,19,Pending,43.94,2026-07-08
3438,39,53,card,38312.52,2026-04-13,28,Shipped,199.08,2026-04-23
3439,77,90,wallet,16548.42,2025-08-24,25,Delivered,38.94,2025-12-15
3440,17,93,wallet,59113.41,2024-10-15,26,Shipped,126.62,2026-01-23
3441,62,12,wallet,38949.18,2025-11-26,11,Delivered,239.12,2026-06-30
3442,35,54,card,75748.73,2024-12-27,6,Cancelled,203.56,2025-09-01
3443,45,96,wallet,59078.21,2024-12-23,18,Delivered,118.57,2025-06-25
3444,7,51,cash,53858.52,2025-05-05,16,Pending,160.27,2025-12-01
3445,74,7,cash,74249.56,2025-03-20,26,Pending,282.5,2026-01-31
3446,3,80,cash,2973.91,2025-04-17,24,Shipped,100.88,2025-06-26
3447,32,28,card,58423.85,2026-03-07,29,Shipped,160.18,2026-06-12
3448,62,18,wallet,17105.43,2025-07-26,13,Cancelled,176.3,2025-12-25
3449,17,49,card,50438.37,2024-09-14,6,Delivered,294.72,2024-12-23
3450,97,94,wallet,88669.14,2024-10-08,15,Cancelled,28.5,2025-03-13
3451,36,49,cash,90381.92,2025-11-07,25,Pending,29.5,2026-03-09
3452,72,56,card,32171.88,2026-06-23,20,Delivered,214.05,2026-08-07
3453,94,37,card,37337.19,2025-08-17,14,Pending,269.16,2025-10-16
3454,75,43,wallet,25873.82,2025-10-30,5,Pending,50.87,2026-07-22
3455,78,80,wallet,99537.12,2025-10-17,23,Pending,80.28,2026-03-16
3456,51,34,wallet,73908.81,2025-11-05,17,Shipped,157.98,2026-07-23
3457,28,38,wallet,99060.19,2024-11-18,26,Cancelled,180.08,2025-09-22
3458,79,24,cash,87827.93,2026-07-22,28,Cancelled,193.95,2026-07-24
3459,81,41,card,73565.48,2026-07-10,15,Shipped,248.57,2026-08-11
3460,9,95,cash,10638.44,2025-12-02,13,Cancelled,121.38,2025-12-13
3461,75,79,cash,39101.39,2026-05-29,15,Shipped,249.17,2026-08-03
3462,51,19,cash,41243.64,2026-02-12,26,Pending,257.42,2026-07-27
3463,85,38,cash,79116.2,2025-10-26,4,Pending,145.12,2025-12-19
3464,26,93,card,20113.25,2024-09-22,21,Shipped,52.38,2024-11-14
3465,17,40,card,49981.29,2025-04-27,11,Shipped,239.46,2026-03-07
3466,45,45,card,69524.1,2026-06-14,30,Delivered,103.45,2026-08-09
3467,21,75,card,3106.96,2025-02-21,16,Cancelled,277.01,2026-02-09
3468,40,19,card,65363.36,2025-02-02,4,Shipped,24.25,2026-06-19
3469,9,8,cash,4886.51,2026-03-14,27,Shipped,179.13,2026-04-27
3470,39,15,wallet,84617.34,2026-03-03,30,Cancelled,46.06,2026-07-26
3471,41,12,wallet,70116.8,2025-04-16,15,Cancelled,177.97,2025-08-25
3472,73,60,cash,46596.07,2024-12-07,29,Pending,196.56,2026-06-08
3473,28,32,wallet,73659.43,2025-09-22,16,Pending,78.45,2026-06-24
3474,10,65,cash,13091.03,2025-03-15,10,Delivered,179.99,2025-10-08
3475,12,19,card,647.86,2025-10-17,30,Shipped,169.47,2026-06-07
3476,33,9,cash,51780.87,2026-07-27,18,Shipped,125.43,2026-07-30
3477,84,99,cash,48268.55,2025-02-07,2,Shipped,117.82,2026-05-25
3478,34,3,card,2816.8,2025-05-15,19,Delivered,31.15,2025-05-29
3479,17,97,card,37593.85,2026-05-13,14,Delivered,62.91,2026-06-27
3480,10,43,card,89416.04,2026-06-07,5,Shipped,222.27,2026-07-15
3481,13,26,wallet,12864.88,2026-08-06,4,Pending,136.79,2026-08-06
3482,12,72,card,1723.74,2025-10-04,6,Shipped,118.77,2026-01-06
3483,89,66,cash,11211.49,2025-12-17,19,Delivered,166.26,2026-06-28
3484,37,79,wallet,84942.4,2025-08-18,7,Pending,75.29,2026-03-06
3485,89,71,cash,35104.94,2024-09-14,30,Shipped,158.41,2024-10-20
3486,95,83,card,13151.56,2026-05-15,15,Shipped,116.96,2026-06-18
3487,88,90,cash,64319.01,2025-07-06,2,Delivered,168.55,2026-01-27
3488,36,96,wallet,53530.71,2024-10-07,15,Shipped,276.53,2026-01-10
3489,62,1,card,86957.58,2025-02-07,11,Pending,47.88,2025-09-24
3490,87,43,cash,52238.69,2024-10-01,9,Delivered,104.59,2025-08-07
3491,11,92,cash,63982.62,2025-07-13,19,Cancelled,72.52,2026-05-10
3492,25,86,cash,45817.97,2025-08-19,11,Shipped,204.39,2025-12-03
3493,50,93,wallet,82235.45,2026-03-06,29,Shipped,32.35,2026-04-07
3494,47,61,cash,72673.6,2025-10-21,24,Pending,258.19,2025-12-04
3495,89,10,card,91518.46,2026-03-25,16,Pending,73.51,2026-07-13
3496,72,28,cash,96611.98,2025-07-28,21,Delivered,70.54,2026-04-09
3497,36,31,cash,56394.62,2025-09-23,13,Pending,104.03,2025-12-02
3498,8,84,wallet,5030.74,2026-01-22,7,Shipped,159.22,2026-07-24
3499,63,28,cash,53916.27,2025-05-13,29,Shipped,175.16,2026-07-28
3500,80,78,cash,68348.46,2025-03-28,29,Delivered,211.8,2026-08-07
3501,59,76,wallet,7357.47,2025-12-13,15,Shipped,292.24,2026-06-03
3502,3,52,cash,66400.92,2025-05-05,11,Shipped,172.94,2025-10-11
3503,65,18,cash,80297.06,2024-09-29,3,Cancelled,45.6,2025-07-08
3504,85,79,cash,92737.89,2025-08-29,4,Pending,40.02,2025-12-22
3505,91,29,card,50855.16,2026-04-20,19,Shipped,153.44,2026-06-22
3506,30,28,wallet,79279.81,2026-07-31,19,Shipped,176.04,2026-08-04
3507,54,2,cash,57002.52,2026-05-13,22,Delivered,288.62,2026-06-20
3508,48,44,card,64577.95,2025-04-29,23,Shipped,61.24,2026-06-12
3509,29,82,cash,3409.61,2025-08-18,19,Cancelled,53.18,2026-07-06
3510,26,92,wallet,89808.81,2026-02-19,6,Shipped,60.67,2026-04-27
3511,69,49,card,49619.08,2025-03-18,30,Shipped,142.23,2026-05-01
3512,44,77,cash,90188.42,2025-11-15,15,Shipped,236.45,2026-01-29
3513,21,4,wallet,15617.96,2025-12-08,15,Delivered,199.64,2025-12-13
3514,1,42,wallet,80486.66,2025-03-13,23,Shipped,247.31,2025-10-28
3515,77,63,card,68005.95,2024-12-09,14,Delivered,182.6,2025-08-20
3516,96,19,cash,68037.14,2024-10-30,24,Cancelled,22.93,2024-12-23
3517,50,5,cash,92357.79,2026-02-20,11,Shipped,57.04,2026-04-02
3518,37,36,wallet,12829.83,2026-06-29,30,Delivered,175.5,2026-08-02
3519,73,75,cash,86384.04,2025-01-13,25,Pending,241.04,2025-04-04
3520,85,44,card,33561.49,2025-03-06,12,Delivered,50.07,2025-10-27
3521,23,39,wallet,42487.79,2025-07-09,15,Delivered,267.87,2026-05-14
3522,97,47,cash,15278.96,2025-05-22,25,Cancelled,91.6,2026-04-16
3523,19,86,cash,87736.05,2025-01-24,29,Pending,250.23,2025-07-21
3524,73,33,cash,31500.8,2024-12-28,17,Pending,195.13,2025-09-12
3525,87,33,wallet,32600.75,2025-02-02,28,Cancelled,78.98,2026-08-05
3526,55,74,card,4802.83,2025-06-25,13,Shipped,129.46,2026-06-22
3527,2,24,cash,97622.33,2025-05-11,7,Pending,76.56,2026-07-05
3528,67,72,wallet,97684.29,2025-07-10,27,Cancelled,102.95,2026-06-13
3529,3,48,wallet,52009.78,2026-01-12,6,Pending,272.36,2026-08-08
3530,33,61,card,12298.02,2025-08-28,23,Pending,289.12,2026-02-19
3531,13,13,cash,76249.81,2026-06-03,17,Shipped,180.43,2026-07-25
3532,52,9,cash,58174.3,2025-03-05,16,Shipped,52.01,2025-09-29
3533,32,97,card,34335.18,2025-06-13,20,Delivered,214.03,2025-12-06
3534,1,67,cash,46513.9,2024-10-19,19,Pending,235.78,2025-12-06
3535,69,78,cash,16774.03,2024-12-25,22,Pending,65.47,2025-12-18
3536,23,75,cash,37635.04,2025-02-14,12,Delivered,70.78,2025-06-24
3537,40,64,cash,90220.41,2026-03-15,27,Pending,147.98,2026-05-02
3538,54,34,wallet,16133.27,2024-12-24,29,Delivered,66.45,2025-06-18
3539,39,52,card,29946.47,2025-12-18,10,Pending,99.29,2026-04-10
3540,13,92,cash,23637.79,2026-02-24,29,Shipped,155.16,2026-05-10
3541,48,30,wallet,80276.55,2024-08-14,1,Delivered,267.72,2025-11-17
3542,1,99,card,705.63,2026-01-09,4,Shipped,140.83,2026-02-28
3543,47,81,wallet,46359.49,2024-08-14,26,Pending,61.39,2024-09-27
3544,53,47,card,89940.46,2026-04-09,26,Delivered,58.99,2026-06-04
3545,59,30,card,49405.75,2025-06-12,17,Delivered,37.47,2026-04-14
3546,74,15,cash,89568.26,2025-08-27,21,Shipped,145.59,2026-01-11
3547,33,12,wallet,42242.12,2026-02-26,29,Pending,122.67,2026-08-02
3548,54,83,cash,79527.38,2025-10-14,30,Delivered,168.57,2025-11-29
3549,92,3,card,48873.39,2026-02-20,27,Delivered,23.1,2026-06-08
3550,86,36,wallet,19747.78,2024-12-30,19,Delivered,45.82,2026-04-27
3551,66,17,wallet,14436.51,2024-10-31,29,Cancelled,214.11,2026-03-17
3552,45,12,wallet,64849.1,2026-02-26,28,Shipped,157.4,2026-04-24
3553,1,94,wallet,56568.37,2024-09-24,13,Pending,89.65,2025-09-14
3554,53,38,cash,59327.79,2026-05-19,23,Pending,88.5,2026-07-12
3555,56,38,cash,27247.62,2026-06-03,26,Delivered,72.11,2026-07-01
3556,36,83,wallet,46317.51,2025-03-22,8,Shipped,86.48,2026-06-19
3557,96,99,cash,30853.28,2026-07-02,25,Cancelled,142.58,2026-07-07
3558,75,57,wallet,93799.53,2026-04-22,24,Delivered,61.52,2026-07-21
3559,14,98,cash,31564.13,2024-09-06,20,Shipped,180.38,2025-12-29
3560,92,25,wallet,72182.53,2026-08-08,27,Pending,256.3,2026-08-08
3561,93,62,cash,39287.29,2024-09-18,1,Cancelled,165.85,2025-05-28
3562,86,64,wallet,85282.15,2025-11-01,17,Shipped,232.43,2026-07-26
3563,94,73,card,21205.84,2026-01-14,26,Shipped,56.99,2026-08-09
3564,20,19,card,21401.75,2025-09-10,27,Cancelled,203.7,2026-04-18
3565,9,11,cash,92987.58,2024-08-31,3,Cancelled,229.29,2025-01-31
3566,37,75,card,38385.24,2026-02-16,13,Cancelled,281.4,2026-03-29
3567,90,66,cash,96396.99,2025-11-09,4,Delivered,95.71,2026-01-06
3568,53,94,cash,38284.57,2026-08-12,2,Cancelled,114.07,2026-08-12
3569,52,43,wallet,59007.58,2025-11-03,20,Cancelled,67.97,2025-12-04
3570,22,15,wallet,27598.47,2025-05-26,20,Pending,273.63,2026-03-22
3571,65,55,card,27527.11,2025-05-03,5,Delivered,74.0,2025-11-22
3572,16,82,card,43093.91,2025-10-19,15,Cancelled,137.0,2026-02-21
3573,17,99,wallet,69620.47,2025-05-28,4,Delivered,150.09,2025-06-01
3574,82,16,card,83312.18,2025-02-06,2,Delivered,42.66,2025-04-27
3575,99,68,wallet,49713.95,2025-05-10,27,Delivered,293.52,2025-06-08
3576,87,51,wallet,20108.53,2025-11-28,17,Cancelled,53.89,2026-06-09
3577,92,13,wallet,2130.37,2025-02-17,12,Pending,127.53,2025-07-09
3578,91,26,wallet,53167.62,2026-07-12,13,Pending,195.78,2026-07-23
3579,89,20,card,63591.23,2025-03-07,27,Shipped,125.81,2026-07-22
3580,70,14,cash,72001.59,2025-02-15,29,Delivered,263.48,2026-03-08
3581,89,99,wallet,82227.87,2025-03-07,30,Pending,261.94,2025-07-07
3582,47,78,cash,89871.68,2025-08-15,8,Delivered,216.68,2025-11-04
3583,86,66,cash,28310.01,2025-06-14,5,Cancelled,259.7,2025-07-09
3584,19,75,cash,13044.96,2026-06-16,4,Delivered,45.45,2026-06-24
3585,82,73,cash,65327.16,2025-04-29,2,Pending,49.61,2026-08-01
3586,34,52,cash,78686.32,2025-01-25,27,Shipped,115.79,2026-04-07
3587,12,64,card,23603.14,2025-06-16,23,Shipped,41.88,2026-01-23
3588,12,68,card,41467.74,2025-12-13,5,Shipped,250.68,2026-02-21
3589,97,76,cash,89095.37,2026-07-09,15,Cancelled,198.22,2026-07-12
3590,9,96,cash,77919.75,2026-05-17,24,Pending,174.7,2026-07-19
3591,87,99,wallet,40848.22,2024-08-12,19,Shipped,28.66,2025-12-15
3592,9,21,wallet,33929.27,2024-10-01,3,Cancelled,264.22,2025-02-07
3593,43,94,card,1721.69,2024-09-14,30,Delivered,212.85,2025-09-13
3594,16,10,card,13086.33,2024-10-28,13,Pending,287.8,2025-05-02
3595,34,94,cash,14121.94,2026-01-31,13,Delivered,223.96,2026-08-01
3596,72,8,wallet,38738.67,2025-12-08,4,Pending,81.28,2026-06-29
3597,45,73,cash,1594.52,2025-04-03,13,Shipped,151.14,2025-06-22
3598,39,95,cash,62247.03,2024-12-24,25,Pending,42.67,2026-08-12
3599,76,94,cash,20683.81,2025-03-24,18,Delivered,97.05,2026-04-27
3600,53,46,cash,7161.29,2025-05-25,10,Delivered,96.89,2025-11-20
3601,69,46,wallet,66184.05,2024-09-01,10,Delivered,293.94,2024-10-20
3602,81,5,card,5496.98,2026-07-31,30,Shipped,238.38,2026-08-01
3603,16,69,card,53787.43,2025-05-11,17,Pending,288.31,2026-01-03
3604,100,7,card,10589.82,2026-01-19,13,Shipped,248.4,2026-05-17
3605,65,84,card,14019.19,2026-06-26,24,Delivered,212.42,2026-07-16
3606,40,12,card,84826.24,2026-06-11,26,Pending,90.88,2026-06-11
3607,82,60,cash,74133.87,2025-02-07,13,Pending,167.27,2026-07-11
3608,30,59,card,21381.04,2026-02-07,14,Delivered,225.51,2026-03-11
3609,77,27,cash,3030.06,2025-06-22,27,Shipped,180.24,2026-05-26
3610,15,39,cash,95305.3,2025-07-05,12,Shipped,270.77,2025-11-02
3611,97,76,card,22903.21,2025-12-22,3,Delivered,244.24,2026-03-17
3612,37,30,cash,1642.96,2024-09-08,12,Cancelled,28.08,2026-07-10
3613,82,3,card,49870.17,2025-05-03,10,Shipped,144.21,2026-07-11
3614,35,3,wallet,8442.03,2025-09-19,9,Delivered,232.28,2026-03-01
3615,17,35,card,35712.38,2024-11-20,6,Delivered,41.56,2024-11-21
3616,25,67,wallet,16758.61,2025-12-16,24,Pending,233.79,2026-06-01
3617,31,78,card,58685.98,2024-09-22,21,Cancelled,220.82,2025-03-23
3618,25,22,wallet,73498.54,2025-03-11,4,Cancelled,186.95,2025-07-01
3619,26,9,cash,55449.18,2025-06-09,27,Shipped,60.82,2025-06-23
3620,35,35,wallet,77998.84,2025-01-09,3,Cancelled,240.89,2026-08-11
3621,71,75,cash,6589.67,2026-06-24,6,Delivered,266.5,2026-07-03
3622,49,3,wallet,24143.69,2026-07-31,16,Delivered,51.79,2026-08-06
3623,97,85,wallet,54530.13,2025-08-07,5,Pending,46.01,2025-11-08
3624,42,17,card,70890.51,2026-05-18,21,Delivered,153.65,2026-08-10
3625,28,98,wallet,42973.65,2026-02-19,29,Delivered,20.31,2026-03-25
3626,97,46,cash,29661.37,2025-07-09,12,Shipped,70.04,2026-01-12
3627,33,22,wallet,79178.91,2025-01-13,24,Pending,219.41,2026-07-02
3628,51,19,card,71684.53,2025-01-30,4,Shipped,290.36,2026-04-20
3629,37,1,card,587.37,2024-11-16,5,Delivered,222.13,2025-07-10
3630,41,49,wallet,48870.03,2026-06-02,29,Cancelled,269.44,2026-07-13
3631,78,58,wallet,77889.08,2026-08-01,28,Shipped,71.34,2026-08-12
3632,92,4,wallet,28975.32,2025-12-25,13,Delivered,193.79,2026-08-10
3633,88,20,card,76213.35,2026-05-09,6,Shipped,84.39,2026-06-14
3634,36,81,wallet,61555.81,2025-04-17,7,Pending,81.38,2026-02-27
3635,14,38,card,86168.77,2026-03-09,21,Shipped,60.06,2026-05-15
3636,51,45,wallet,30682.09,2025-11-24,14,Shipped,160.93,2026-03-07
3637,49,2,card,73595.43,2025-11-28,9,Cancelled,296.9,2026-05-16
3638,29,48,card,32816.52,2025-12-28,4,Pending,120.58,2026-03-23
3639,30,96,card,53783.87,2025-10-02,25,Cancelled,205.55,2026-01-16
3640,15,3,card,81928.13,2024-08-13,6,Pending,268.04,2025-08-19
3641,48,1,wallet,97309.47,2026-06-07,13,Shipped,155.54,2026-07-02
3642,67,83,card,13432.02,2025-07-21,29,Cancelled,255.31,2025-08-31
3643,87,63,card,77981.38,2025-03-30,2,Pending,29.23,2026-04-14
3644,32,27,card,52832.66,2025-02-23,10,Delivered,188.37,2026-04-26
3645,83,28,cash,20873.55,2025-01-29,8,Pending,58.94,2026-07-02
3646,13,72,wallet,65964.91,2025-12-07,8,Shipped,209.75,2026-01-23
3647,64,15,wallet,7594.37,2026-04-13,8,Cancelled,250.52,2026-04-15
3648,15,86,cash,82542.46,2024-12-28,17,Cancelled,76.03,2026-01-27
3649,38,55,card,10842.14,2024-10-28,7,Delivered,202.03,2024-12-10
3650,70,5,wallet,18567.85,2024-12-18,22,Pending,190.78,2026-06-14
3651,41,92,cash,99296.71,2025-07-30,25,Pending,26.65,2025-12-15
3652,90,52,card,87063.79,2026-01-13,16,Shipped,297.36,2026-04-25
3653,30,70,card,7591.98,2025-12-17,8,Delivered,246.54,2026-07-23
3654,86,23,cash,64835.06,2026-01-12,18,Pending,288.52,2026-02-12
3655,45,64,card,75224.15,2025-09-27,20,Pending,143.39,2026-02-17
3656,75,71,cash,95082.44,2026-02-10,9,Shipped,74.91,2026-03-31
3657,50,82,wallet,59301.05,2026-07-26,17,Cancelled,125.15,2026-08-11
3658,59,99,wallet,22163.85,2025-04-28,14,Delivered,169.64,2025-11-12
3659,6,91,cash,85228.98,2025-07-15,1,Pending,260.32,2025-08-03
3660,71,26,cash,67998.56,2025-11-21,17,Cancelled,268.19,2026-05-15
3661,70,19,wallet,40463.78,2026-01-31,19,Shipped,219.84,2026-05-02
3662,7,79,wallet,99384.86,2026-05-11,28,Pending,285.67,2026-07-11
3663,5,4,card,16880.14,2025-06-09,15,Shipped,30.92,2025-08-13
3664,89,64,cash,94636.74,2025-12-11,2,Delivered,35.22,2026-02-11
3665,91,18,wallet,46119.74,2025-05-18,11,Cancelled,234.31,2026-01-01
3666,27,50,card,14448.61,2025-09-03,24,Shipped,67.65,2025-11-26
3667,39,21,card,82460.1,2025-08-07,9,Shipped,76.25,2026-02-13
3668,3,68,cash,61759.52,2025-06-19,26,Cancelled,181.52,2026-02-12
3669,1,86,card,58836.46,2026-02-26,4,Cancelled,143.1,2026-03-29
3670,48,77,wallet,56910.06,2025-10-01,24,Delivered,248.36,2026-01-03
3671,60,40,card,68692.02,2025-05-04,28,Shipped,52.66,2025-06-20
3672,75,6,cash,27321.7,2026-06-09,22,Cancelled,221.19,2026-08-05
3673,21,73,cash,23047.01,2025-04-28,18,Cancelled,95.51,2025-05-23
3674,82,70,card,13161.66,2024-08-27,5,Cancelled,241.51,2025-08-29
3675,43,55,wallet,24488.72,2025-04-24,21,Delivered,225.93,2026-03-06
3676,77,91,wallet,50952.59,2026-03-12,11,Delivered,277.86,2026-03-13
3677,48,39,card,64029.98,2025-04-12,18,Cancelled,79.4,2025-12-18
3678,55,11,cash,49398.24,2026-03-20,11,Delivered,260.42,2026-06-21
3679,35,14,wallet,68864.14,2024-09-07,14,Pending,255.97,2024-12-02
3680,36,52,wallet,56378.64,2024-11-11,14,Cancelled,149.84,2026-07-30
3681,99,11,wallet,15728.19,2025-11-03,1,Pending,123.7,2026-01-01
3682,84,56,card,67709.86,2025-11-07,4,Pending,242.95,2026-05-18
3683,27,21,cash,68100.22,2024-10-15,2,Cancelled,269.19,2025-04-02
3684,43,76,cash,90341.26,2025-08-19,28,Delivered,296.37,2026-08-07
3685,8,98,cash,44540.54,2026-03-08,8,Delivered,236.46,2026-06-11
3686,14,29,wallet,79446.68,2026-07-01,9,Shipped,266.75,2026-08-12
3687,96,82,wallet,89205.82,2026-05-27,24,Cancelled,157.78,2026-06-29
3688,29,4,card,65945.68,2026-03-23,12,Delivered,226.02,2026-08-03
3689,99,25,wallet,52244.4,2025-05-19,7,Shipped,229.08,2026-02-18
3690,56,35,card,31651.24,2024-10-08,5,Pending,252.53,2026-04-22
3691,40,93,card,38732.21,2025-01-31,24,Cancelled,68.76,2026-04-14
3692,31,89,cash,43177.17,2025-07-12,6,Delivered,267.28,2025-11-21
3693,51,23,card,46681.87,2025-02-24,3,Pending,64.71,2025-07-28
3694,23,85,cash,4255.06,2024-08-26,26,Cancelled,54.47,2024-09-06
3695,5,26,cash,57578.28,2026-04-28,8,Cancelled,61.58,2026-07-17
3696,54,1,wallet,85338.24,2026-08-02,26,Shipped,61.35,2026-08-12
3697,84,83,card,43385.49,2024-09-28,10,Shipped,160.42,2025-03-29
3698,12,72,card,80681.07,2026-07-09,12,Shipped,255.33,2026-08-03
3699,47,95,wallet,34511.54,2025-03-16,4,Delivered,146.18,2026-03-22
3700,25,8,card,16048.67,2025-02-11,3,Delivered,173.57,2025-08-25
3701,2,37,cash,97321.79,2026-05-05,30,Delivered,203.7,2026-06-07
3702,64,74,cash,25461.49,2026-02-16,16,Pending,217.55,2026-03-03
3703,66,90,card,91292.69,2025-06-23,18,Delivered,246.78,2025-09-11
3704,82,16,wallet,47157.36,2024-11-24,17,Delivered,83.35,2025-08-07
3705,97,91,card,20230.68,2025-12-13,13,Shipped,43.12,2026-05-24
3706,97,36,wallet,63660.3,2024-12-09,5,Cancelled,202.47,2025-09-23
3707,48,29,wallet,21565.76,2025-11-09,2,Delivered,117.52,2026-03-05
3708,85,74,card,3789.27,2025-09-10,9,Shipped,197.05,2026-02-07
3709,52,94,card,81546.45,2024-10-14,28,Pending,154.01,2025-01-24
3710,10,63,wallet,95370.23,2026-04-11,9,Shipped,209.88,2026-06-19
3711,68,43,card,22143.86,2026-01-10,1,Delivered,122.4,2026-02-16
3712,18,45,cash,25198.39,2025-08-19,8,Cancelled,298.6,2025-11-07
3713,38,22,cash,2616.79,2026-08-04,16,Cancelled,85.95,2026-08-07
3714,74,32,wallet,43362.31,2024-08-21,12,Shipped,253.57,2025-12-12
3715,79,17,cash,37878.18,2026-02-12,11,Cancelled,220.49,2026-06-20
3716,56,66,card,6124.83,2024-08-28,20,Delivered,285.46,2024-11-07
3717,55,83,wallet,54405.14,2025-09-24,26,Shipped,222.52,2025-10-15
3718,30,29,wallet,30586.01,2025-11-11,18,Cancelled,78.18,2026-01-26
3719,42,99,card,42433.7,2026-04-30,26,Pending,61.25,2026-05-18
3720,29,80,cash,64021.28,2025-08-31,7,Shipped,41.09,2025-12-20
3721,50,10,card,93986.67,2026-05-20,9,Shipped,22.3,2026-07-04
3722,99,11,card,31213.32,2026-04-16,18,Cancelled,102.6,2026-08-05
3723,85,18,wallet,33548.85,2025-11-23,1,Cancelled,146.01,2025-12-25
3724,27,87,wallet,53940.49,2025-01-29,5,Delivered,60.66,2026-03-29
3725,64,19,cash,61186.54,2025-03-01,26,Cancelled,283.82,2025-06-07
3726,12,67,cash,99023.42,2025-02-21,6,Shipped,172.32,2026-01-11
3727,43,86,card,81642.66,2026-07-11,23,Delivered,114.7,2026-08-12
3728,42,58,wallet,54749.88,2025-03-02,24,Shipped,103.36,2026-02-20
3729,28,87,wallet,78251.61,2024-09-22,9,Delivered,274.31,2024-10-14
3730,49,4,cash,77289.02,2025-09-07,23,Shipped,253.72,2025-10-13
3731,82,81,cash,56355.98,2026-06-25,23,Cancelled,212.39,2026-08-11
3732,5,2,wallet,83097.81,2025-05-17,14,Pending,205.01,2026-06-25
3733,44,100,card,18429.82,2026-02-21,16,Shipped,40.95,2026-07-07
3734,64,16,wallet,39455.26,2026-05-26,16,Cancelled,272.34,2026-07-12
3735,43,80,card,78435.45,2024-12-17,8,Cancelled,247.16,2025-07-06
3736,98,59,wallet,56396.44,2025-07-13,23,Cancelled,157.07,2025-10-13
3737,30,39,cash,49470.86,2025-12-30,4,Delivered,153.54,2026-02-28
3738,88,16,card,88631.38,2024-08-20,10,Cancelled,65.42,2025-09-06
3739,79,51,card,74535.54,2024-10-09,25,Delivered,156.66,2026-05-02
3740,84,65,card,27875.65,2025-07-23,9,Delivered,106.7,2025-09-10
3741,49,27,cash,91369.14,2025-02-23,4,Pending,29.84,2026-07-04
3742,45,45,wallet,14581.42,2025-12-13,18,Shipped,164.75,2026-05-19
3743,43,76,card,67641.02,2025-08-25,26,Delivered,33.56,2026-05-03
3744,4,93,card,13858.01,2025-11-25,28,Delivered,45.76,2026-04-13
3745,28,12,card,48368.73,2025-11-11,15,Pending,82.02,2026-06-12
3746,66,62,card,24535.41,2025-08-18,24,Cancelled,94.25,2026-02-09
3747,55,45,wallet,42841.92,2025-11-15,14,Cancelled,167.66,2025-12-03
3748,81,65,wallet,72866.21,2025-03-05,23,Cancelled,33.03,2026-02-13
3749,91,60,wallet,96677.7,2026-01-25,14,Shipped,237.38,2026-01-25
3750,32,24,card,41553.18,2024-09-23,2,Delivered,275.42,2025-08-05
3751,14,89,card,56545.45,2025-07-29,26,Delivered,222.88,2025-12-01
3752,16,48,card,40525.65,2025-05-02,25,Shipped,69.0,2025-05-24
3753,78,62,card,54018.81,2026-02-17,10,Delivered,247.03,2026-07-14
3754,9,77,card,91267.18,2026-04-17,12,Delivered,27.01,2026-05-01
3755,8,57,card,46479.35,2026-06-24,7,Delivered,247.07,2026-08-04
3756,3,16,card,17399.41,2025-02-16,8,Shipped,93.19,2025-03-24
3757,9,30,cash,2124.06,2025-12-02,25,Shipped,217.39,2026-05-26
3758,6,39,card,31084.77,2025-10-23,14,Shipped,250.17,2025-11-18
3759,11,23,cash,5773.72,2026-07-07,21,Pending,284.88,2026-08-09
3760,75,43,cash,96848.88,2025-03-20,15,Pending,67.8,2025-07-25
3761,81,88,wallet,19390.15,2026-07-17,22,Delivered,68.83,2026-07-26
3762,21,45,wallet,3274.2,2025-06-30,2,Pending,83.48,2025-08-30
3763,94,51,cash,39650.44,2025-04-10,12,Cancelled,188.53,2025-10-18
3764,40,36,wallet,30229.03,2025-06-27,28,Shipped,147.51,2026-05-11
3765,37,21,wallet,42919.61,2025-02-28,30,Shipped,291.92,2025-08-07
3766,58,92,wallet,14001.93,2024-11-12,22,Pending,94.39,2026-01-03
3767,6,84,cash,55969.95,2026-03-26,30,Delivered,267.75,2026-04-13
3768,56,21,card,8843.42,2025-07-01,12,Pending,245.24,2026-04-05
3769,96,89,card,27242.65,2025-10-20,12,Cancelled,163.96,2026-04-22
3770,62,21,card,23835.67,2026-06-01,17,Pending,100.64,2026-06-02
3771,78,16,wallet,85905.84,2025-03-05,23,Delivered,67.78,2026-03-05
3772,98,78,cash,61338.45,2025-01-07,23,Cancelled,46.13,2025-05-22
3773,85,13,card,67447.53,2026-02-03,4,Delivered,128.8,2026-06-05
3774,96,84,cash,38776.95,2025-03-21,8,Shipped,112.01,2025-11-29
3775,30,75,card,96117.56,2025-10-29,25,Cancelled,89.67,2026-06-03
3776,92,30,wallet,85765.63,2025-01-12,22,Shipped,260.98,2026-04-22
3777,35,8,wallet,61144.71,2026-05-03,28,Pending,75.96,2026-05-10
3778,82,18,card,36312.65,2025-06-28,2,Delivered,161.75,2026-05-08
3779,46,23,wallet,18971.86,2026-02-07,10,Pending,63.64,2026-06-12
3780,54,26,cash,11659.75,2025-02-04,9,Shipped,219.99,2026-08-06
3781,12,52,card,34807.88,2024-12-03,25,Cancelled,157.55,2026-05-24
3782,84,10,card,19172.32,2025-10-01,15,Shipped,251.47,2026-02-07
3783,68,68,wallet,4788.89,2025-09-02,29,Pending,281.87,2025-11-21
3784,95,69,wallet,58305.49,2024-08-30,13,Pending,242.5,2025-04-22
3785,93,15,wallet,76663.21,2026-06-23,24,Shipped,218.29,2026-07-29
3786,93,33,card,82532.93,2026-04-10,21,Cancelled,59.09,2026-06-01
3787,45,78,wallet,94101.62,2026-03-15,18,Shipped,157.49,2026-03-25
3788,3,4,cash,46036.82,2024-10-24,26,Cancelled,109.64,2025-02-09
3789,61,43,wallet,2438.08,2026-08-05,26,Cancelled,227.63,2026-08-05
3790,97,15,cash,79409.13,2026-01-19,24,Cancelled,111.42,2026-05-28
3791,31,44,cash,96109.51,2026-05-02,25,Cancelled,142.26,2026-05-28
3792,10,51,cash,37848.19,2025-11-17,7,Cancelled,161.3,2026-02-02
3793,39,90,cash,30467.25,2026-08-01,4,Delivered,207.76,2026-08-04
3794,19,8,card,6300.24,2026-02-21,28,Delivered,116.53,2026-04-21
3795,58,68,card,63076.69,2026-02-02,26,Shipped,259.58,2026-04-24
3796,99,53,card,99031.29,2025-01-16,8,Shipped,145.97,2026-01-16
3797,29,99,wallet,29435.66,2026-06-27,5,Delivered,83.9,2026-07-10
3798,4,88,cash,85778.82,2025-03-06,17,Pending,37.59,2026-04-10
3799,11,58,card,936.6,2026-07-04,10,Delivered,256.91,2026-07-22
3800,60,3,wallet,33893.07,2024-12-24,5,Delivered,257.0,2025-09-05
3801,78,24,cash,75952.23,2025-09-01,8,Shipped,277.61,2026-01-06
3802,43,3,card,6536.56,2026-01-13,3,Shipped,56.26,2026-07-28
3803,42,60,card,21848.97,2024-10-30,25,Cancelled,66.2,2026-07-20
3804,68,29,wallet,57264.85,2026-02-26,12,Delivered,32.91,2026-06-02
3805,46,6,card,87900.42,2026-03-10,27,Pending,194.92,2026-04-25
3806,29,12,wallet,36788.02,2025-10-18,27,Shipped,170.02,2026-04-24
3807,54,7,card,90390.59,2025-04-04,13,Delivered,201.15,2026-03-23
3808,21,55,card,77761.23,2024-12-08,17,Cancelled,113.29,2025-12-24
3809,3,94,cash,32353.8,2025-10-08,8,Shipped,114.1,2026-02-12
3810,7,58,cash,94942.96,2025-01-15,23,Pending,159.54,2026-01-11
3811,98,16,wallet,30706.22,2024-10-12,25,Delivered,204.62,2025-03-24
3812,45,26,card,27457.25,2024-12-14,9,Pending,293.44,2025-04-05
3813,16,57,card,18608.39,2025-07-24,2,Pending,103.01,2026-04-17
3814,26,83,card,91123.16,2024-08-24,12,Delivered,85.12,2026-06-08
3815,79,99,wallet,39067.37,2026-07-11,11,Pending,214.18,2026-07-13
3816,44,28,wallet,28595.54,2025-05-11,10,Shipped,141.13,2025-07-29
3817,98,55,card,95773.18,2026-06-16,14,Pending,32.35,2026-07-17
3818,89,98,card,40976.71,2026-07-31,7,Pending,58.71,2026-08-01
3819,85,63,card,36049.43,2024-09-17,29,Cancelled,40.64,2025-05-27
3820,25,95,wallet,18917.46,2026-03-20,27,Pending,134.7,2026-07-06
3821,37,29,card,60764.85,2025-06-01,20,Cancelled,231.26,2026-07-18
3822,10,17,wallet,35891.01,2024-08-29,17,Cancelled,136.9,2026-07-01
3823,71,79,card,21435.0,2024-11-24,6,Cancelled,22.91,2025-06-21
3824,90,82,card,35377.62,2024-08-27,29,Delivered,116.55,2025-12-02
3825,24,67,card,27968.92,2024-12-08,7,Shipped,73.01,2026-05-19
3826,12,20,card,24789.76,2024-10-04,14,Delivered,297.55,2026-07-05
3827,69,71,card,54832.7,2026-07-27,17,Shipped,278.16,2026-07-29
3828,19,89,cash,36234.89,2025-12-27,11,Cancelled,99.58,2026-03-24
3829,89,44,cash,2325.86,2025-07-12,18,Pending,281.53,2026-03-29
3830,85,38,card,24378.32,2025-10-20,1,Cancelled,254.79,2025-12-21
3831,68,44,wallet,30485.61,2026-03-07,23,Delivered,160.89,2026-06-27
3832,43,92,wallet,86860.26,2025-10-06,10,Shipped,132.94,2026-04-30
3833,69,77,cash,77804.43,2024-11-15,10,Cancelled,108.69,2025-07-27
3834,99,94,card,68277.66,2025-06-21,22,Cancelled,197.73,2025-09-28
3835,52,32,card,87647.61,2024-11-25,8,Delivered,108.79,2024-12-20
3836,27,86,card,27883.01,2024-09-18,18,Shipped,258.34,2026-06-29
3837,93,32,card,40494.97,2025-11-22,15,Shipped,216.87,2026-02-09
3838,22,9,cash,44101.61,2026-06-21,22,Cancelled,119.74,2026-07-24
3839,88,88,cash,19803.47,2025-11-25,21,Cancelled,113.52,2026-01-12
3840,87,28,card,971.67,2025-06-18,11,Pending,177.98,2025-07-11
3841,84,86,cash,55301.68,2026-02-01,29,Pending,107.63,2026-06-07
3842,2,36,card,76618.3,2025-09-12,19,Shipped,65.33,2026-01-22
3843,22,66,card,68922.88,2024-11-05,4,Cancelled,284.79,2026-02-15
3844,47,84,card,69881.72,2026-03-01,5,Delivered,41.96,2026-04-14
3845,45,83,wallet,9106.34,2024-12-15,14,Pending,75.3,2025-09-20
3846,40,96,cash,30690.06,2025-01-14,12,Pending,118.87,2025-07-20
3847,89,28,cash,44303.3,2024-10-26,30,Pending,22.5,2025-09-29
3848,49,36,card,394.98,2026-07-09,5,Pending,82.42,2026-07-10
3849,35,3,card,96255.29,2025-09-24,8,Shipped,238.52,2026-03-19
3850,26,77,cash,69837.79,2025-07-05,6,Shipped,178.12,2025-09-07
3851,33,2,card,64173.32,2026-06-16,25,Delivered,175.79,2026-06-17
3852,10,12,cash,56577.46,2024-09-12,6,Delivered,280.43,2024-11-06
3853,41,96,card,85170.14,2026-05-28,12,Cancelled,77.49,2026-08-07
3854,100,17,wallet,89722.65,2026-05-11,27,Cancelled,107.17,2026-05-31
3855,90,72,card,81471.19,2025-03-10,9,Shipped,217.33,2025-09-02
3856,33,85,card,98504.52,2025-06-06,9,Delivered,41.72,2025-06-19
3857,50,42,wallet,25714.04,2024-10-29,27,Cancelled,264.27,2025-04-17
3858,76,76,card,88051.51,2025-12-30,5,Pending,193.9,2026-04-05
3859,19,59,wallet,91918.01,2025-09-16,8,Delivered,224.05,2025-10-27
3860,88,12,cash,85228.51,2024-11-05,15,Shipped,83.56,2024-12-05
3861,4,29,wallet,57985.77,2025-06-19,4,Cancelled,235.29,2026-06-14
3862,16,30,card,72573.55,2025-05-20,18,Cancelled,257.47,2026-01-31
3863,26,23,wallet,99723.6,2025-11-23,29,Shipped,299.16,2026-01-21
3864,26,88,card,14682.39,2025-10-22,5,Cancelled,265.02,2026-01-27
3865,11,25,wallet,75604.53,2026-05-24,13,Delivered,98.16,2026-07-22
3866,48,7,wallet,60221.63,2026-07-20,7,Pending,48.04,2026-08-12
3867,23,56,card,71616.16,2026-07-15,23,Shipped,140.66,2026-08-12
3868,66,7,wallet,39232.8,2025-07-14,19,Shipped,107.01,2026-03-06
3869,58,40,wallet,48436.47,2025-07-27,20,Pending,251.44,2025-12-25
3870,83,23,wallet,17861.82,2025-08-25,14,Shipped,29.81,2026-01-17
3871,49,43,wallet,60937.23,2026-08-03,24,Shipped,257.56,2026-08-07
3872,66,13,card,43404.09,2025-11-29,14,Pending,153.24,2026-07-26
3873,59,95,wallet,665.78,2025-08-11,29,Cancelled,76.58,2026-06-19
3874,99,62,cash,87353.04,2025-08-21,19,Delivered,115.13,2026-07-27
3875,1,41,wallet,85249.81,2025-10-14,5,Shipped,247.4,2026-07-26
3876,4,39,wallet,83418.17,2026-02-23,30,Delivered,160.71,2026-03-30
3877,87,80,cash,86662.99,2026-02-20,3,Pending,232.6,2026-04-10
3878,63,94,wallet,2540.51,2025-04-05,24,Shipped,49.81,2025-08-25
3879,70,99,card,68677.47,2025-08-27,22,Delivered,260.0,2025-09-04
3880,5,16,card,72327.31,2026-07-08,8,Shipped,127.57,2026-07-14
3881,63,81,card,77071.27,2026-07-16,8,Delivered,38.34,2026-08-07
3882,93,98,cash,16190.08,2025-01-26,22,Cancelled,289.96,2025-08-12
3883,39,52,card,53812.98,2025-11-07,7,Pending,285.68,2026-07-15
3884,74,48,card,39945.49,2025-01-20,22,Pending,118.19,2025-05-24
3885,58,42,cash,80203.17,2026-01-12,22,Delivered,48.41,2026-05-08
3886,14,1,card,59357.51,2025-02-19,22,Delivered,155.58,2026-06-24
3887,88,94,cash,77193.01,2026-01-04,10,Delivered,53.74,2026-06-28
3888,72,19,wallet,34800.38,2025-09-21,24,Shipped,124.82,2026-05-11
3889,31,25,cash,57280.45,2024-10-22,25,Delivered,184.55,2025-10-18
3890,55,45,card,62688.25,2026-06-27,13,Pending,162.1,2026-07-12
3891,44,45,cash,23635.0,2026-06-22,29,Pending,46.62,2026-07-27
3892,100,91,cash,37848.27,2025-06-04,9,Shipped,120.16,2025-11-21
3893,82,36,card,23804.73,2026-01-31,9,Shipped,263.72,2026-02-09
3894,38,75,card,26882.05,2025-03-03,2,Shipped,106.16,2026-05-04
3895,6,44,cash,58144.79,2025-02-16,23,Pending,110.85,2025-08-31
3896,97,32,wallet,42141.76,2025-04-20,27,Cancelled,114.81,2026-05-29
3897,100,31,cash,24270.74,2025-02-04,25,Cancelled,284.2,2026-03-13
3898,1,4,card,3670.74,2024-09-16,24,Pending,92.39,2024-10-15
3899,18,37,wallet,82435.28,2026-06-25,9,Cancelled,117.2,2026-08-07
3900,67,99,card,80658.43,2025-05-27,12,Delivered,58.47,2025-08-31
3901,40,43,cash,24524.83,2025-04-27,17,Shipped,201.28,2025-09-20
3902,43,96,wallet,44759.87,2025-03-18,13,Shipped,254.81,2025-12-07
3903,83,33,card,99050.64,2026-02-20,26,Shipped,139.98,2026-05-31
3904,1,12,cash,25627.26,2026-06-04,10,Delivered,129.79,2026-08-05
3905,48,19,cash,63461.58,2026-04-02,7,Shipped,39.47,2026-04-28
3906,99,64,cash,92879.37,2024-11-21,1,Delivered,284.4,2026-01-23
3907,3,14,wallet,41189.47,2026-03-30,10,Delivered,146.11,2026-07-07
3908,27,16,card,18948.79,2024-08-30,12,Shipped,282.94,2025-07-26
3909,100,44,wallet,36111.88,2026-01-05,17,Delivered,193.48,2026-03-24
3910,47,32,card,87183.51,2024-08-31,25,Delivered,211.01,2024-09-22
3911,54,1,cash,19172.06,2026-03-19,20,Cancelled,67.8,2026-06-07
3912,95,56,wallet,31680.98,2025-02-07,29,Cancelled,48.29,2026-01-15
3913,90,13,card,40529.94,2025-04-07,1,Cancelled,98.39,2025-06-06
3914,67,84,wallet,17050.33,2025-04-04,13,Pending,118.51,2026-04-12
3915,46,6,wallet,33721.9,2026-01-21,3,Delivered,125.39,2026-03-12
3916,65,90,wallet,6875.18,2025-04-14,25,Pending,281.42,2025-06-23
3917,29,31,card,18353.32,2025-11-21,4,Delivered,159.65,2026-02-09
3918,46,65,cash,69372.63,2026-06-12,8,Delivered,231.33,2026-07-19
3919,41,61,wallet,36991.26,2024-09-30,5,Pending,215.51,2026-08-07
3920,22,10,wallet,77788.05,2025-09-12,27,Shipped,91.64,2025-12-17
3921,6,36,wallet,37451.28,2026-01-29,19,Delivered,90.49,2026-05-09
3922,94,57,cash,50338.74,2025-05-19,7,Pending,179.9,2025-07-16
3923,94,29,card,84897.43,2026-06-22,24,Shipped,241.63,2026-08-05
3924,70,34,wallet,49479.23,2025-10-26,23,Delivered,244.53,2026-02-27
3925,70,1,cash,74516.3,2024-09-16,22,Pending,180.48,2025-02-03
3926,59,2,card,24799.66,2025-12-31,25,Cancelled,289.27,2026-01-07
3927,71,39,wallet,66839.39,2025-12-30,2,Cancelled,225.22,2026-04-03
3928,82,73,wallet,71828.03,2025-01-14,1,Shipped,84.64,2025-03-25
3929,86,18,card,3528.63,2026-07-19,12,Delivered,141.02,2026-07-27
3930,20,97,cash,24043.36,2025-04-29,30,Pending,246.78,2026-06-24
3931,12,10,card,89488.36,2024-08-25,4,Pending,165.26,2025-07-26
3932,25,97,card,80040.17,2025-03-05,25,Shipped,85.65,2025-06-14
3933,81,45,wallet,32121.99,2024-11-18,19,Pending,76.77,2025-01-05
3934,55,12,cash,94431.56,2025-02-26,1,Cancelled,263.0,2025-03-15
3935,2,62,cash,94459.75,2025-10-03,15,Cancelled,28.35,2026-05-10
3936,28,51,wallet,69294.21,2026-06-19,28,Cancelled,91.57,2026-07-31
3937,63,80,wallet,14101.99,2026-01-23,4,Cancelled,276.57,2026-02-15
3938,8,46,wallet,95673.44,2026-01-20,24,Cancelled,35.08,2026-05-25
3939,84,98,card,29485.98,2025-02-28,18,Pending,204.67,2026-01-19
3940,73,2,card,50766.94,2025-03-04,9,Delivered,170.55,2025-06-02
3941,3,65,wallet,45676.99,2024-08-27,20,Cancelled,166.87,2026-01-28
3942,3,49,cash,36068.75,2025-07-01,3,Delivered,78.51,2026-01-23
3943,77,23,card,76900.66,2026-05-21,20,Delivered,170.44,2026-06-20
3944,81,53,cash,17324.81,2025-02-03,14,Cancelled,275.98,2026-02-03
3945,66,31,card,22326.43,2025-10-06,14,Shipped,61.35,2026-01-16
3946,98,59,wallet,11920.0,2026-01-26,3,Cancelled,273.21,2026-03-08
3947,76,100,wallet,29851.68,2025-12-11,4,Delivered,233.0,2026-07-01
3948,98,85,wallet,87793.71,2025-09-03,13,Shipped,135.46,2025-10-16
3949,27,64,wallet,9759.81,2024-08-18,12,Delivered,128.0,2025-01-17
3950,21,81,card,55978.54,2025-05-13,16,Delivered,119.99,2025-08-18
3951,30,21,cash,49245.28,2025-08-13,3,Cancelled,180.1,2026-01-16
3952,8,33,cash,62444.22,2025-09-27,9,Cancelled,283.61,2026-01-27
3953,24,39,card,10325.92,2026-02-19,7,Delivered,51.11,2026-07-26
3954,47,30,card,67278.17,2024-08-13,2,Cancelled,23.86,2026-03-14
3955,48,19,cash,64581.95,2026-07-22,5,Cancelled,258.54,2026-08-06
3956,77,38,wallet,80947.65,2025-11-29,15,Pending,95.15,2025-12-15
3957,72,92,card,92489.85,2026-02-05,27,Pending,215.02,2026-06-28
3958,53,8,card,68734.91,2026-07-31,20,Delivered,280.65,2026-07-31
3959,2,52,wallet,49602.35,2026-05-18,3,Shipped,36.87,2026-07-27
3960,61,80,card,336.38,2024-10-03,15,Delivered,134.46,2026-07-01
3961,74,61,cash,55556.74,2025-01-10,7,Shipped,78.43,2025-06-17
3962,97,86,cash,59962.93,2025-06-15,27,Delivered,124.06,2025-08-27
3963,46,46,cash,97551.44,2025-11-26,18,Delivered,97.93,2026-04-23
3964,69,87,cash,56812.49,2025-10-14,22,Cancelled,180.79,2026-06-13
3965,32,48,cash,9612.29,2024-12-17,22,Delivered,238.85,2025-01-10
3966,8,52,cash,13871.83,2025-07-23,8,Delivered,204.61,2026-01-27
3967,44,88,wallet,57278.08,2026-01-19,10,Shipped,275.4,2026-05-17
3968,43,60,card,96083.84,2026-01-23,26,Cancelled,205.84,2026-06-04
3969,39,71,cash,98205.73,2025-09-22,1,Delivered,215.53,2026-07-04
3970,86,61,cash,83233.91,2024-11-01,29,Delivered,177.25,2026-01-23
3971,55,61,card,87399.81,2026-03-20,10,Pending,88.92,2026-05-27
3972,9,44,cash,48945.55,2024-09-22,3,Shipped,133.42,2026-05-01
3973,94,75,wallet,11697.51,2025-01-08,28,Shipped,113.06,2025-09-22
3974,83,64,card,47297.42,2025-10-24,18,Shipped,171.99,2026-04-20
3975,48,7,cash,9502.99,2025-07-26,5,Pending,68.64,2025-08-06
3976,92,4,cash,59888.75,2026-01-16,23,Delivered,206.9,2026-07-17
3977,29,26,card,70145.16,2025-06-24,15,Delivered,73.44,2026-05-05
3978,38,67,card,27706.12,2026-06-09,16,Delivered,273.0,2026-07-28
3979,43,85,cash,35675.46,2025-11-05,30,Cancelled,136.0,2026-08-08
3980,84,41,card,95707.98,2024-10-15,20,Cancelled,22.65,2024-11-11
3981,57,71,cash,9498.4,2025-06-27,8,Shipped,115.78,2026-03-07
3982,22,20,cash,91935.18,2025-07-19,6,Pending,276.8,2025-10-25
3983,74,12,wallet,40287.26,2025-10-25,10,Cancelled,234.34,2026-01-24
3984,59,9,wallet,32497.85,2025-04-20,5,Shipped,105.81,2025-06-07
3985,99,45,cash,61584.28,2026-06-18,5,Pending,94.61,2026-08-11
3986,48,26,wallet,74191.45,2025-06-19,18,Pending,226.46,2026-06-09
3987,43,89,wallet,25887.76,2024-11-09,26,Delivered,287.89,2025-03-04
3988,12,74,card,939.06,2025-03-21,22,Cancelled,137.22,2025-11-01
3989,53,54,cash,26837.31,2025-12-14,21,Shipped,113.87,2026-02-15
3990,67,33,card,10104.02,2025-03-05,30,Pending,164.09,2026-02-21
3991,68,66,cash,27749.91,2025-07-15,27,Shipped,234.52,2025-07-26
3992,45,6,wallet,90785.9,2025-05-13,15,Shipped,58.12,2026-05-19
3993,71,74,card,87102.34,2025-11-29,4,Pending,264.97,2026-03-08
3994,8,66,wallet,86811.58,2026-02-05,18,Pending,95.06,2026-07-29
3995,69,18,card,75352.57,2024-08-24,12,Cancelled,82.24,2026-07-02
3996,61,80,wallet,1530.96,2024-08-31,11,Pending,218.58,2025-03-17
3997,94,75,wallet,8196.36,2025-12-21,20,Shipped,55.28,2026-04-22
3998,91,12,wallet,32619.35,2025-11-16,30,Shipped,102.14,2026-07-19
3999,70,67,wallet,58097.56,2026-08-02,29,Pending,154.8,2026-08-02
4000,44,66,card,6007.82,2024-11-12,2,Cancelled,20.68,2026-06-11
4001,66,50,cash,91056.51,2025-05-27,1,Delivered,246.05,2025-12-06
4002,56,64,card,79683.88,2025-11-30,28,Shipped,138.82,2026-01-29
4003,81,56,card,36534.82,2026-03-21,14,Delivered,21.86,2026-08-09
4004,11,49,cash,92511.69,2025-03-14,11,Delivered,228.92,2025-05-05
4005,35,76,card,37797.22,2026-05-13,29,Pending,138.97,2026-07-09
4006,76,65,wallet,174.02,2025-09-08,30,Pending,30.34,2026-03-11
4007,53,99,card,81434.22,2026-02-19,24,Shipped,176.58,2026-06-14
4008,38,35,wallet,18178.09,2025-04-11,14,Shipped,75.58,2026-05-13
4009,25,28,wallet,93837.18,2026-06-26,9,Pending,56.23,2026-08-12
4010,81,51,wallet,47436.84,2026-06-28,14,Pending,56.04,2026-07-23
4011,89,29,card,70879.46,2025-03-22,26,Shipped,151.04,2026-04-28
4012,55,2,cash,78837.56,2026-02-11,19,Pending,256.24,2026-04-12
4013,57,17,wallet,7458.22,2025-05-08,24,Pending,274.79,2025-11-20
4014,97,62,card,76261.11,2025-08-12,10,Shipped,125.95,2025-11-07
4015,46,75,cash,21113.08,2026-06-22,25,Shipped,81.42,2026-08-07
4016,41,29,wallet,73227.14,2025-02-13,30,Shipped,63.87,2025-07-21
4017,35,98,cash,37302.02,2026-02-05,16,Shipped,243.3,2026-07-09
4018,82,1,cash,13522.16,2026-04-03,14,Shipped,280.72,2026-05-10
4019,52,81,wallet,99913.27,2024-08-13,30,Delivered,261.48,2024-10-14
4020,25,37,wallet,47689.26,2025-05-18,13,Shipped,59.26,2025-07-28
4021,3,16,cash,56411.3,2025-08-25,9,Delivered,75.38,2026-04-14
4022,13,31,wallet,24449.1,2026-04-02,26,Pending,175.01,2026-05-01
4023,14,50,card,30822.38,2025-06-20,29,Shipped,105.66,2025-08-04
4024,64,53,cash,32809.77,2025-02-13,1,Cancelled,75.52,2026-07-03
4025,26,29,cash,99321.96,2026-05-19,6,Cancelled,270.21,2026-06-01
4026,41,19,card,51196.34,2024-12-15,5,Shipped,242.92,2025-08-06
4027,81,42,cash,31730.99,2026-02-25,13,Shipped,31.04,2026-03-10
4028,4,77,cash,87347.15,2026-05-17,5,Cancelled,254.42,2026-08-09
4029,81,9,wallet,30166.78,2026-06-21,19,Cancelled,166.52,2026-07-25
4030,64,97,wallet,66088.87,2025-07-18,8,Delivered,266.37,2026-06-23
4031,12,44,cash,8926.1,2025-11-11,15,Cancelled,123.04,2026-06-16
4032,67,66,card,57538.61,2025-07-24,3,Cancelled,179.05,2025-11-12
4033,52,81,cash,42611.63,2025-07-17,6,Cancelled,227.24,2025-11-20
4034,65,33,wallet,75052.03,2025-06-15,5,Cancelled,61.94,2026-06-21
4035,40,20,card,23531.71,2026-05-25,22,Shipped,119.64,2026-06-03
4036,75,7,wallet,50978.13,2026-01-17,18,Pending,144.25,2026-05-12
4037,58,75,wallet,83057.28,2024-09-21,1,Shipped,287.31,2025-07-10
4038,100,42,cash,46409.43,2026-01-16,25,Pending,203.68,2026-01-22
4039,56,81,cash,5035.94,2026-06-15,9,Pending,42.0,2026-07-14
4040,6,28,card,87853.45,2025-08-10,24,Shipped,175.42,2026-05-10
4041,24,75,wallet,80285.05,2024-12-02,18,Pending,58.23,2025-10-08
4042,92,40,card,80225.51,2025-09-22,28,Cancelled,299.39,2025-11-17
4043,13,27,cash,25147.47,2026-01-29,7,Cancelled,143.85,2026-03-16
4044,60,78,card,10267.08,2024-10-30,15,Delivered,237.12,2025-03-23
4045,68,61,cash,50248.91,2025-08-26,12,Delivered,51.43,2025-09-16
4046,3,90,card,92739.92,2025-07-19,30,Cancelled,70.11,2025-09-24
4047,33,98,card,10749.55,2025-08-19,12,Pending,56.64,2025-10-01
4048,13,16,card,82395.43,2026-01-25,2,Pending,148.19,2026-03-10
4049,84,57,wallet,34153.63,2025-06-18,16,Delivered,292.03,2025-09-06
4050,58,14,card,42691.68,2026-02-04,2,Delivered,119.09,2026-02-19
4051,3,97,cash,53766.66,2025-03-08,22,Cancelled,251.34,2026-01-13
4052,48,56,cash,17502.49,2024-12-18,20,Cancelled,218.02,2026-02-10
4053,41,24,wallet,56472.88,2026-05-09,5,Cancelled,297.99,2026-06-02
4054,58,20,wallet,18005.46,2025-06-22,11,Delivered,147.75,2025-12-26
4055,33,20,wallet,55095.89,2025-09-08,17,Delivered,212.27,2025-09-30
4056,47,68,card,18198.33,2026-04-02,12,Pending,271.33,2026-04-15
4057,99,51,card,20449.67,2024-08-14,1,Cancelled,146.83,2025-09-05
4058,100,58,wallet,26232.04,2025-01-18,3,Shipped,216.95,2025-02-21
4059,73,77,card,50078.06,2026-04-10,15,Shipped,21.85,2026-06-21
4060,45,61,card,35586.72,2025-05-23,26,Shipped,210.16,2025-07-28
4061,67,59,wallet,97447.28,2025-10-28,29,Shipped,54.54,2026-06-16
4062,15,83,card,15282.59,2025-07-31,9,Delivered,50.78,2025-10-17
4063,27,76,cash,56694.85,2026-05-02,26,Delivered,274.13,2026-07-12
4064,44,13,cash,45072.47,2026-05-26,16,Shipped,245.82,2026-07-19
4065,45,18,cash,75273.89,2025-06-05,18,Pending,224.25,2026-03-28
4066,75,39,cash,64561.27,2024-11-28,18,Cancelled,223.94,2025-02-08
4067,79,22,cash,67069.75,2025-02-22,10,Pending,21.88,2025-12-23
4068,100,47,card,99631.74,2026-06-13,3,Delivered,100.41,2026-06-29
4069,53,48,card,27915.1,2026-05-23,12,Pending,200.69,2026-08-10
4070,33,78,wallet,96127.49,2026-08-12,18,Shipped,60.88,2026-08-12
4071,66,20,cash,29667.17,2025-12-19,17,Delivered,283.0,2026-04-12
4072,48,39,wallet,19723.15,2025-09-10,24,Cancelled,234.55,2026-07-10
4073,81,71,card,98180.95,2026-04-16,28,Shipped,180.78,2026-05-29
4074,68,94,wallet,64669.65,2025-05-12,8,Cancelled,88.52,2025-11-30
4075,72,86,card,87325.11,2025-04-05,3,Shipped,96.52,2026-07-03
4076,71,20,wallet,92392.73,2026-04-13,7,Pending,28.96,2026-04-21
4077,81,18,cash,19547.91,2024-12-25,13,Pending,141.42,2026-07-06
4078,68,27,cash,8583.49,2025-11-26,21,Shipped,215.41,2026-04-23
4079,82,7,cash,98091.46,2026-08-02,21,Delivered,268.02,2026-08-11
4080,100,27,wallet,83568.33,2024-11-13,28,Shipped,83.88,2026-07-25
4081,26,63,wallet,89582.7,2025-11-27,1,Pending,106.48,2026-07-21
4082,77,80,card,38732.56,2024-10-06,2,Pending,151.16,2025-08-28
4083,4,96,wallet,65521.49,2026-07-13,30,Delivered,253.19,2026-07-15
4084,98,38,cash,55866.11,2025-08-13,8,Cancelled,278.19,2025-10-17
4085,11,100,card,44663.72,2025-09-22,2,Cancelled,42.81,2026-02-27
4086,97,35,card,53945.52,2025-04-06,24,Delivered,81.59,2026-04-03
4087,86,67,card,14950.85,2026-04-08,22,Shipped,40.8,2026-07-24
4088,3,27,wallet,35021.08,2025-10-10,28,Cancelled,176.05,2026-06-09
4089,23,74,card,88233.44,2026-07-25,25,Shipped,217.54,2026-07-28
4090,36,95,cash,18049.22,2024-11-02,13,Pending,115.98,2025-08-29
4091,100,42,cash,26332.57,2025-04-05,6,Shipped,24.96,2026-01-24
4092,89,97,wallet,5729.15,2024-10-14,30,Pending,253.02,2025-04-30
4093,57,95,cash,45869.8,2025-08-25,26,Delivered,145.26,2025-11-17
4094,4,76,cash,57719.71,2025-04-01,8,Cancelled,209.2,2026-07-19
4095,75,80,wallet,98004.46,2026-05-09,14,Delivered,80.21,2026-07-07
4096,15,64,card,42374.08,2024-09-22,27,Shipped,239.72,2026-06-05
4097,5,66,card,15283.85,2025-01-26,4,Shipped,186.46,2025-12-10
4098,74,50,card,65283.04,2026-05-05,14,Delivered,32.29,2026-06-25
4099,82,70,cash,38313.86,2024-12-10,16,Delivered,102.44,2026-03-18
4100,79,18,card,62881.02,2026-07-16,3,Delivered,128.76,2026-07-28
4101,18,87,cash,34864.38,2026-06-24,28,Pending,62.17,2026-07-06
4102,73,1,cash,29569.43,2025-10-20,27,Shipped,136.14,2026-07-28
4103,19,65,card,7175.69,2024-08-16,24,Delivered,295.36,2026-04-28
4104,68,51,card,90174.9,2026-05-16,10,Delivered,93.71,2026-07-14
4105,100,79,wallet,18856.18,2026-01-11,21,Shipped,139.96,2026-05-24
4106,14,56,card,45470.84,2025-01-01,25,Pending,131.42,2026-01-23
4107,11,41,wallet,18931.67,2025-02-14,6,Shipped,144.33,2025-07-27
4108,55,39,wallet,83118.95,2026-05-15,17,Pending,223.9,2026-05-25
4109,94,30,wallet,28216.14,2025-03-18,23,Delivered,233.58,2025-07-28
4110,94,4,wallet,87999.34,2026-01-14,22,Pending,120.24,2026-06-24
4111,6,28,wallet,96442.63,2024-11-24,21,Delivered,239.93,2025-12-01
4112,61,51,cash,51724.31,2025-05-30,27,Delivered,128.96,2026-06-11
4113,1,84,wallet,25552.2,2026-04-21,11,Shipped,225.35,2026-07-11
4114,38,77,cash,30373.38,2026-01-10,1,Cancelled,180.89,2026-07-29
4115,27,49,card,90766.55,2025-04-13,6,Pending,99.46,2026-03-24
4116,45,87,wallet,81304.91,2025-12-05,30,Shipped,181.84,2026-06-07
4117,69,3,cash,30225.51,2025-01-15,20,Pending,120.43,2025-06-14
4118,34,65,cash,92731.9,2024-12-18,20,Delivered,98.36,2025-05-19
4119,7,38,cash,40461.02,2025-08-17,16,Delivered,218.07,2025-09-10
4120,42,56,card,26805.44,2025-07-05,8,Delivered,185.16,2026-02-09
4121,68,11,cash,24539.08,2026-07-28,14,Delivered,110.82,2026-07-29
4122,74,5,cash,97593.91,2025-11-06,23,Cancelled,30.64,2026-02-03
4123,47,87,card,69314.04,2025-03-31,5,Cancelled,171.79,2026-07-07
4124,20,28,wallet,72853.13,2024-10-21,11,Cancelled,182.42,2026-08-10
4125,65,72,cash,60255.12,2026-06-22,7,Pending,103.99,2026-08-01
4126,4,35,card,80952.36,2025-09-08,11,Cancelled,233.06,2026-07-01
4127,24,77,wallet,42015.46,2025-09-21,12,Pending,64.53,2026-07-18
4128,27,96,wallet,90377.31,2025-10-31,1,Delivered,169.48,2025-12-04
4129,1,40,cash,23013.91,2025-01-11,6,Cancelled,194.32,2026-02-07
4130,44,5,card,96920.42,2026-04-26,23,Delivered,267.53,2026-07-22
4131,85,52,wallet,29622.71,2024-10-24,28,Delivered,48.68,2025-07-31
4132,19,37,wallet,62176.75,2026-03-29,29,Cancelled,267.3,2026-04-06
4133,4,37,wallet,92536.72,2026-03-27,23,Shipped,284.37,2026-06-15
4134,68,8,cash,92294.92,2025-07-06,23,Pending,76.14,2026-08-07
4135,14,88,card,43372.55,2025-05-24,19,Delivered,83.3,2025-09-30
4136,56,37,card,87838.65,2024-08-31,1,Shipped,201.54,2024-10-10
4137,18,37,cash,62495.41,2025-09-18,9,Shipped,150.03,2026-06-19
4138,5,26,wallet,20247.39,2026-03-25,9,Delivered,111.34,2026-05-30
4139,92,62,wallet,42371.85,2025-08-23,23,Shipped,31.76,2026-03-12
4140,98,40,card,63756.52,2026-02-20,8,Delivered,234.25,2026-02-23
4141,96,90,wallet,50686.74,2025-10-09,17,Delivered,131.71,2026-01-26
4142,44,27,cash,64480.15,2025-10-03,15,Shipped,185.6,2026-05-19
4143,17,83,cash,44087.75,2026-01-29,22,Cancelled,183.94,2026-05-27
4144,9,48,card,86993.67,2025-12-25,26,Delivered,291.79,2025-12-26
4145,12,8,wallet,55880.61,2025-08-11,26,Delivered,46.9,2026-02-11
4146,91,68,wallet,89535.81,2025-05-09,4,Delivered,55.47,2026-01-07
4147,3,28,card,24348.32,2025-07-21,27,Cancelled,111.06,2025-08-04
4148,12,43,wallet,36697.69,2025-02-11,14,Shipped,244.15,2025-10-24
4149,36,52,wallet,87713.73,2026-06-22,12,Cancelled,186.29,2026-06-24
4150,48,50,cash,43315.32,2025-09-18,17,Shipped,223.59,2026-07-26
4151,32,65,card,55169.56,2025-05-05,28,Cancelled,34.25,2025-08-04
4152,46,94,card,37476.2,2025-11-30,29,Shipped,172.69,2026-03-27
4153,27,75,card,50319.95,2025-03-14,10,Cancelled,44.3,2025-09-08
4154,30,31,card,61863.9,2025-07-30,2,Delivered,161.85,2026-07-12
4155,49,3,wallet,25508.15,2025-03-29,6,Cancelled,259.75,2026-01-16
4156,90,51,cash,80427.44,2024-09-29,1,Pending,67.1,2025-11-09
4157,29,88,wallet,33191.82,2024-10-10,4,Pending,125.71,2026-02-12
4158,38,23,cash,32563.98,2024-08-26,26,Delivered,48.87,2025-07-20
4159,12,37,wallet,8956.89,2025-07-23,14,Delivered,298.18,2025-10-26
4160,83,41,cash,1606.69,2025-12-15,12,Pending,224.98,2026-05-25
4161,82,5,card,13800.34,2025-09-06,22,Cancelled,197.02,2026-03-21
4162,78,10,cash,63321.91,2026-04-16,21,Shipped,146.05,2026-05-16
4163,71,87,cash,54472.01,2025-06-16,27,Cancelled,212.02,2025-12-30
4164,65,9,wallet,24847.26,2026-03-25,5,Pending,96.76,2026-03-29
4165,36,96,wallet,21556.7,2026-06-09,3,Delivered,106.53,2026-07-30
4166,98,13,wallet,79598.18,2025-07-12,7,Delivered,121.37,2026-05-04
4167,100,46,cash,90126.44,2026-03-11,8,Cancelled,186.15,2026-06-25
4168,14,28,cash,33079.45,2026-06-13,19,Delivered,170.42,2026-07-25
4169,21,59,card,50763.68,2025-03-03,24,Shipped,108.01,2026-06-28
4170,43,73,wallet,17366.48,2025-08-15,5,Cancelled,221.01,2026-01-06
4171,22,75,wallet,56232.34,2026-03-19,24,Shipped,238.3,2026-04-30
4172,39,15,card,10219.71,2025-05-12,9,Pending,215.42,2025-10-11
4173,7,83,card,41595.41,2025-10-01,22,Shipped,238.71,2025-12-01
4174,86,9,cash,91322.74,2025-01-30,22,Delivered,152.98,2026-04-20
4175,98,92,cash,4561.31,2025-01-17,3,Delivered,167.42,2026-02-02
4176,16,81,wallet,60772.32,2025-10-24,24,Pending,247.77,2025-11-01
4177,20,78,card,44112.77,2025-12-14,17,Delivered,96.0,2026-06-24
4178,13,86,card,62623.85,2026-01-21,6,Pending,274.55,2026-03-12
4179,100,50,wallet,67288.12,2025-08-13,7,Delivered,238.88,2025-09-21
4180,78,87,wallet,62120.9,2024-11-01,24,Pending,238.59,2025-08-03
4181,56,81,card,91551.2,2026-06-20,16,Cancelled,260.41,2026-08-06
4182,3,95,card,46291.85,2026-05-25,16,Shipped,274.77,2026-08-09
4183,86,69,wallet,32278.37,2024-09-25,23,Pending,235.72,2025-07-06
4184,93,58,wallet,20161.78,2025-08-11,1,Cancelled,102.39,2026-03-23
4185,7,46,card,63796.44,2026-04-24,29,Pending,250.75,2026-06-13
4186,76,49,card,69746.73,2026-05-21,19,Cancelled,148.9,2026-06-17
4187,96,82,card,91282.12,2026-02-19,8,Shipped,34.49,2026-05-02
4188,10,24,wallet,60688.04,2025-03-21,29,Pending,265.64,2026-01-10
4189,33,79,cash,64810.39,2025-06-29,22,Cancelled,186.96,2025-11-07
4190,66,60,cash,90687.78,2024-10-25,3,Delivered,254.52,2025-01-17
4191,94,58,card,14374.33,2025-11-02,18,Shipped,173.91,2026-07-06
4192,62,65,card,36501.16,2025-07-05,27,Shipped,291.93,2026-01-23
4193,59,17,wallet,8928.28,2026-05-28,26,Cancelled,195.29,2026-07-24
4194,13,71,cash,30148.42,2025-07-14,2,Pending,273.14,2026-05-30
4195,97,37,cash,84341.66,2025-01-29,20,Cancelled,81.51,2025-09-11
4196,72,96,card,98170.78,2026-07-13,23,Shipped,178.14,2026-07-31
4197,10,10,wallet,44926.13,2024-09-13,16,Pending,44.41,2025-08-29
4198,85,73,card,53349.59,2025-06-03,11,Cancelled,213.83,2025-10-20
4199,86,100,cash,6375.49,2026-01-06,16,Cancelled,251.01,2026-05-27
4200,38,43,cash,57204.03,2025-02-04,8,Delivered,137.1,2025-02-21
4201,85,49,wallet,61289.05,2025-01-26,8,Delivered,250.7,2026-04-21
4202,8,6,wallet,68880.55,2024-11-19,7,Delivered,123.33,2026-06-08
4203,24,41,card,12307.54,2026-01-08,11,Pending,52.13,2026-01-08
4204,85,22,card,51561.73,2025-09-08,21,Cancelled,292.97,2026-03-21
4205,93,100,card,84481.26,2025-04-22,13,Cancelled,150.09,2025-10-01
4206,48,35,wallet,96815.8,2026-01-17,11,Pending,167.0,2026-07-26
4207,71,84,wallet,71115.05,2024-12-08,1,Pending,181.6,2026-03-02
4208,85,9,card,69606.42,2026-02-26,21,Shipped,218.1,2026-06-20
4209,1,36,wallet,53511.75,2025-02-14,19,Pending,168.08,2026-08-12
4210,2,66,cash,36522.64,2025-07-06,21,Pending,283.01,2026-02-04
4211,16,79,card,15410.87,2024-12-28,9,Cancelled,181.98,2025-06-18
4212,93,59,wallet,7339.1,2025-05-09,17,Pending,239.94,2026-01-28
4213,76,21,wallet,28753.52,2025-05-17,18,Pending,191.91,2026-02-28
4214,88,52,cash,81739.89,2026-03-28,1,Delivered,222.13,2026-04-16
4215,92,56,card,35312.58,2025-01-17,10,Shipped,265.69,2025-04-14
4216,91,35,card,31020.06,2025-04-16,25,Cancelled,252.21,2025-09-25
4217,6,21,card,88234.55,2026-04-04,7,Pending,223.48,2026-07-10
4218,74,49,wallet,42216.69,2025-09-28,28,Delivered,215.64,2025-12-13
4219,12,27,card,3043.01,2025-02-14,29,Shipped,79.21,2026-06-16
4220,95,85,cash,23993.5,2024-10-31,8,Shipped,213.68,2025-01-20
4221,72,33,wallet,48611.79,2024-12-07,16,Pending,235.85,2026-06-01
4222,20,74,card,3431.01,2025-07-11,29,Delivered,246.89,2026-04-26
4223,65,23,card,5029.28,2026-06-28,5,Cancelled,209.31,2026-07-17
4224,42,64,cash,63891.9,2025-09-30,17,Shipped,264.21,2025-10-31
4225,74,22,cash,27593.52,2026-01-04,24,Shipped,273.01,2026-06-14
4226,2,92,wallet,78530.78,2024-09-30,5,Pending,28.97,2024-12-16
4227,64,71,card,3888.95,2024-11-06,27,Pending,237.91,2025-01-30
4228,17,88,card,13923.43,2025-06-15,17,Cancelled,106.8,2025-07-12
4229,73,69,cash,23683.18,2026-03-12,6,Cancelled,137.44,2026-04-10
4230,19,5,cash,1745.29,2025-11-24,13,Pending,65.76,2026-02-12
4231,14,19,card,76909.96,2026-04-15,5,Shipped,214.04,2026-05-05
4232,84,2,card,35846.18,2025-12-13,11,Pending,25.29,2026-02-19
4233,4,99,card,42708.47,2025-01-26,18,Pending,163.66,2025-05-02
4234,94,16,wallet,82937.74,2025-10-17,19,Pending,204.02,2026-02-15
4235,52,42,card,312.88,2026-06-09,2,Shipped,112.41,2026-07-27
4236,6,83,card,85322.39,2024-08-22,13,Pending,81.1,2025-10-21
4237,69,93,card,520.49,2026-07-22,26,Pending,296.22,2026-07-22
4238,8,46,cash,80015.86,2025-06-07,30,Delivered,122.61,2025-07-22
4239,39,14,card,11535.03,2025-06-30,18,Pending,283.53,2025-10-24
4240,15,92,card,66143.77,2026-05-04,12,Delivered,207.01,2026-07-23
4241,52,56,cash,96250.45,2026-06-04,23,Delivered,39.14,2026-07-08
4242,40,55,cash,36414.97,2025-03-27,7,Shipped,188.18,2026-02-17
4243,8,46,cash,33140.68,2025-01-23,19,Shipped,88.48,2026-02-27
4244,26,34,card,76081.74,2024-09-12,20,Delivered,95.99,2024-12-19
4245,18,1,card,11179.58,2024-08-31,8,Cancelled,233.67,2024-11-04
4246,22,40,cash,54989.76,2024-09-17,4,Shipped,105.18,2025-10-19
4247,81,24,card,53864.97,2026-08-04,22,Shipped,83.8,2026-08-06
4248,3,81,cash,80663.51,2025-11-11,22,Cancelled,179.2,2025-12-18
4249,50,9,wallet,75374.24,2025-01-05,18,Shipped,33.4,2026-04-10
4250,2,31,card,23788.81,2025-09-24,26,Shipped,203.94,2026-01-23
4251,83,93,wallet,60706.06,2025-10-15,30,Delivered,40.51,2025-12-04
4252,1,14,card,71202.9,2026-05-23,14,Shipped,180.47,2026-08-11
4253,43,83,card,55500.97,2026-05-13,11,Pending,264.08,2026-06-19
4254,16,93,wallet,63784.63,2025-11-06,7,Shipped,104.06,2025-11-21
4255,37,4,wallet,33814.7,2025-05-05,27,Pending,157.79,2025-06-04
4256,5,73,card,82265.69,2025-10-27,28,Pending,234.89,2025-12-23
4257,36,93,card,79043.14,2025-02-28,3,Pending,66.57,2026-01-26
4258,3,70,card,63975.25,2024-09-10,7,Cancelled,223.19,2025-06-01
4259,84,39,cash,24152.33,2024-12-09,5,Pending,232.1,2026-06-23
4260,3,71,cash,92461.74,2025-01-31,4,Delivered,176.38,2026-04-14
4261,89,84,cash,50233.83,2026-07-23,8,Shipped,195.59,2026-08-05
4262,74,21,card,32907.57,2025-10-24,3,Delivered,59.02,2025-12-31
4263,20,48,cash,69166.45,2025-05-07,16,Pending,119.68,2026-06-20
4264,2,10,wallet,76723.76,2025-01-05,21,Delivered,63.93,2025-03-29
4265,48,96,card,25534.39,2026-04-05,6,Pending,56.19,2026-07-06
4266,24,28,cash,78741.85,2024-10-12,20,Shipped,32.07,2025-01-17
4267,99,1,cash,26248.31,2024-09-12,8,Delivered,199.85,2025-04-27
4268,11,8,cash,10992.94,2025-08-20,3,Shipped,104.5,2026-05-05
4269,60,28,wallet,19725.85,2025-09-02,15,Delivered,193.93,2026-04-13
4270,37,71,card,7526.91,2026-05-24,21,Shipped,244.69,2026-08-10
4271,32,19,wallet,57403.71,2026-06-13,23,Shipped,258.92,2026-07-07
4272,99,38,card,88095.61,2024-10-04,28,Cancelled,60.39,2025-04-16
4273,7,49,wallet,2227.96,2025-09-25,23,Pending,82.67,2025-10-05
4274,27,84,card,4589.6,2025-09-04,12,Delivered,76.79,2026-07-20
4275,6,68,cash,68520.85,2026-03-27,15,Delivered,65.59,2026-08-04
4276,33,4,cash,19261.71,2025-08-17,28,Shipped,90.87,2025-09-28
4277,12,11,card,86226.86,2025-09-10,24,Cancelled,245.61,2026-03-07
4278,12,42,wallet,75166.49,2025-01-06,19,Pending,198.4,2025-12-20
4279,55,70,wallet,91448.28,2026-01-25,10,Delivered,29.48,2026-03-17
4280,86,75,wallet,85249.88,2026-06-05,11,Shipped,56.97,2026-07-08
4281,64,14,card,22081.42,2024-09-17,26,Pending,75.03,2026-05-03
4282,6,56,card,13424.81,2025-07-10,8,Shipped,277.36,2026-08-11
4283,31,89,cash,25479.27,2025-06-28,24,Pending,134.07,2025-09-30
4284,72,16,wallet,7224.89,2025-05-27,4,Cancelled,103.98,2025-07-14
4285,86,1,wallet,88546.22,2026-01-19,18,Delivered,257.0,2026-04-10
4286,2,97,cash,38245.33,2025-02-28,3,Pending,239.49,2026-02-16
4287,56,2,cash,6873.73,2025-08-31,21,Delivered,138.81,2025-10-11
4288,61,21,wallet,29316.62,2025-07-27,27,Shipped,115.53,2026-04-07
4289,86,49,card,9092.84,2025-05-16,21,Pending,88.2,2026-04-16
4290,73,88,wallet,11462.83,2025-08-10,24,Shipped,75.1,2025-11-06
4291,56,62,card,1889.36,2024-11-06,10,Shipped,265.18,2025-10-20
4292,33,92,cash,44469.89,2026-02-08,8,Pending,203.86,2026-04-22
4293,97,29,card,8609.93,2024-10-26,27,Shipped,284.55,2025-07-19
4294,32,36,card,82803.71,2026-06-07,17,Cancelled,280.26,2026-07-19
4295,68,21,card,54274.02,2026-06-13,11,Cancelled,32.81,2026-06-15
4296,9,88,card,39815.38,2025-03-12,15,Pending,132.61,2026-01-13
4297,6,98,cash,67462.79,2025-03-28,2,Cancelled,123.43,2026-02-19
4298,50,79,card,59585.88,2024-11-14,5,Shipped,187.57,2025-02-06
4299,86,83,wallet,62303.85,2025-01-10,18,Pending,149.77,2025-03-13
4300,80,77,cash,47491.73,2025-02-19,13,Cancelled,262.58,2026-07-18
4301,45,65,cash,40569.56,2026-08-08,6,Delivered,192.21,2026-08-12
4302,7,45,card,15298.46,2026-03-11,10,Cancelled,81.49,2026-03-11
4303,6,87,card,42596.58,2024-10-11,7,Delivered,147.7,2026-06-30
4304,29,16,wallet,33671.67,2024-08-22,23,Pending,181.69,2025-07-01
4305,34,88,wallet,24456.48,2025-07-11,21,Pending,137.22,2026-03-18
4306,51,25,wallet,76652.75,2025-07-28,22,Delivered,179.53,2025-08-21
4307,67,65,card,61755.45,2025-10-05,19,Delivered,263.25,2025-11-16
4308,59,19,card,30903.44,2025-11-18,28,Shipped,106.22,2026-02-12
4309,31,23,cash,41282.8,2025-10-10,14,Cancelled,280.01,2025-11-20
4310,94,62,wallet,20989.45,2025-12-23,16,Cancelled,197.27,2025-12-23
4311,92,7,card,43292.06,2025-01-30,11,Delivered,296.62,2025-12-13
4312,95,88,cash,34492.1,2025-07-04,28,Delivered,197.15,2026-02-05
4313,57,79,cash,14942.12,2025-12-25,16,Pending,199.18,2026-04-14
4314,53,97,cash,40654.44,2024-08-31,12,Delivered,260.51,2025-06-10
4315,81,33,card,38881.61,2025-10-10,12,Delivered,229.55,2026-04-21
4316,26,68,cash,8275.75,2026-04-27,28,Delivered,32.47,2026-05-09
4317,79,67,card,72245.33,2025-10-28,20,Cancelled,270.72,2026-07-19
4318,29,77,cash,39887.24,2026-08-10,4,Cancelled,245.98,2026-08-10
4319,81,35,wallet,74185.94,2024-11-29,26,Shipped,254.17,2025-08-08
4320,57,12,wallet,94778.25,2025-11-27,3,Pending,297.03,2026-04-05
4321,44,95,wallet,83011.46,2026-06-20,4,Shipped,238.57,2026-07-07
4322,31,57,wallet,10369.68,2026-05-17,20,Pending,58.93,2026-07-18
4323,80,17,wallet,10748.28,2026-02-27,24,Delivered,64.65,2026-05-12
4324,47,9,cash,41326.29,2025-04-01,2,Cancelled,158.3,2025-06-10
4325,11,87,cash,54766.48,2025-02-12,24,Delivered,299.51,2026-06-20
4326,75,3,wallet,3383.88,2024-10-03,13,Pending,278.34,2026-02-20
4327,46,86,cash,65935.64,2026-05-03,25,Delivered,263.73,2026-07-31
4328,76,48,card,36564.5,2026-02-07,22,Shipped,135.12,2026-03-08
4329,32,18,card,98329.32,2024-11-27,29,Shipped,240.21,2025-05-10
4330,36,20,cash,26509.86,2025-11-06,2,Cancelled,181.37,2026-05-16
4331,53,89,cash,81787.36,2024-11-28,11,Shipped,235.64,2025-01-03
4332,7,45,card,4540.78,2024-11-08,7,Cancelled,24.61,2025-04-28
4333,36,41,wallet,65944.62,2026-04-15,9,Shipped,173.25,2026-06-04
4334,43,69,wallet,45949.14,2026-07-29,26,Delivered,24.26,2026-08-11
4335,53,30,card,59866.89,2024-12-30,22,Cancelled,32.32,2025-01-04
4336,57,64,wallet,97124.61,2026-07-11,11,Cancelled,252.93,2026-07-20
4337,87,1,wallet,37759.97,2025-04-11,25,Delivered,169.89,2025-08-19
4338,50,19,wallet,50028.49,2025-04-03,13,Shipped,192.04,2025-05-02
4339,62,91,wallet,84807.29,2024-12-20,20,Cancelled,255.36,2025-10-03
4340,23,54,cash,22316.27,2024-12-27,25,Delivered,68.86,2026-01-09
4341,28,2,wallet,67787.49,2024-08-12,27,Shipped,191.28,2026-01-22
4342,52,99,wallet,86779.78,2026-02-23,3,Shipped,97.11,2026-03-10
4343,78,73,wallet,95642.81,2025-02-14,27,Pending,222.42,2026-05-18
4344,17,48,wallet,77792.82,2025-04-30,22,Cancelled,103.1,2026-07-04
4345,79,42,wallet,56799.29,2025-05-15,27,Delivered,141.48,2025-10-05
4346,88,26,wallet,91477.9,2026-01-22,3,Pending,211.03,2026-06-22
4347,2,22,card,67520.54,2024-12-01,1,Cancelled,124.97,2025-04-27
4348,5,88,wallet,13935.5,2025-11-27,4,Delivered,77.52,2026-03-01
4349,44,22,wallet,86825.1,2025-07-01,28,Delivered,196.57,2025-07-10
4350,31,54,wallet,53759.95,2025-12-12,16,Pending,176.04,2026-06-21
4351,48,2,cash,27165.3,2025-09-19,4,Delivered,216.59,2025-11-23
4352,35,91,wallet,5969.03,2024-12-21,7,Delivered,134.43,2025-04-30
4353,10,81,cash,88108.05,2026-06-19,8,Cancelled,194.41,2026-06-26
4354,78,77,cash,2284.81,2026-03-02,17,Shipped,133.55,2026-05-02
4355,55,29,card,44011.89,2026-06-26,24,Pending,204.06,2026-07-12
4356,40,24,card,32029.9,2025-02-23,27,Pending,119.56,2026-05-28
4357,1,62,cash,46361.67,2025-09-10,7,Shipped,200.9,2026-07-27
4358,78,32,wallet,92834.15,2026-06-17,9,Shipped,73.73,2026-06-23
4359,50,50,cash,62149.68,2024-09-09,18,Cancelled,270.23,2025-07-08
4360,12,37,wallet,37130.53,2024-09-08,6,Cancelled,242.05,2025-03-25
4361,9,34,cash,89489.47,2025-12-26,23,Shipped,136.71,2026-07-05
4362,26,57,card,20725.0,2025-03-30,5,Shipped,174.56,2025-09-03
4363,41,94,card,9681.88,2026-08-06,23,Shipped,289.87,2026-08-10
4364,42,82,wallet,19560.4,2025-09-09,4,Shipped,86.92,2026-08-04
4365,85,68,wallet,90964.34,2026-02-07,30,Pending,93.26,2026-04-05
4366,95,92,card,84810.08,2026-06-14,28,Delivered,147.93,2026-06-25
4367,73,99,cash,15510.76,2026-04-03,19,Shipped,26.84,2026-06-20
4368,21,59,card,32388.33,2026-06-30,15,Cancelled,36.89,2026-06-30
4369,31,12,wallet,82299.14,2025-10-24,16,Shipped,139.92,2026-03-09
4370,93,41,wallet,73865.76,2024-11-21,15,Delivered,144.41,2024-12-30
4371,22,82,cash,79269.49,2026-01-17,7,Cancelled,206.75,2026-02-11
4372,48,26,card,9726.95,2026-03-14,8,Pending,46.95,2026-04-04
4373,9,69,card,56796.39,2024-12-01,6,Delivered,275.67,2025-02-01
4374,25,11,wallet,3325.85,2025-09-25,18,Delivered,49.77,2026-06-18
4375,82,27,wallet,31479.0,2024-10-02,15,Cancelled,226.65,2026-06-11
4376,68,54,wallet,38205.34,2025-03-07,14,Cancelled,68.62,2026-05-03
4377,73,70,wallet,92261.95,2025-06-16,29,Shipped,213.1,2026-02-22
4378,65,55,cash,24563.04,2025-10-04,30,Shipped,52.6,2025-10-29
4379,4,81,wallet,13250.51,2025-07-07,8,Cancelled,257.12,2026-07-18
4380,32,13,card,75474.55,2024-11-28,29,Pending,229.44,2026-01-04
4381,12,12,cash,49614.09,2024-10-03,9,Cancelled,219.81,2025-09-18
4382,64,75,wallet,90727.53,2026-01-19,16,Pending,121.79,2026-06-06
4383,63,40,wallet,53236.83,2026-06-06,29,Pending,181.92,2026-07-10
4384,22,14,cash,14273.45,2026-02-13,2,Cancelled,86.36,2026-03-06
4385,58,5,card,55230.56,2025-11-15,3,Delivered,263.24,2026-02-27
4386,50,31,card,10245.06,2024-10-13,27,Pending,73.66,2025-10-16
4387,94,10,cash,91026.63,2026-06-09,7,Shipped,42.93,2026-07-01
4388,22,33,cash,58317.85,2025-05-21,18,Delivered,296.35,2026-06-26
4389,9,46,wallet,51604.87,2025-07-21,6,Pending,154.43,2026-07-03
4390,99,64,card,7330.68,2026-04-25,22,Cancelled,69.17,2026-05-04
4391,15,31,cash,30644.21,2025-06-30,27,Shipped,51.06,2025-10-13
4392,64,35,card,30103.73,2025-09-07,18,Pending,208.78,2026-05-16
4393,80,68,card,5525.1,2026-01-21,10,Delivered,86.75,2026-05-27
4394,61,70,card,9058.27,2026-05-10,3,Pending,87.99,2026-08-07
4395,57,42,cash,53442.3,2024-12-15,6,Cancelled,71.55,2026-06-25
4396,68,55,card,26353.92,2026-06-06,2,Pending,104.8,2026-07-22
4397,93,61,card,12928.35,2025-12-30,1,Pending,234.87,2026-03-09
4398,39,60,cash,76560.23,2026-01-03,12,Delivered,131.63,2026-04-19
4399,17,46,cash,29452.06,2026-04-11,26,Shipped,292.2,2026-07-09
4400,56,61,cash,15480.54,2025-12-30,24,Delivered,126.16,2026-01-21
4401,32,38,card,47835.56,2026-02-25,1,Delivered,274.1,2026-04-29
4402,55,24,wallet,99281.19,2026-02-04,13,Shipped,281.24,2026-07-06
4403,72,58,card,41126.26,2025-06-04,15,Cancelled,41.08,2026-01-17
4404,24,46,cash,34739.2,2026-01-06,8,Shipped,98.66,2026-03-25
4405,65,45,wallet,96426.61,2024-08-20,22,Shipped,30.25,2026-03-05
4406,29,71,wallet,89463.28,2025-10-27,28,Shipped,105.81,2026-07-12
4407,96,84,wallet,99446.03,2024-08-17,19,Cancelled,113.5,2025-11-27
4408,35,80,wallet,96535.03,2026-08-09,8,Cancelled,176.89,2026-08-09
4409,55,59,cash,66850.15,2025-02-23,6,Shipped,145.51,2025-07-18
4410,12,44,cash,87976.88,2024-12-15,8,Cancelled,110.64,2026-02-19
4411,3,5,card,30407.73,2025-04-27,14,Shipped,252.17,2025-12-18
4412,36,71,wallet,6168.81,2024-10-03,23,Shipped,180.49,2025-04-26
4413,14,59,wallet,10001.58,2026-07-31,22,Pending,35.29,2026-08-02
4414,64,18,cash,89180.03,2026-07-03,19,Cancelled,67.09,2026-08-07
4415,54,95,cash,10971.35,2025-12-17,16,Cancelled,120.79,2026-01-10
4416,34,64,cash,64466.59,2026-04-11,9,Pending,110.77,2026-04-28
4417,53,72,cash,59693.13,2025-09-16,14,Shipped,21.86,2025-12-02
4418,22,83,wallet,80945.31,2026-04-02,23,Shipped,190.64,2026-07-31
4419,34,77,card,57436.05,2025-12-13,28,Pending,90.32,2026-07-09
4420,3,85,cash,79214.77,2025-12-30,12,Delivered,121.05,2026-04-09
4421,26,36,wallet,66689.91,2025-04-22,7,Cancelled,125.16,2026-03-28
4422,32,26,card,67375.27,2026-06-10,10,Shipped,120.86,2026-06-29
4423,7,5,cash,49665.14,2025-07-29,10,Cancelled,59.53,2026-04-15
4424,33,17,card,91719.84,2024-10-31,11,Pending,209.86,2025-12-09
4425,78,6,card,77679.71,2025-12-30,17,Shipped,162.99,2026-06-14
4426,93,72,cash,51767.37,2026-02-06,28,Delivered,268.74,2026-05-13
4427,44,78,wallet,71635.44,2025-07-29,24,Cancelled,82.98,2025-09-14
4428,31,6,cash,59415.13,2025-05-25,18,Delivered,107.91,2025-07-09
4429,41,84,cash,53100.64,2025-10-18,12,Shipped,45.89,2026-07-13
4430,74,57,wallet,12532.8,2025-07-19,26,Cancelled,83.25,2025-12-30
4431,78,87,card,65562.4,2025-06-30,18,Shipped,296.11,2025-07-09
4432,84,44,card,98567.37,2026-04-17,29,Shipped,146.02,2026-07-20
4433,7,47,cash,71611.49,2025-02-28,6,Cancelled,47.78,2025-09-22
4434,90,61,card,82965.93,2025-06-16,10,Delivered,31.68,2026-07-17
4435,75,46,wallet,45883.89,2025-09-01,8,Delivered,80.58,2026-04-30
4436,77,57,card,25761.37,2024-09-22,4,Cancelled,206.0,2026-02-15
4437,88,28,card,74839.85,2025-08-17,12,Shipped,266.88,2026-07-27
4438,78,100,cash,41863.51,2025-08-22,14,Cancelled,155.38,2026-07-09
4439,95,10,card,42260.08,2026-01-06,30,Pending,23.3,2026-03-07
4440,60,51,card,6105.13,2026-04-09,15,Shipped,128.78,2026-05-20
4441,5,20,cash,68669.97,2026-04-13,14,Shipped,227.35,2026-08-09
4442,25,17,card,90068.69,2026-06-15,24,Pending,53.58,2026-07-05
4443,24,69,wallet,57957.26,2026-08-09,15,Delivered,280.99,2026-08-09
4444,29,67,card,66639.31,2025-03-14,14,Pending,278.12,2025-05-08
4445,100,12,card,60104.76,2025-12-29,18,Delivered,130.36,2026-02-05
4446,10,5,card,25908.33,2025-07-31,24,Shipped,183.98,2026-07-30
4447,54,39,cash,50651.95,2025-02-25,23,Cancelled,79.49,2026-03-18
4448,57,72,wallet,58135.1,2025-05-11,13,Pending,149.07,2025-12-25
4449,33,8,wallet,74583.61,2025-08-08,29,Delivered,93.58,2026-05-14
4450,17,35,wallet,84254.13,2025-03-16,22,Pending,131.88,2025-11-29
4451,50,30,wallet,15950.8,2026-02-24,24,Delivered,252.72,2026-05-04
4452,82,5,wallet,53562.86,2025-07-27,30,Cancelled,173.36,2025-09-06
4453,83,82,cash,40164.82,2025-12-04,18,Pending,170.32,2026-08-10
4454,10,27,cash,73324.31,2025-12-09,23,Pending,75.81,2026-03-06
4455,11,78,card,68926.1,2025-11-04,1,Delivered,212.37,2026-07-13
4456,14,25,cash,42450.01,2025-03-28,28,Cancelled,151.82,2026-03-01
4457,50,79,wallet,49178.38,2024-12-05,2,Shipped,219.97,2025-01-15
4458,23,33,wallet,73346.22,2025-08-30,17,Cancelled,278.75,2025-11-25
4459,2,8,wallet,42943.52,2025-07-03,13,Pending,161.59,2026-05-14
4460,45,79,wallet,86695.77,2025-11-10,14,Delivered,20.32,2026-05-11
4461,99,51,wallet,73179.22,2025-11-05,22,Cancelled,93.54,2026-07-16
4462,38,79,card,71637.57,2026-01-29,11,Shipped,72.22,2026-02-18
4463,99,70,card,21756.19,2024-10-23,21,Pending,82.16,2025-12-20
4464,55,37,wallet,26707.82,2024-09-17,8,Cancelled,20.41,2025-02-05
4465,15,46,wallet,76499.32,2025-06-17,7,Pending,123.77,2026-05-15
4466,63,85,card,65104.67,2025-06-13,14,Shipped,128.65,2025-12-18
4467,6,5,card,75386.99,2026-03-28,6,Cancelled,267.62,2026-08-11
4468,1,41,card,39757.51,2026-03-02,25,Shipped,59.52,2026-03-30
4469,100,22,wallet,38473.68,2025-06-13,6,Cancelled,247.18,2025-12-25
4470,8,14,wallet,82487.1,2025-08-30,13,Shipped,281.34,2025-09-05
4471,92,19,card,14944.46,2025-06-14,12,Delivered,39.93,2026-03-11
4472,21,73,card,5713.6,2026-05-08,24,Cancelled,201.54,2026-07-22
4473,62,52,card,99099.58,2026-06-19,1,Pending,67.1,2026-07-17
4474,3,36,wallet,80302.57,2025-05-20,12,Shipped,171.81,2025-09-16
4475,1,4,wallet,38326.27,2025-10-24,20,Cancelled,244.63,2026-05-04
4476,48,72,card,63186.67,2024-11-20,26,Cancelled,171.91,2025-02-11
4477,75,1,wallet,4037.72,2025-09-21,29,Shipped,126.75,2026-02-20
4478,85,62,cash,67494.32,2025-07-14,5,Pending,111.53,2025-11-12
4479,36,31,wallet,31980.92,2024-11-08,13,Shipped,202.82,2025-03-05
4480,81,17,cash,65010.63,2025-06-24,21,Pending,56.64,2026-07-10
4481,47,66,cash,67464.22,2026-06-16,2,Pending,284.99,2026-07-06
4482,89,85,wallet,94030.77,2024-11-09,17,Pending,47.39,2025-09-04
4483,45,5,card,11494.68,2025-10-27,29,Pending,182.23,2026-04-29
4484,60,4,cash,20888.14,2024-11-02,9,Pending,260.88,2024-11-24
4485,15,85,card,29244.8,2024-12-26,5,Cancelled,131.74,2025-09-10
4486,85,59,cash,22697.89,2025-09-20,2,Delivered,166.13,2025-11-07
4487,43,75,cash,4558.56,2025-03-07,30,Cancelled,90.84,2025-05-27
4488,10,66,cash,19550.83,2025-04-25,2,Delivered,144.82,2025-12-29
4489,55,26,wallet,59722.78,2024-08-20,17,Shipped,140.91,2025-07-13
4490,42,96,wallet,16964.01,2025-02-04,18,Delivered,248.04,2025-07-09
4491,89,83,wallet,65028.83,2026-07-08,15,Cancelled,180.77,2026-07-11
4492,4,65,wallet,36414.54,2025-03-15,7,Pending,186.99,2026-01-26
4493,25,23,wallet,94339.55,2025-08-30,20,Delivered,60.82,2025-12-07
4494,11,36,wallet,99205.83,2026-01-05,26,Pending,48.23,2026-06-29
4495,98,4,wallet,37328.27,2026-01-31,30,Pending,245.84,2026-06-03
4496,16,90,card,11448.34,2026-03-21,1,Shipped,74.05,2026-03-31
4497,47,42,cash,51742.74,2026-03-18,30,Cancelled,78.97,2026-08-02
4498,94,91,cash,42662.01,2025-12-19,4,Pending,24.8,2026-07-18
4499,36,27,wallet,35179.36,2026-06-10,13,Cancelled,36.72,2026-07-24
4500,93,34,card,16125.45,2025-03-23,21,Delivered,155.4,2026-01-17
4501,78,97,cash,43878.39,2026-02-22,25,Cancelled,42.09,2026-07-01
4502,16,10,card,70786.56,2025-09-01,7,Shipped,81.93,2026-03-26
4503,30,1,wallet,58705.79,2024-10-30,16,Pending,52.13,2025-03-17
4504,5,78,wallet,78139.53,2025-09-19,23,Cancelled,39.74,2025-10-16
4505,79,24,cash,53378.77,2025-04-03,25,Pending,237.55,2026-06-07
4506,14,89,card,61826.68,2025-10-26,5,Cancelled,106.06,2025-11-03
4507,73,86,wallet,65088.33,2025-08-30,27,Cancelled,101.32,2026-01-23
4508,34,15,wallet,2382.82,2026-01-30,17,Shipped,214.47,2026-02-11
4509,67,83,card,28161.11,2025-10-22,14,Shipped,81.14,2026-06-15
4510,3,2,card,95384.5,2024-12-19,7,Shipped,30.34,2025-07-15
4511,46,28,cash,1579.04,2025-10-12,13,Shipped,207.56,2025-12-28
4512,19,19,cash,4042.69,2026-05-22,8,Shipped,294.86,2026-05-31
4513,22,50,wallet,72768.09,2025-06-11,25,Shipped,113.27,2026-06-27
4514,3,49,cash,88298.75,2026-07-27,25,Shipped,91.6,2026-07-30
4515,71,55,cash,86228.2,2024-11-23,19,Cancelled,24.83,2025-11-18
4516,38,31,card,71502.75,2025-03-15,15,Pending,261.06,2026-07-26
4517,41,62,wallet,14952.22,2026-05-04,4,Pending,240.9,2026-06-15
4518,45,62,wallet,58474.48,2025-05-10,18,Pending,279.61,2026-06-06
4519,91,32,wallet,23761.92,2026-04-06,5,Shipped,41.83,2026-08-07
4520,60,65,wallet,20148.46,2026-01-30,19,Cancelled,61.98,2026-07-07
4521,22,98,card,34682.23,2024-10-28,17,Cancelled,248.33,2026-02-24
4522,7,69,cash,70488.05,2026-07-31,27,Shipped,160.05,2026-08-12
4523,92,42,card,83737.43,2024-10-16,16,Cancelled,70.9,2025-06-23
4524,6,74,card,70888.55,2026-04-13,10,Pending,89.74,2026-06-21
4525,49,29,wallet,73758.0,2025-07-19,12,Shipped,245.04,2026-01-11
4526,73,35,cash,96776.94,2025-02-19,17,Delivered,249.76,2026-05-04
4527,80,59,card,91545.78,2025-09-19,17,Cancelled,247.69,2026-04-19
4528,15,78,wallet,98149.83,2025-08-01,6,Shipped,109.63,2025-08-17
4529,7,91,cash,7414.1,2025-04-20,6,Shipped,227.33,2025-09-23
4530,60,85,card,25111.47,2026-05-10,24,Delivered,149.59,2026-07-15
4531,41,9,cash,38791.81,2025-10-17,14,Cancelled,246.43,2026-07-17
4532,51,22,wallet,52128.22,2025-09-28,12,Cancelled,246.9,2026-05-05
4533,99,89,wallet,269.99,2024-09-21,11,Shipped,241.1,2025-11-12
4534,35,76,cash,78983.55,2025-11-27,22,Cancelled,263.77,2025-12-16
4535,15,84,card,48905.04,2024-10-08,4,Shipped,77.36,2026-06-25
4536,99,65,wallet,69936.77,2025-03-18,20,Cancelled,294.12,2026-02-24
4537,74,1,cash,93258.55,2024-10-14,13,Cancelled,271.15,2025-11-28
4538,10,14,card,62262.41,2025-03-23,11,Cancelled,172.7,2026-01-20
4539,90,92,card,56304.7,2025-03-22,27,Shipped,82.6,2025-11-01
4540,42,99,wallet,56158.72,2024-12-24,5,Shipped,137.46,2025-05-30
4541,55,3,cash,17628.0,2025-12-09,20,Shipped,43.8,2026-02-08
4542,44,61,card,71426.75,2025-03-13,18,Pending,77.1,2026-07-12
4543,74,5,cash,44868.94,2026-03-25,25,Cancelled,23.58,2026-07-11
4544,87,29,wallet,75661.59,2025-05-02,20,Pending,136.26,2026-05-11
4545,87,25,card,93132.72,2025-08-08,18,Pending,155.97,2026-04-09
4546,27,73,card,47760.67,2025-07-25,14,Pending,219.48,2025-09-04
4547,29,42,wallet,16758.79,2026-05-02,21,Shipped,89.03,2026-05-04
4548,24,44,card,98716.81,2026-03-16,3,Cancelled,26.22,2026-06-17
4549,87,17,cash,98624.09,2026-08-02,30,Delivered,68.2,2026-08-08
4550,87,31,cash,89120.79,2025-01-24,22,Delivered,275.51,2026-04-25
4551,82,55,card,97486.73,2025-08-18,21,Cancelled,132.52,2026-06-16
4552,50,50,cash,4221.57,2026-07-03,25,Pending,141.01,2026-08-02
4553,43,97,cash,59113.19,2025-11-20,23,Shipped,145.68,2026-06-07
4554,3,43,card,72174.31,2026-02-19,10,Delivered,147.05,2026-04-13
4555,28,70,card,76324.06,2024-11-02,11,Pending,130.36,2025-11-30
4556,56,68,cash,71371.93,2025-04-18,21,Shipped,186.86,2025-09-21
4557,82,72,card,55788.92,2025-03-31,7,Shipped,182.72,2025-12-11
4558,23,63,card,7826.66,2025-03-12,10,Pending,221.4,2025-11-16
4559,32,22,card,53596.94,2025-03-10,18,Delivered,71.97,2025-08-21
4560,19,16,cash,51500.49,2025-03-31,19,Delivered,80.44,2025-12-25
4561,100,11,cash,1502.08,2025-01-02,16,Shipped,238.03,2026-08-04
4562,94,60,wallet,50726.66,2025-11-16,30,Cancelled,239.0,2026-03-01
4563,63,17,cash,90666.62,2025-10-26,5,Pending,159.79,2026-06-30
4564,29,17,wallet,50701.19,2024-09-18,10,Cancelled,80.31,2026-07-05
4565,40,15,cash,9951.26,2026-05-21,10,Shipped,20.85,2026-06-23
4566,82,99,wallet,47661.86,2026-03-18,18,Cancelled,266.59,2026-07-06
4567,71,10,card,90786.26,2026-01-07,25,Pending,140.89,2026-07-01
4568,63,66,cash,44041.54,2025-01-03,14,Cancelled,206.5,2025-07-11
4569,63,45,cash,72415.29,2025-08-04,23,Cancelled,263.68,2025-09-18
4570,58,61,card,57389.42,2025-05-07,23,Delivered,221.71,2025-09-26
4571,62,91,cash,87051.32,2024-10-09,17,Shipped,151.31,2025-07-31
4572,78,84,wallet,23544.36,2026-04-12,8,Pending,138.66,2026-08-04
4573,30,62,card,7973.61,2025-03-07,7,Pending,90.83,2025-04-13
4574,69,70,wallet,96234.95,2025-08-09,10,Pending,195.97,2026-03-23
4575,41,82,wallet,17546.79,2026-04-22,24,Pending,253.26,2026-05-25
4576,43,67,wallet,11568.17,2025-08-26,2,Cancelled,48.47,2026-06-17
4577,77,65,cash,16529.31,2025-04-22,11,Cancelled,139.22,2025-09-18
4578,5,67,card,68445.27,2026-04-10,20,Delivered,133.33,2026-05-10
4579,13,77,card,68210.35,2025-01-07,16,Delivered,41.7,2026-08-06
4580,1,70,cash,32003.86,2026-04-03,5,Shipped,273.58,2026-07-14
4581,26,24,cash,79737.82,2026-02-04,23,Delivered,55.38,2026-05-02
4582,20,71,wallet,66231.34,2026-07-20,18,Pending,236.76,2026-07-21
4583,51,13,card,38296.1,2025-02-06,28,Cancelled,153.24,2025-03-29
4584,81,7,card,97932.51,2026-01-27,3,Cancelled,218.92,2026-05-17
4585,67,97,card,76560.45,2026-01-04,14,Delivered,294.38,2026-02-07
4586,66,32,card,77202.15,2026-06-11,6,Shipped,87.92,2026-08-07
4587,43,75,cash,94051.84,2026-06-03,2,Cancelled,265.28,2026-06-17
4588,34,72,card,40786.76,2024-11-21,13,Pending,60.55,2025-06-01
4589,86,85,wallet,35080.96,2025-12-07,5,Delivered,77.55,2026-05-04
4590,1,7,card,22284.65,2026-07-03,11,Shipped,163.55,2026-07-29
4591,81,92,card,70103.95,2025-01-09,16,Cancelled,139.34,2026-03-01
4592,86,10,cash,81682.23,2025-12-09,8,Delivered,182.98,2026-07-09
4593,32,77,wallet,84244.54,2025-03-17,11,Delivered,27.16,2026-01-29
4594,47,18,cash,89538.57,2025-03-08,27,Cancelled,44.84,2025-12-13
4595,23,23,cash,57122.01,2025-08-08,23,Cancelled,88.95,2026-07-27
4596,90,30,wallet,35546.08,2026-04-14,19,Cancelled,52.28,2026-08-04
4597,93,20,card,10540.91,2024-10-13,8,Shipped,152.99,2025-06-19
4598,8,3,card,76558.42,2024-10-20,23,Cancelled,52.5,2026-01-20
4599,7,28,card,8178.24,2025-09-07,26,Shipped,189.27,2026-03-10
4600,73,36,cash,71914.46,2025-10-23,25,Delivered,246.37,2025-12-11
4601,45,26,cash,52946.33,2025-04-19,16,Shipped,172.73,2026-01-22
4602,2,21,card,26455.87,2024-12-23,11,Shipped,145.05,2026-02-16
4603,1,53,card,84543.09,2024-11-02,21,Cancelled,215.87,2025-03-25
4604,18,71,cash,83249.9,2025-02-12,6,Shipped,218.51,2025-05-07
4605,93,34,cash,18033.65,2025-11-11,18,Shipped,223.23,2025-12-06
4606,60,88,card,20076.85,2026-04-23,8,Pending,267.11,2026-05-11
4607,9,65,card,75856.28,2024-10-27,13,Shipped,291.92,2025-09-16
4608,21,81,wallet,64075.49,2026-04-24,8,Cancelled,210.46,2026-05-07
4609,73,87,wallet,84148.5,2024-08-28,28,Shipped,158.16,2025-01-25
4610,43,5,wallet,70954.05,2025-03-09,22,Pending,100.62,2025-07-24
4611,67,22,cash,54433.19,2025-12-30,5,Delivered,73.28,2026-04-08
4612,98,44,card,36209.19,2026-08-05,18,Pending,61.01,2026-08-08
4613,39,90,card,90416.86,2025-04-14,9,Pending,230.26,2026-06-22
4614,75,83,cash,60845.86,2025-12-11,12,Delivered,253.23,2026-03-21
4615,51,58,wallet,68196.68,2025-05-30,11,Pending,270.97,2026-04-06
4616,51,57,wallet,36091.7,2024-10-13,27,Cancelled,223.82,2026-02-02
4617,12,5,cash,22810.99,2026-06-07,6,Pending,163.52,2026-08-02
4618,6,49,card,80789.19,2025-12-10,10,Cancelled,113.87,2025-12-17
4619,48,55,cash,76631.29,2025-08-24,30,Delivered,244.13,2025-08-26
4620,2,46,cash,27085.68,2026-05-17,4,Pending,157.02,2026-07-04
4621,97,10,cash,58817.52,2025-05-12,2,Shipped,216.16,2025-10-29
4622,23,70,card,2741.32,2026-04-13,9,Shipped,234.07,2026-04-27
4623,83,20,card,29170.41,2026-06-10,22,Delivered,67.35,2026-07-17
4624,61,92,card,21655.63,2025-06-24,30,Shipped,145.18,2026-07-29
4625,95,46,wallet,5300.16,2026-05-02,26,Delivered,217.94,2026-07-16
4626,45,16,card,31723.47,2025-10-25,14,Cancelled,31.93,2026-03-20
4627,47,18,wallet,54278.5,2026-07-15,2,Delivered,124.25,2026-08-08
4628,66,16,wallet,68999.17,2026-05-17,6,Pending,266.95,2026-07-21
4629,86,7,card,24829.0,2025-07-19,5,Delivered,114.36,2026-01-08
4630,32,14,cash,18178.67,2026-06-02,5,Shipped,259.94,2026-06-04
4631,60,26,wallet,36911.69,2025-10-27,21,Shipped,31.61,2026-04-01
4632,84,9,wallet,39403.9,2026-01-08,11,Pending,186.63,2026-04-04
4633,11,27,card,71001.36,2026-01-31,3,Delivered,107.61,2026-04-08
4634,25,14,card,93289.76,2026-04-20,27,Pending,216.02,2026-07-14
4635,56,79,cash,36845.93,2024-11-12,22,Delivered,212.0,2025-09-18
4636,53,52,cash,75605.2,2025-11-04,21,Shipped,129.78,2026-05-19
4637,22,5,wallet,74137.72,2025-03-12,30,Cancelled,42.83,2025-07-12
4638,93,42,card,8279.15,2026-07-04,25,Pending,276.37,2026-08-03
4639,71,57,wallet,66517.59,2026-02-12,5,Shipped,22.41,2026-02-27
4640,2,85,card,76553.55,2025-03-03,23,Delivered,299.03,2025-05-16
4641,99,32,wallet,74463.29,2025-07-29,27,Delivered,209.68,2026-07-22
4642,33,31,cash,76858.7,2026-05-30,22,Delivered,124.45,2026-07-17
4643,87,94,card,26915.96,2026-06-08,14,Shipped,150.02,2026-06-11
4644,98,10,wallet,73769.29,2025-12-25,30,Cancelled,290.37,2025-12-25
4645,8,25,cash,62542.06,2025-01-26,14,Delivered,294.43,2026-04-12
4646,68,24,card,49146.28,2026-02-08,17,Shipped,96.62,2026-04-06
4647,43,85,wallet,68056.29,2026-06-21,9,Cancelled,127.77,2026-06-23
4648,73,79,cash,12422.32,2025-11-01,5,Pending,207.37,2025-11-20
4649,17,16,wallet,49843.82,2025-12-03,5,Delivered,289.14,2026-04-30
4650,25,61,wallet,32837.44,2025-12-02,29,Shipped,235.01,2025-12-23
4651,11,15,card,98428.97,2025-12-12,3,Delivered,256.79,2025-12-16
4652,28,35,wallet,69776.25,2025-08-16,21,Pending,195.38,2026-06-02
4653,61,30,cash,70147.7,2025-03-01,2,Cancelled,50.61,2025-05-07
4654,48,53,card,93075.13,2026-03-28,27,Pending,243.44,2026-06-13
4655,35,32,cash,88891.15,2025-03-21,23,Shipped,254.18,2026-03-11
4656,72,7,card,41052.84,2025-02-07,15,Cancelled,176.54,2025-04-15
4657,90,96,cash,8079.21,2025-04-07,5,Shipped,22.13,2025-05-03
4658,62,26,cash,84245.14,2025-10-25,27,Shipped,87.47,2026-07-18
4659,39,91,cash,91780.01,2025-01-29,10,Delivered,208.95,2025-10-26
4660,93,72,cash,23455.77,2025-08-20,3,Cancelled,153.35,2026-01-14
4661,43,33,card,96956.01,2025-02-03,5,Cancelled,145.51,2026-04-20
4662,11,2,card,31621.81,2025-12-25,24,Pending,277.0,2026-01-06
4663,23,2,card,48212.77,2025-04-01,10,Delivered,297.08,2026-06-16
4664,50,27,wallet,53157.15,2024-11-10,22,Pending,294.93,2026-06-14
4665,47,83,card,28277.45,2025-05-13,17,Pending,245.39,2026-07-03
4666,98,66,card,3031.3,2025-09-24,21,Shipped,278.36,2026-03-07
4667,3,94,cash,50010.41,2025-03-05,3,Pending,27.98,2026-07-10
4668,41,40,card,15769.75,2024-11-09,20,Cancelled,115.74,2025-09-22
4669,6,19,wallet,92584.66,2026-06-14,4,Pending,194.59,2026-06-23
4670,6,97,cash,25781.47,2025-08-24,22,Delivered,254.73,2025-12-07
4671,72,81,wallet,97863.69,2025-03-26,23,Delivered,88.84,2025-11-10
4672,80,86,card,42691.76,2025-08-11,13,Pending,233.7,2026-05-13
4673,31,57,wallet,93643.6,2026-05-10,13,Pending,255.0,2026-06-17
4674,45,65,wallet,14893.47,2025-08-09,18,Cancelled,36.11,2025-10-09
4675,89,67,cash,80348.86,2025-07-13,8,Pending,107.83,2026-01-17
4676,67,88,wallet,49767.08,2026-03-16,21,Cancelled,246.85,2026-07-10
4677,3,19,card,98367.84,2025-02-27,11,Shipped,112.05,2025-04-21
4678,11,70,card,74573.06,2025-04-18,26,Cancelled,256.0,2026-07-14
4679,14,29,cash,33614.93,2025-09-13,24,Shipped,80.2,2026-04-24
4680,58,26,wallet,88158.62,2025-04-21,30,Delivered,87.77,2026-01-30
4681,72,81,wallet,7938.45,2025-01-04,23,Cancelled,176.68,2025-11-26
4682,86,20,cash,11420.24,2025-09-05,23,Cancelled,78.62,2025-11-22
4683,86,70,wallet,82243.8,2024-10-28,22,Delivered,250.03,2026-02-20
4684,2,51,card,71429.41,2026-02-09,15,Cancelled,249.28,2026-05-25
4685,37,51,card,91476.93,2026-01-08,21,Pending,105.84,2026-08-12
4686,11,23,card,81456.57,2025-03-20,5,Pending,167.39,2025-10-26
4687,50,95,cash,7477.66,2024-09-19,29,Delivered,225.75,2026-05-09
4688,12,31,cash,89133.42,2024-10-27,23,Delivered,135.14,2025-09-12
4689,52,72,wallet,68500.1,2024-12-07,8,Pending,200.83,2026-03-03
4690,13,37,card,48517.45,2025-03-22,29,Pending,269.02,2025-05-22
4691,35,51,card,36476.66,2025-04-15,4,Delivered,239.88,2025-11-26
4692,7,73,card,5504.27,2025-11-14,16,Cancelled,66.26,2026-07-19
4693,63,41,cash,42733.02,2026-05-15,7,Delivered,48.41,2026-05-16
4694,13,61,wallet,30368.58,2025-11-25,25,Cancelled,119.82,2026-03-04
4695,3,69,wallet,11106.96,2025-08-14,23,Cancelled,280.97,2025-11-20
4696,38,34,wallet,94511.22,2026-03-15,17,Delivered,145.26,2026-05-05
4697,64,63,wallet,82812.52,2026-01-31,7,Shipped,254.65,2026-06-02
4698,98,61,wallet,27242.2,2025-05-05,9,Shipped,28.7,2026-04-18
4699,15,57,wallet,99223.64,2025-06-06,23,Cancelled,269.64,2025-12-25
4700,58,4,card,17588.29,2026-03-12,23,Cancelled,34.6,2026-04-05
4701,1,15,card,75527.44,2026-05-04,13,Cancelled,206.38,2026-06-04
4702,56,29,card,83142.93,2025-11-10,18,Cancelled,130.69,2026-08-09
4703,17,64,wallet,23475.1,2025-01-14,26,Cancelled,274.54,2025-04-25
4704,77,81,cash,5012.44,2026-07-04,10,Shipped,133.64,2026-07-15
4705,85,74,wallet,44598.55,2025-06-29,9,Pending,297.67,2025-11-11
4706,25,74,wallet,91556.94,2026-02-21,10,Delivered,289.07,2026-04-22
4707,12,70,cash,24618.81,2024-09-25,5,Pending,113.32,2025-07-26
4708,42,84,card,64712.31,2025-11-01,1,Pending,233.0,2026-07-27
4709,55,83,card,49041.5,2025-06-20,14,Shipped,196.08,2026-04-27
4710,21,84,cash,56210.44,2026-01-26,1,Pending,215.23,2026-07-01
4711,31,91,card,63713.07,2026-05-06,22,Cancelled,234.83,2026-05-26
4712,97,91,wallet,82114.48,2025-12-13,1,Cancelled,25.63,2026-06-05
4713,47,88,wallet,8241.26,2025-08-11,23,Pending,252.39,2026-02-12
4714,56,14,cash,51653.58,2026-04-25,28,Delivered,175.41,2026-05-30
4715,54,19,wallet,43249.85,2025-06-24,22,Cancelled,88.33,2026-04-05
4716,47,24,card,60891.37,2025-12-24,2,Delivered,49.13,2026-05-23
4717,19,30,cash,25563.21,2025-09-24,29,Cancelled,227.26,2026-07-30
4718,57,44,card,54144.03,2026-02-12,29,Shipped,197.97,2026-05-24
4719,86,20,wallet,3165.3,2025-02-17,14,Delivered,246.92,2025-12-11
4720,83,70,wallet,97864.79,2026-07-31,26,Delivered,131.76,2026-08-10
4721,22,100,card,37252.58,2026-03-28,21,Cancelled,182.58,2026-04-13
4722,68,27,cash,77070.58,2024-12-16,15,Shipped,256.61,2025-02-01
4723,71,43,card,82846.4,2024-10-07,4,Pending,226.71,2025-05-29
4724,76,8,cash,26113.36,2024-09-02,27,Cancelled,138.09,2025-04-29
4725,67,92,wallet,74527.31,2024-11-29,20,Cancelled,165.51,2025-11-15
4726,83,40,cash,819.98,2025-04-24,30,Shipped,285.48,2026-05-22
4727,42,59,cash,54714.36,2025-10-11,9,Cancelled,37.16,2026-03-04
4728,12,39,wallet,67264.91,2025-09-15,13,Shipped,227.14,2026-03-04
4729,54,34,card,79413.13,2025-10-14,9,Shipped,34.58,2026-04-15
4730,48,75,cash,97780.47,2026-04-07,23,Shipped,294.92,2026-05-01
4731,63,77,cash,21279.83,2025-03-16,4,Pending,243.66,2026-04-16
4732,61,25,wallet,25011.34,2025-08-05,23,Pending,108.66,2026-05-04
4733,3,38,wallet,99259.76,2025-02-19,5,Pending,58.43,2026-06-05
4734,8,71,cash,40162.38,2026-05-05,16,Cancelled,134.96,2026-06-25
4735,56,65,cash,44894.33,2026-03-16,28,Pending,118.83,2026-06-13
4736,45,56,card,69487.12,2026-07-01,8,Delivered,270.88,2026-08-09
4737,18,47,wallet,71634.9,2026-04-27,18,Pending,186.81,2026-06-22
4738,36,60,cash,32849.88,2024-10-13,5,Delivered,172.2,2025-03-01
4739,27,96,card,94674.7,2024-11-06,15,Shipped,35.69,2025-10-14
4740,53,39,wallet,34271.5,2025-11-06,12,Pending,117.64,2026-08-01
4741,77,90,card,16862.71,2026-04-01,27,Pending,210.05,2026-05-01
4742,50,13,cash,46783.6,2026-01-17,22,Delivered,115.43,2026-06-27
4743,31,86,card,33802.08,2025-10-29,9,Shipped,54.99,2026-07-24
4744,28,34,card,83910.95,2026-03-09,26,Cancelled,169.68,2026-07-17
4745,43,34,cash,86996.14,2026-04-05,23,Delivered,270.79,2026-06-19
4746,8,30,cash,18215.29,2024-12-22,18,Delivered,246.67,2026-05-12
4747,32,35,wallet,5458.51,2026-08-11,29,Cancelled,96.84,2026-08-11
4748,10,35,wallet,60732.83,2024-12-24,14,Pending,257.94,2025-07-12
4749,59,2,cash,50398.37,2025-05-17,15,Cancelled,172.77,2026-03-10
4750,78,31,wallet,68525.97,2024-09-20,25,Pending,161.87,2025-12-01
4751,28,14,cash,85775.51,2024-09-29,26,Delivered,87.27,2025-09-10
4752,75,14,wallet,37905.61,2025-02-12,10,Cancelled,247.9,2026-04-12
4753,8,80,wallet,1874.51,2025-10-29,11,Cancelled,96.96,2026-07-08
4754,48,20,card,49527.61,2024-09-20,30,Pending,83.66,2025-08-27
4755,30,53,wallet,76894.25,2025-06-14,13,Delivered,224.26,2025-11-29
4756,64,30,card,66293.13,2024-08-12,19,Cancelled,174.4,2025-09-28
4757,4,73,card,63747.14,2025-04-03,24,Delivered,81.8,2025-11-25
4758,26,66,cash,20388.49,2026-04-02,5,Pending,247.34,2026-06-14
4759,22,6,cash,48151.07,2026-06-22,29,Delivered,276.99,2026-06-28
4760,82,17,cash,47772.38,2026-03-14,25,Shipped,97.6,2026-04-23
4761,39,61,wallet,84077.7,2026-01-04,14,Cancelled,288.94,2026-08-10
4762,66,8,cash,13372.66,2025-03-20,8,Shipped,95.02,2026-05-31
4763,72,98,cash,71025.0,2025-11-23,21,Cancelled,219.73,2026-04-21
4764,1,6,cash,93460.04,2026-02-16,29,Shipped,198.6,2026-05-29
4765,33,36,wallet,22613.28,2025-12-30,27,Pending,116.27,2026-03-27
4766,15,76,card,91693.39,2024-10-29,2,Cancelled,247.05,2026-04-16
4767,21,81,wallet,62744.96,2024-10-17,24,Pending,84.94,2025-09-08
4768,80,68,wallet,52920.65,2025-09-06,25,Pending,230.87,2026-02-19
4769,51,66,wallet,24973.56,2025-09-09,12,Cancelled,178.93,2026-08-07
4770,69,16,wallet,19618.86,2026-06-02,27,Cancelled,296.64,2026-07-10
4771,45,5,card,16259.6,2025-06-14,20,Shipped,190.66,2026-01-21
4772,92,63,cash,6906.11,2024-12-20,15,Cancelled,216.27,2025-01-05
4773,51,84,wallet,24381.95,2025-12-26,9,Cancelled,121.79,2026-06-27
4774,5,30,card,70318.63,2024-11-11,10,Cancelled,81.43,2025-06-27
4775,30,44,wallet,95275.53,2025-02-25,5,Cancelled,93.87,2025-03-09
4776,28,19,card,57743.39,2026-03-19,23,Pending,208.73,2026-05-31
4777,39,64,wallet,1636.18,2024-11-24,21,Shipped,76.45,2025-04-23
4778,98,57,cash,7748.66,2025-08-26,6,Pending,44.13,2025-10-22
4779,11,12,card,88607.8,2025-10-06,26,Pending,109.5,2026-06-13
4780,56,87,wallet,77246.31,2025-03-22,18,Shipped,198.32,2025-03-24
4781,87,49,wallet,73297.48,2025-12-13,18,Delivered,99.02,2026-02-21
4782,48,64,wallet,13579.74,2024-10-04,14,Pending,289.25,2024-12-27
4783,8,6,cash,74884.31,2026-01-29,3,Cancelled,57.38,2026-07-25
4784,8,36,cash,62016.24,2025-12-24,9,Pending,149.06,2026-08-12
4785,43,65,wallet,69308.2,2025-06-15,12,Shipped,127.2,2026-05-10
4786,60,43,cash,45243.62,2026-02-22,16,Cancelled,79.24,2026-04-16
4787,53,75,wallet,28891.9,2026-05-28,12,Cancelled,244.78,2026-07-28
4788,20,24,wallet,12117.28,2026-01-17,28,Shipped,143.44,2026-06-29
4789,80,68,wallet,26983.37,2025-10-28,5,Pending,206.94,2026-03-03
4790,62,65,wallet,83297.1,2025-03-31,16,Pending,71.55,2025-10-16
4791,67,13,wallet,254.0,2025-01-02,7,Pending,79.3,2026-08-03
4792,18,86,card,26248.59,2026-01-28,18,Shipped,47.98,2026-04-10
4793,65,27,card,58363.23,2024-09-22,11,Shipped,30.83,2026-01-17
4794,51,70,cash,33651.52,2026-05-29,3,Pending,200.65,2026-07-31
4795,49,77,cash,89514.9,2024-11-14,8,Shipped,218.07,2025-04-10
4796,50,68,wallet,4473.46,2024-12-30,8,Shipped,129.65,2025-05-25
4797,12,80,card,71650.1,2026-02-26,6,Delivered,188.03,2026-03-19
4798,18,26,card,60297.31,2024-09-20,11,Shipped,116.67,2026-04-24
4799,65,41,card,55740.28,2024-11-16,30,Cancelled,81.42,2025-10-24
4800,41,35,card,12368.94,2025-11-27,21,Shipped,147.4,2026-05-21
4801,8,46,card,68319.93,2024-11-18,18,Pending,250.15,2025-04-25
4802,92,81,card,27328.65,2026-04-06,7,Pending,266.81,2026-06-19
4803,99,4,card,66831.67,2025-01-07,3,Shipped,233.32,2025-09-14
4804,11,62,cash,80291.56,2026-04-04,30,Pending,189.92,2026-06-05
4805,22,28,wallet,14050.96,2025-11-17,26,Pending,159.33,2026-03-24
4806,11,72,wallet,81394.18,2025-11-23,7,Cancelled,39.39,2026-05-09
4807,33,14,cash,55605.89,2024-12-01,1,Cancelled,153.41,2026-06-19
4808,24,4,wallet,51072.02,2025-05-10,8,Shipped,68.48,2025-10-26
4809,96,62,wallet,29554.72,2024-11-07,30,Shipped,188.78,2026-06-07
4810,12,5,wallet,258.09,2024-09-14,3,Delivered,27.4,2024-10-27
4811,44,49,wallet,74037.41,2026-06-26,2,Delivered,227.77,2026-07-01
4812,56,58,card,15163.71,2026-04-29,22,Shipped,200.83,2026-05-30
4813,55,80,cash,7530.03,2025-08-27,12,Pending,57.19,2025-11-13
4814,13,20,cash,78734.62,2025-12-09,4,Pending,138.36,2026-01-27
4815,44,54,wallet,26343.46,2024-11-03,27,Delivered,68.5,2025-11-06
4816,68,33,wallet,67241.52,2024-12-17,20,Shipped,194.25,2025-03-01
4817,99,61,card,30003.45,2024-10-30,9,Shipped,75.48,2026-03-20
4818,10,18,cash,78414.33,2025-01-19,9,Cancelled,239.38,2026-03-01
4819,85,57,card,98664.05,2026-05-31,25,Pending,258.42,2026-06-06
4820,69,3,cash,26011.92,2026-07-26,16,Pending,249.29,2026-08-04
4821,68,25,card,85157.64,2024-08-23,28,Pending,146.91,2026-05-30
4822,38,1,wallet,49496.73,2025-01-03,19,Shipped,72.54,2025-09-09
4823,88,52,card,61538.66,2026-03-03,24,Pending,101.27,2026-08-04
4824,65,40,wallet,90403.15,2026-05-12,11,Pending,170.45,2026-07-30
4825,75,69,wallet,41024.63,2025-05-23,8,Pending,141.69,2026-05-10
4826,65,63,card,17630.87,2025-09-13,22,Delivered,30.99,2026-02-28
4827,97,61,card,75503.01,2025-12-07,21,Pending,151.53,2026-03-01
4828,3,26,wallet,56385.95,2025-02-10,1,Shipped,181.17,2026-01-12
4829,40,39,wallet,16458.89,2025-01-05,8,Delivered,98.14,2026-01-25
4830,98,19,cash,44809.68,2025-05-13,24,Shipped,107.92,2025-10-19
4831,56,40,wallet,52430.48,2026-03-11,24,Pending,191.5,2026-07-12
4832,61,19,cash,31668.38,2025-05-08,5,Pending,56.12,2026-03-18
4833,78,50,card,84845.24,2026-03-04,10,Shipped,154.54,2026-06-02
4834,42,52,cash,96102.46,2025-07-10,2,Cancelled,178.78,2025-12-30
4835,38,60,wallet,82159.96,2026-03-27,22,Shipped,161.94,2026-06-14
4836,36,90,wallet,57634.76,2026-01-13,30,Shipped,64.07,2026-05-29
4837,28,5,cash,40689.54,2026-05-21,8,Shipped,285.91,2026-07-26
4838,83,90,cash,50537.44,2025-08-17,6,Pending,208.57,2026-03-07
4839,56,13,wallet,70552.91,2026-08-09,6,Pending,100.68,2026-08-10
4840,46,4,card,92735.27,2024-09-18,22,Delivered,231.84,2024-09-24
4841,64,50,cash,9211.69,2025-06-05,15,Shipped,26.27,2025-06-17
4842,54,31,wallet,84260.02,2025-12-05,30,Delivered,24.16,2026-04-10
4843,8,38,wallet,11115.32,2025-04-23,23,Shipped,195.38,2025-12-09
4844,95,83,wallet,44908.14,2024-10-26,10,Pending,267.68,2025-02-16
4845,44,17,cash,52067.06,2026-07-02,12,Pending,287.06,2026-07-02
4846,48,91,card,55608.35,2024-08-21,2,Shipped,239.19,2026-01-27
4847,36,44,wallet,60568.01,2024-11-26,1,Shipped,30.69,2026-01-13
4848,56,10,card,6305.17,2025-06-14,16,Shipped,203.27,2025-08-05
4849,33,89,card,26663.15,2025-02-10,5,Pending,165.63,2026-06-20
4850,1,95,card,31035.83,2025-03-12,4,Cancelled,252.8,2026-08-04
4851,21,19,wallet,7943.09,2026-07-12,17,Shipped,128.45,2026-07-12
4852,22,55,cash,81366.11,2025-08-21,1,Pending,112.81,2025-11-04
4853,93,7,card,3224.23,2026-01-13,24,Shipped,95.71,2026-06-11
4854,68,35,cash,55140.21,2025-01-23,14,Delivered,290.62,2025-10-29
4855,20,72,card,52130.62,2025-10-18,6,Cancelled,24.22,2026-03-04
4856,68,84,card,79742.01,2025-12-23,21,Delivered,280.05,2026-01-24
4857,32,1,cash,76230.0,2026-01-18,29,Cancelled,180.38,2026-03-27
4858,86,86,cash,70230.21,2026-05-21,27,Pending,168.72,2026-06-05
4859,35,10,cash,89766.42,2026-04-08,24,Cancelled,215.76,2026-05-29
4860,19,87,wallet,64342.93,2025-10-12,7,Delivered,184.12,2026-07-14
4861,6,62,cash,80313.22,2026-07-22,17,Pending,75.03,2026-08-12
4862,27,46,wallet,11174.46,2025-07-18,13,Shipped,263.31,2025-07-21
4863,61,60,cash,50939.53,2025-01-01,5,Cancelled,69.08,2025-08-29
4864,13,55,card,42213.01,2025-11-28,2,Cancelled,135.24,2026-06-23
4865,81,97,cash,67184.58,2025-04-16,15,Cancelled,227.32,2026-01-13
4866,21,37,wallet,9824.48,2026-02-05,25,Pending,110.88,2026-02-12
4867,2,57,cash,25137.36,2024-11-25,8,Shipped,55.78,2025-03-15
4868,60,3,wallet,37300.59,2026-06-21,17,Shipped,265.2,2026-07-15
4869,75,63,card,6584.11,2026-06-05,3,Cancelled,267.49,2026-07-18
4870,4,48,card,22293.1,2025-02-06,17,Shipped,292.6,2026-05-03
4871,6,10,cash,4403.08,2025-08-28,21,Delivered,111.08,2026-04-25
4872,88,28,card,91876.31,2025-11-01,12,Cancelled,246.24,2026-01-02
4873,17,93,wallet,58943.55,2024-08-20,25,Cancelled,158.56,2025-11-10
4874,22,52,cash,63494.2,2024-11-05,27,Cancelled,82.77,2025-03-12
4875,47,54,cash,11855.34,2025-10-28,8,Pending,193.18,2026-07-25
4876,25,46,card,19788.01,2025-11-14,19,Delivered,201.18,2026-01-06
4877,87,50,card,31168.57,2025-12-15,5,Delivered,39.63,2026-07-05
4878,44,54,card,82217.72,2026-04-09,1,Shipped,45.62,2026-04-30
4879,86,98,card,91336.51,2026-06-25,5,Shipped,199.58,2026-07-02
4880,94,32,cash,98510.11,2025-06-16,3,Delivered,99.12,2025-06-20
4881,41,25,wallet,26497.81,2024-12-28,13,Cancelled,238.89,2025-03-13
4882,71,15,cash,24219.11,2026-04-21,12,Pending,153.14,2026-07-06
4883,31,78,cash,95486.1,2025-12-09,13,Shipped,203.52,2026-06-13
4884,23,33,wallet,84904.53,2025-05-18,11,Cancelled,60.57,2026-03-10
4885,17,100,cash,53702.9,2026-05-11,13,Delivered,282.42,2026-07-21
4886,7,4,wallet,81247.88,2025-12-29,30,Cancelled,40.44,2026-07-04
4887,79,98,cash,19811.69,2025-04-09,7,Shipped,54.47,2026-06-24
4888,33,100,wallet,64886.88,2025-04-28,8,Pending,67.5,2025-06-28
4889,14,53,cash,66736.18,2025-05-22,12,Delivered,68.06,2025-12-31
4890,51,45,wallet,45031.15,2026-03-28,18,Delivered,23.64,2026-07-05
4891,59,57,cash,54335.36,2024-11-17,26,Shipped,181.49,2025-07-26
4892,79,34,cash,41421.46,2024-11-27,2,Pending,247.17,2025-02-13
4893,8,26,card,97057.57,2025-06-13,20,Cancelled,157.45,2026-04-23
4894,66,70,wallet,71188.83,2025-06-08,7,Shipped,128.01,2026-08-01
4895,59,61,cash,76696.11,2025-04-06,24,Cancelled,223.2,2025-12-31
4896,46,96,card,65953.61,2026-02-14,13,Cancelled,43.47,2026-04-16
4897,18,39,card,74856.42,2026-04-28,2,Delivered,39.52,2026-08-07
4898,26,57,wallet,51967.22,2026-07-22,29,Pending,154.96,2026-07-28
4899,57,63,wallet,60974.43,2024-12-06,23,Delivered,282.09,2024-12-18
4900,42,78,wallet,98694.89,2025-01-14,26,Pending,68.97,2025-02-20
4901,89,3,wallet,65331.05,2025-11-20,19,Delivered,96.58,2026-07-03
4902,94,94,wallet,854.71,2025-06-18,24,Shipped,56.3,2025-07-29
4903,91,49,wallet,14194.15,2025-09-06,16,Shipped,280.81,2025-12-02
4904,75,21,card,8476.14,2025-03-13,12,Delivered,152.68,2025-04-22
4905,22,71,card,28460.79,2024-08-24,10,Cancelled,68.72,2025-10-01
4906,67,42,cash,70871.09,2026-01-07,22,Shipped,198.81,2026-04-24
4907,12,92,wallet,5991.13,2025-03-28,18,Pending,42.95,2026-07-12
4908,62,59,card,10052.25,2026-04-04,11,Pending,34.92,2026-06-29
4909,60,38,card,66238.49,2025-04-27,28,Delivered,203.66,2026-02-09
4910,12,98,wallet,24712.77,2026-03-03,8,Shipped,134.6,2026-04-11
4911,41,85,wallet,1318.17,2025-10-02,23,Shipped,224.69,2025-12-21
4912,50,80,card,67884.13,2025-10-22,29,Shipped,64.63,2026-02-18
4913,4,51,cash,13916.43,2024-10-03,14,Pending,164.69,2026-05-03
4914,5,59,cash,27652.65,2024-10-28,8,Delivered,91.28,2026-01-30
4915,83,82,wallet,57636.55,2025-04-12,25,Pending,112.79,2025-10-13
4916,58,6,wallet,86003.69,2024-11-25,9,Cancelled,93.86,2026-05-21
4917,5,61,cash,94833.08,2024-11-06,21,Cancelled,299.56,2025-09-29
4918,88,12,wallet,19501.79,2024-11-05,2,Delivered,229.77,2025-12-21
4919,72,91,cash,93501.8,2024-11-07,20,Delivered,134.02,2025-05-21
4920,58,35,card,63905.43,2024-09-05,6,Shipped,166.8,2025-06-30
4921,72,39,wallet,76143.45,2025-01-12,30,Cancelled,25.79,2026-05-20
4922,77,17,cash,23859.29,2026-01-29,19,Delivered,200.46,2026-06-02
4923,67,64,card,82292.11,2026-06-01,8,Shipped,25.68,2026-07-25
4924,24,62,cash,12479.86,2026-06-27,29,Shipped,243.81,2026-07-22
4925,83,6,wallet,65548.41,2026-04-04,25,Cancelled,122.86,2026-06-08
4926,44,1,wallet,91433.69,2025-10-23,27,Cancelled,213.41,2026-02-11
4927,94,88,cash,93252.13,2026-07-19,12,Delivered,40.28,2026-07-20
4928,31,72,cash,20947.44,2025-05-18,22,Shipped,25.35,2025-09-15
4929,6,6,card,60439.56,2024-08-16,14,Cancelled,259.67,2024-12-24
4930,69,20,cash,83495.88,2024-12-28,2,Cancelled,111.84,2025-11-01
4931,26,76,wallet,3515.43,2024-12-31,26,Delivered,123.71,2025-10-05
4932,77,38,wallet,41686.34,2025-08-30,29,Pending,146.94,2026-01-11
4933,72,93,cash,18132.78,2025-10-21,15,Shipped,23.37,2025-10-29
4934,92,67,wallet,32080.68,2024-11-02,23,Delivered,66.52,2025-07-12
4935,1,85,cash,21396.68,2025-12-25,9,Pending,224.54,2026-08-11
4936,34,44,cash,40677.05,2025-02-01,22,Delivered,38.21,2025-02-05
4937,7,24,cash,10124.21,2026-02-15,16,Pending,231.55,2026-03-26
4938,38,32,card,25509.66,2025-02-05,13,Delivered,215.4,2025-04-10
4939,63,69,card,93937.79,2024-09-14,30,Shipped,266.19,2026-08-02
4940,5,91,cash,27423.46,2026-01-07,19,Pending,128.01,2026-01-25
4941,5,51,cash,59805.44,2025-02-19,28,Delivered,33.02,2025-12-27
4942,97,90,card,71074.66,2025-10-24,3,Delivered,172.24,2026-02-05
4943,27,12,wallet,37422.96,2024-08-30,22,Delivered,78.66,2026-04-12
4944,28,24,wallet,83382.51,2025-09-19,11,Delivered,127.9,2026-01-31
4945,11,11,cash,25525.0,2025-11-18,16,Pending,261.89,2026-06-30
4946,64,10,wallet,83703.48,2024-11-05,6,Pending,251.11,2026-01-30
4947,39,56,cash,37902.51,2025-02-27,22,Delivered,282.43,2026-03-02
4948,8,84,card,3755.99,2024-11-29,29,Delivered,183.06,2025-04-04
4949,82,15,cash,3381.82,2024-10-28,21,Delivered,212.72,2025-01-27
4950,86,52,cash,25322.92,2026-05-05,10,Cancelled,41.44,2026-08-07
4951,26,64,cash,46885.36,2025-01-08,6,Cancelled,77.36,2025-03-19
4952,44,54,cash,5319.26,2026-06-19,28,Cancelled,154.55,2026-06-27
4953,77,71,cash,74804.63,2025-04-10,15,Pending,175.8,2025-09-28
4954,44,77,wallet,55883.37,2024-12-30,30,Pending,195.74,2025-08-19
4955,95,53,wallet,76701.38,2024-10-09,28,Pending,89.0,2025-01-04
4956,45,75,card,43555.06,2025-10-07,5,Pending,128.19,2025-11-29
4957,76,91,wallet,76105.43,2026-08-12,14,Delivered,229.48,2026-08-12
4958,92,47,wallet,97944.81,2025-01-10,13,Cancelled,108.22,2025-11-22
4959,19,56,card,74818.32,2026-02-28,12,Pending,257.15,2026-06-01
4960,77,33,cash,61214.44,2025-07-29,15,Delivered,104.57,2025-11-23
4961,16,59,wallet,23171.75,2025-03-14,24,Cancelled,206.09,2025-10-16
4962,26,83,wallet,36653.86,2025-05-17,18,Shipped,147.9,2025-12-04
4963,19,98,wallet,60470.49,2025-07-26,23,Shipped,174.32,2025-07-28
4964,30,70,wallet,18431.2,2026-03-12,17,Delivered,181.25,2026-08-09
4965,44,93,card,38574.68,2026-02-12,22,Pending,137.97,2026-07-19
4966,68,77,cash,2454.28,2026-07-26,13,Delivered,228.17,2026-08-10
4967,6,64,cash,898.28,2024-12-16,8,Delivered,271.98,2025-04-13
4968,16,50,cash,49855.43,2024-09-17,5,Shipped,65.8,2025-09-06
4969,92,21,card,16074.45,2025-03-02,16,Cancelled,179.5,2025-10-25
4970,67,19,cash,79615.11,2025-04-26,2,Shipped,286.61,2025-12-27
4971,60,9,wallet,37610.51,2026-02-03,18,Pending,38.17,2026-03-13
4972,95,94,card,31197.83,2026-06-21,14,Cancelled,72.5,2026-08-05
4973,26,50,wallet,82312.3,2025-11-30,15,Cancelled,120.06,2026-04-16
4974,7,86,cash,51109.71,2024-09-17,29,Pending,82.67,2025-01-04
4975,45,55,cash,44797.41,2025-05-02,2,Delivered,246.01,2025-06-26
4976,18,17,card,13663.93,2026-07-30,24,Pending,216.3,2026-08-02
4977,34,37,cash,7903.28,2026-04-26,23,Delivered,296.14,2026-07-27
4978,50,10,wallet,51578.39,2026-03-22,12,Cancelled,82.94,2026-03-24
4979,88,59,cash,28987.49,2025-01-20,3,Shipped,182.29,2025-11-18
4980,16,2,wallet,81897.72,2025-09-28,6,Delivered,174.74,2025-11-17
4981,85,22,card,53953.03,2025-05-03,4,Shipped,166.48,2025-07-06
4982,59,100,wallet,73273.78,2026-01-07,22,Pending,148.16,2026-05-08
4983,84,96,card,332.02,2026-01-07,12,Pending,254.89,2026-01-12
4984,15,78,wallet,53440.72,2026-02-22,8,Delivered,127.48,2026-03-18
4985,95,77,cash,28669.69,2025-07-15,24,Cancelled,166.7,2026-04-26
4986,5,58,card,39260.98,2026-02-12,21,Pending,61.5,2026-06-15
4987,74,3,card,51293.42,2026-02-13,6,Cancelled,166.45,2026-05-12
4988,48,100,card,82329.12,2025-10-05,6,Cancelled,282.13,2026-03-14
4989,94,26,wallet,74291.98,2025-05-11,25,Cancelled,126.53,2025-06-14
4990,93,36,cash,47230.87,2024-09-22,16,Shipped,55.14,2025-11-08
4991,94,24,cash,62038.07,2025-08-25,25,Pending,74.51,2025-11-21
4992,55,88,card,85097.93,2024-12-22,2,Pending,62.79,2025-09-19
4993,93,77,cash,36208.51,2024-09-28,11,Cancelled,178.15,2024-11-14
4994,52,16,cash,47186.66,2026-08-04,21,Cancelled,148.78,2026-08-11
4995,3,11,wallet,73109.32,2026-07-07,14,Shipped,40.42,2026-07-09
4996,81,79,card,57548.38,2025-07-21,24,Shipped,124.72,2025-09-20
4997,42,76,card,26228.33,2024-08-22,12,Delivered,294.07,2026-07-24
4998,55,32,card,358.04,2024-10-30,6,Shipped,197.66,2025-12-26
4999,89,4,cash,51258.23,2025-06-30,11,Cancelled,130.69,2025-08-17
5000,43,49,card,22577.83,2026-07-22,23,Cancelled,152.96,2026-08-03
