return_id,order_items_id,order_id,customer_id,return_date,return_reason,return_status,refund_amount,approved_by,notes
1,243,371,21,2025-09-23,Wrong item,Pending,931.72,Richard Brooks,Increase off college pretty huge team.
2,386,143,56,2025-03-07,Wrong item,Approved,945.61,Andrea Jacobs,Nation science break do six act reality notice.
3,471,245,10,2025-02-12,Customer changed mind,Rejected,588.37,Nicholas Perkins,Realize gun offer leader born throw public security.
4,716,458,51,2024-10-26,Damaged product,Rejected,4755.61,Ashley Leon,Station continue how day.
5,498,112,65,2025-02-27,Damaged product,Pending,3413.08,Alan Daniels,At difference truth start.
6,253,58,69,2024-11-03,Defective product,Approved,4111.47,Elizabeth Payne,Feeling large arm system however world.
7,201,65,22,2025-07-13,Defective product,Approved,3138.75,Kelly Miller,Sort sister enter pressure.
8,332,356,44,2026-02-01,Defective product,Rejected,430.55,Stacy Cortez,First animal nation indeed admit student several perform.
9,831,411,38,2026-05-18,Damaged product,Rejected,346.97,Danny Jones,Report and letter listen general yard.
10,75,65,90,2025-07-09,Defective product,Pending,2097.95,Jessica Barber,Miss subject heavy team tonight including speech.
11,244,80,10,2025-01-14,Defective product,Pending,4808.09,Kenneth Walker,Lead another who arm.
12,303,226,3,2026-02-02,Customer changed mind,Pending,3440.74,Stephen Turner,Fire how area cost side recognize upon.
13,330,345,27,2025-02-16,Customer changed mind,Rejected,2135.52,Timothy Ball,Environmental its yard range.
14,129,245,72,2025-12-25,Customer changed mind,Pending,503.58,Dwayne Chan,Along tough standard certainly.
15,519,94,43,2025-09-02,Customer changed mind,Pending,992.1,David White,Protect heart nature hold indicate.
16,1400,387,13,2025-01-01,Wrong item,Approved,817.85,Janet Espinoza,Enter call we process.
17,127,180,9,2025-01-31,Customer changed mind,Pending,467.68,Jennifer Parker,Stage analysis boy option officer record black.
18,592,92,33,2025-06-09,Wrong item,Pending,3970.77,Cheryl Garcia,Week turn only.
19,1002,13,14,2025-08-18,Damaged product,Rejected,2354.33,David Bryant,Investment both would yeah talk kid yard.
20,919,354,47,2024-09-12,Customer changed mind,Pending,3948.79,Ms. Kristen Myers,Sound among but above enjoy today.
21,1399,484,11,2025-08-22,Defective product,Approved,4176.83,Travis Robinson,Leg piece every today.
22,401,144,22,2026-02-19,Damaged product,Approved,1860.49,Timothy Myers,Appear art edge race strong poor.
23,1019,439,25,2025-02-01,Damaged product,Pending,1430.03,Anthony Luna,Compare trouble just.
24,850,401,96,2026-05-25,Damaged product,Pending,2842.6,James Martin,Hot indeed suddenly difference.
25,498,320,27,2026-07-04,Customer changed mind,Pending,582.1,Joseph Green,Cost official know final.
26,118,25,38,2026-02-28,Customer changed mind,Pending,3422.22,Matthew King,Heart include food discuss wide.
27,127,166,74,2025-04-12,Wrong item,Pending,846.67,Mercedes Hernandez,College improve represent late.
28,222,469,26,2026-05-07,Customer changed mind,Rejected,2495.79,Kimberly Miller,Significant professional home though and notice.
29,703,459,29,2026-04-25,Damaged product,Approved,3809.01,Ashley Martinez,Close pull else create.
30,212,151,76,2025-10-09,Wrong item,Rejected,3747.82,Dominique Hicks,Similar mother daughter reach.
31,871,20,1,2024-12-06,Wrong item,Rejected,2746.41,Todd Terry,Ability behavior total notice media head.
32,1169,449,68,2026-07-23,Damaged product,Rejected,533.65,Donna Vaughn,Drive plan boy always strong soldier act.
33,737,323,1,2026-04-24,Customer changed mind,Pending,1273.39,Melissa Kim,Any size central trade science time.
34,261,369,25,2026-03-21,Defective product,Approved,2661.84,Kyle Mahoney,His budget adult cause decision especially concern.
35,1486,429,54,2026-02-19,Damaged product,Rejected,1501.92,Franklin Lyons,Bad nature system sometimes the.
36,647,350,46,2025-11-13,Wrong item,Rejected,1069.2,Angel Williams,Perform already moment very field standard.
37,882,137,43,2025-05-28,Wrong item,Pending,848.26,Brittany Russell,Lay third in lay man.
38,95,184,91,2024-08-22,Defective product,Pending,1263.27,Jeffrey Obrien,Loss rock bank out candidate house.
39,298,403,30,2026-06-12,Wrong item,Approved,3593.7,Sarah Noble,Care tough identify specific.
40,211,384,14,2024-10-03,Defective product,Pending,3373.97,Sally Peck,Popular agency main form ever truth pull.
41,428,32,65,2026-02-24,Damaged product,Approved,2018.19,Destiny Greene,College able bit listen candidate order.
42,1468,439,46,2026-01-17,Customer changed mind,Rejected,2167.17,Dana Smith,Small system something father bed.
43,1394,447,82,2026-01-08,Customer changed mind,Rejected,1747.4,James Woods,Price agree hit sister fund write goal manager.
44,326,372,88,2025-11-24,Wrong item,Approved,2469.95,Jennifer Curry,Per again choice produce however television.
45,182,467,51,2025-07-31,Defective product,Pending,4469.38,William Castaneda DDS,Gun name mission information.
46,227,294,8,2026-07-27,Wrong item,Pending,464.24,Joseph Smith,Rather identify speak story trade against perhaps sort.
47,1281,119,25,2025-07-01,Customer changed mind,Rejected,1068.03,Patrick Morgan,Organization all account care away already me themselves.
48,1115,377,32,2025-11-03,Wrong item,Approved,2266.54,Debra Harrison,Mrs among network into hot.
49,1491,23,34,2026-01-14,Customer changed mind,Pending,991.89,Rhonda Perez,May despite store head.
50,1280,106,73,2025-03-13,Damaged product,Rejected,2621.17,Yvette Woods,Serve American rise including fight everything.
51,201,361,41,2025-08-02,Damaged product,Approved,3151.39,Sara Russell,Doctor everybody wrong.
52,1220,82,73,2024-10-16,Wrong item,Approved,805.2,Anna Duncan,History threat can fill stuff.
53,436,424,78,2025-01-24,Wrong item,Pending,3439.59,Michael Walker,Fish few worker seek bring.
54,1270,467,33,2025-05-09,Wrong item,Approved,4833.03,Russell Bailey,Wall environment major apply.
55,1351,498,57,2025-02-06,Damaged product,Pending,1762.52,Eric Wilson,Work yes up own room.
56,587,204,69,2026-03-17,Wrong item,Rejected,4971.84,Leslie Floyd,Believe learn learn long stage actually do across.
57,364,114,67,2026-05-02,Damaged product,Rejected,2962.54,Wendy Holloway,Water poor address region fish the realize.
58,974,156,87,2025-06-06,Damaged product,Pending,2763.6,Sean Malone,On deep until whom school exist impact plant.
59,1342,359,53,2025-03-04,Wrong item,Pending,4935.59,Joseph Nguyen,Would two government management side these main meet.
60,362,235,42,2026-07-09,Customer changed mind,Approved,3751.69,Elizabeth Brown,Join travel skin.
61,1144,441,41,2025-03-30,Wrong item,Approved,564.44,Gina Snyder,Reason law carry customer focus.
62,1287,234,99,2025-01-23,Defective product,Pending,243.09,Darin Jensen,College though everyone far fast.
63,185,193,77,2025-12-11,Damaged product,Rejected,3839.24,Tina Moreno,Home forget animal early.
64,801,446,31,2026-01-10,Customer changed mind,Approved,776.32,Jacob Dixon,Nice just alone shoulder case reveal guy.
65,1051,266,46,2025-12-16,Wrong item,Rejected,3647.11,Cindy Spears,Performance general moment share.
66,1358,325,42,2024-08-24,Defective product,Pending,436.23,Daniel Maynard,Billion at investment moment office.
67,726,321,43,2025-10-09,Wrong item,Approved,2493.14,Dillon Wells,Car few little maintain ready although.
68,914,300,49,2024-08-20,Wrong item,Rejected,4856.36,Todd Walsh,Face item whom necessary will letter Republican start.
69,516,95,10,2024-12-25,Damaged product,Pending,2604.2,Holly Hughes,Eight expert crime low.
70,12,499,19,2025-02-02,Customer changed mind,Approved,95.68,Ross Torres,Own join production economic use.
71,819,400,73,2026-01-26,Customer changed mind,Approved,100.7,Katherine Lopez,Rich catch ball throughout.
72,1033,57,9,2026-01-08,Damaged product,Rejected,544.61,Charles Campbell,Much air perhaps drug against be different risk.
73,1296,478,24,2025-01-14,Defective product,Pending,4213.18,Robert Jackson,Thought color surface surface.
74,1101,22,74,2026-04-17,Defective product,Pending,2942.85,Jennifer Mack,Suffer approach population out song administration.
75,552,144,21,2025-09-05,Wrong item,Pending,1450.36,Brittany Gonzales,Individual center among degree along early young.
76,813,104,100,2025-07-14,Damaged product,Approved,3594.63,Carol Gonzalez,Wall catch because trip concern career.
77,1246,90,31,2026-03-21,Customer changed mind,Rejected,4985.2,John Matthews,Best take administration might court.
78,150,52,85,2025-06-08,Damaged product,Rejected,2206.26,Rhonda Hansen,Thought yet run.
79,990,343,8,2024-12-16,Defective product,Pending,2407.49,Nathaniel Taylor,Care recent probably research by protect.
80,889,422,82,2025-09-17,Damaged product,Approved,1259.85,Jon Jones,Help avoid specific black debate open.
81,36,307,25,2026-01-16,Wrong item,Approved,2418.82,Gregory Martin,Spend really color miss receive issue involve.
82,41,8,80,2025-08-24,Wrong item,Rejected,3783.92,Anna Collins,Maintain learn my chair soldier.
83,39,432,37,2026-04-13,Damaged product,Rejected,2034.93,Kristopher Dorsey,Order stand measure.
84,1074,274,18,2025-04-01,Damaged product,Rejected,729.63,Regina Stephens,Shake form test follow until value rock.
85,258,333,53,2025-12-14,Damaged product,Pending,4952.88,Lori Johnson,Sing concern home teacher whatever cultural important.
86,202,306,32,2026-04-12,Defective product,Rejected,4237.35,William Gutierrez,Author author important dark organization.
87,241,414,16,2024-12-29,Customer changed mind,Rejected,2157.38,Elizabeth Nichols,News economic pick development always town should.
88,866,21,45,2025-10-19,Defective product,Pending,3314.46,Olivia Williams,Wonder attention investment most citizen.
89,1009,403,16,2026-01-22,Defective product,Approved,591.02,Henry Jones,Business law not marriage read.
90,518,496,24,2026-05-02,Wrong item,Rejected,3085.17,Jill Trujillo,Beyond almost idea for.
91,1413,198,99,2024-11-04,Damaged product,Rejected,2978.73,David Green,Add lay likely power spend.
92,1254,119,29,2025-11-12,Customer changed mind,Approved,2439.06,Xavier Brewer,Opportunity son whatever check poor full.
93,581,59,45,2026-05-30,Wrong item,Pending,728.94,Eric Mendez,Perhaps station unit poor.
94,1172,327,72,2025-03-11,Wrong item,Approved,959.86,Samuel Buck,Include or management red second.
95,855,430,32,2026-05-19,Wrong item,Approved,4107.9,Sean Rogers,Great he lot tell simply hospital.
96,161,386,63,2024-11-04,Defective product,Rejected,3501.49,Matthew Torres,Exist dog information impact majority air.
97,836,244,70,2025-03-24,Defective product,Pending,3748.7,Jenna Wade,Computer mind million TV use.
98,582,212,97,2026-05-08,Defective product,Rejected,1517.92,Ashley Nguyen,Seem organization thousand how through.
99,546,341,12,2024-09-09,Customer changed mind,Approved,2746.08,Dustin Johnson,For enjoy news data serve response.
100,763,354,72,2025-08-20,Wrong item,Rejected,4697.62,Stephanie Lambert,Surface process management around teach.
101,1382,381,79,2026-05-09,Customer changed mind,Rejected,4487.12,Tonya Jones,Whether play possible hope leave message clearly.
102,302,255,38,2025-10-07,Damaged product,Pending,4341.59,Ryan Gutierrez,Feeling either trade.
103,434,466,99,2026-01-15,Customer changed mind,Approved,2855.97,Tiffany Chen,Officer finish race show brother season.
104,533,174,13,2024-10-18,Customer changed mind,Approved,3460.77,Pamela Garcia,Answer require board reveal dinner.
105,736,415,86,2025-03-31,Wrong item,Approved,4058.58,Richard Beard,Brother positive address recently all.
106,500,414,48,2025-02-15,Wrong item,Approved,841.85,Jesse Nelson,Station television something.
107,1233,131,13,2025-08-05,Wrong item,Pending,1602.98,Jesse Kennedy,Seat single fear age job without.
108,51,429,3,2025-12-21,Defective product,Approved,529.47,James Berry,Food hard listen star.
109,689,341,18,2026-02-09,Customer changed mind,Rejected,2396.51,Karl Parker,Half job century bit rate stay conference.
110,1389,150,89,2024-10-19,Wrong item,Rejected,2929.82,Cindy Mack,Tend series world free pattern.
111,1258,91,85,2025-04-24,Wrong item,Approved,260.58,Steven Vargas,News dinner real property.
112,472,414,10,2026-07-17,Defective product,Rejected,1222.79,Kathryn Cannon,Especially east person pick event born name always.
113,1393,247,61,2025-06-24,Defective product,Pending,4272.49,Francisco Bell,Collection hair commercial benefit say.
114,34,54,75,2026-02-03,Customer changed mind,Approved,749.55,Rachel Franklin DDS,But put should air result.
115,1134,210,48,2024-09-16,Wrong item,Pending,2237.12,Christine Cole,Matter us happy herself account blood.
116,214,116,56,2025-05-04,Defective product,Pending,2142.9,Arthur Reyes,Civil strong operation note.
117,16,182,47,2024-12-15,Customer changed mind,Pending,3367.57,Stephanie Williams,Soldier south fact it speech agent more man.
118,811,96,39,2026-03-14,Wrong item,Approved,4021.92,Manuel Nichols,Drug moment smile glass institution dark.
119,410,192,68,2026-07-21,Damaged product,Approved,4321.92,Andrew Petersen,Reality hair require world newspaper.
120,456,492,64,2026-05-06,Damaged product,Pending,2935.08,Pam Steele,Avoid claim him hot rest collection.
121,1069,45,58,2024-08-30,Damaged product,Approved,4730.82,David Spence,Head nice benefit.
122,786,243,27,2024-10-31,Defective product,Pending,4190.1,David Rogers,Wear scene scientist here about.
123,1495,106,37,2025-09-30,Customer changed mind,Pending,2980.06,Lori West,Certain response up hospital message exactly structure.
124,461,74,10,2025-04-18,Customer changed mind,Rejected,194.8,Jillian Castro,Store marriage keep business school go.
125,44,261,78,2026-07-08,Customer changed mind,Pending,4240.64,Jessica Stevens,Strong past piece.
126,568,461,26,2026-05-17,Customer changed mind,Approved,1023.16,Nicholas White,Choice which of conference.
127,1448,325,94,2024-10-31,Defective product,Approved,1236.1,Julia Contreras,Television most meet instead democratic teacher speak.
128,1031,297,56,2024-09-04,Customer changed mind,Pending,4775.11,Michelle Moody,Back couple past politics get resource drop.
129,413,362,61,2025-11-14,Defective product,Rejected,4845.34,Jessica Vega,Know author check.
130,434,351,81,2026-07-12,Damaged product,Rejected,1920.97,Jeff Simpson,Southern lawyer environmental memory.
131,1060,105,20,2025-06-21,Defective product,Pending,2698.82,Ashley Scott,Sound commercial probably enjoy.
132,865,446,84,2026-07-01,Customer changed mind,Approved,2970.85,Elizabeth Castro,Themselves paper us response investment protect.
133,386,141,60,2025-06-08,Wrong item,Pending,4656.36,Jennifer Campbell,Item itself every including improve.
134,686,321,6,2024-12-19,Damaged product,Pending,2369.23,Sally Espinoza,Human senior public financial few despite.
135,916,60,89,2024-11-12,Defective product,Rejected,4083.57,Christine Gonzales,College wide resource worry hotel.
136,207,466,17,2025-11-03,Customer changed mind,Approved,2354.78,Jessica Wong,Pull memory apply after station.
137,843,267,92,2025-09-30,Wrong item,Rejected,1673.66,Deborah Potter,Sense close friend career sure I.
138,1414,239,12,2024-11-30,Wrong item,Rejected,4396.1,Daniel Cross,Know year analysis the.
139,857,383,86,2025-08-26,Damaged product,Rejected,2975.4,Robert Barrera,Charge quickly blue lead soldier language couple.
140,627,149,62,2025-12-11,Defective product,Approved,861.51,Vanessa Benitez,Current edge positive provide professional thank.
141,248,226,26,2024-12-15,Defective product,Rejected,2308.11,Joshua Price,Owner serve way different offer.
142,745,98,60,2026-04-18,Damaged product,Approved,4170.22,Edwin Cooper,Enjoy suffer main speech.
143,973,30,7,2025-10-19,Damaged product,Pending,2910.94,Marvin Miller,Full remain election size push difference read message.
144,224,398,60,2024-12-18,Customer changed mind,Rejected,4666.67,Kevin Bailey,Smile travel nature maybe week listen.
145,1261,24,84,2025-12-09,Damaged product,Approved,4971.85,Catherine Patterson,Establish poor prove road school now unit.
146,95,45,51,2026-04-04,Defective product,Rejected,606.96,Amanda Collier PhD,Already experience two concern defense own personal.
147,253,390,42,2026-03-26,Customer changed mind,Pending,4400.99,Wendy Dougherty MD,Include sign feel medical threat.
148,1464,331,71,2026-01-12,Defective product,Approved,2747.03,Marilyn Young,Time turn civil simple just mother admit recent.
149,25,185,80,2024-11-16,Wrong item,Rejected,4474.9,Valerie Bush,Red market cut word two play machine.
150,1495,356,58,2025-07-30,Customer changed mind,Pending,3618.29,Mark Chapman,Job record crime rise theory partner standard over.
151,60,73,91,2025-05-07,Customer changed mind,Pending,4808.5,Alexander Tran,Next age food place onto hotel.
152,899,367,100,2025-07-14,Wrong item,Approved,1488.64,Erin Miles,Contain per season total.
153,550,75,39,2025-10-27,Wrong item,Approved,4639.32,Christopher Wong,Quality real week draw.
154,614,171,94,2024-12-23,Defective product,Pending,4834.56,Jeff Greene,Usually say walk tell include husband generation.
155,937,473,100,2026-03-24,Customer changed mind,Rejected,3739.72,Michelle Ruiz,Operation send test read anyone address project.
156,27,9,76,2026-07-12,Wrong item,Rejected,1386.75,James Carroll,Represent force list fire day necessary.
157,197,342,77,2025-12-11,Defective product,Approved,189.64,Joel Dawson,Half receive pick them participant.
158,1062,122,22,2026-01-05,Defective product,Approved,4374.01,Jennifer Lee,Risk meeting another wind on.
159,421,291,100,2025-05-22,Customer changed mind,Approved,3755.15,Julie Hodge,Bad scientist include.
160,518,223,36,2026-04-22,Defective product,Rejected,4783.02,Philip Fuller,Deep affect if poor public model public.
161,182,440,97,2026-01-01,Wrong item,Pending,290.78,Lori Rangel,Crime gas suddenly life pattern decision military.
162,1482,346,51,2025-09-07,Damaged product,Rejected,148.92,Jessica Gonzalez,Tree trouble nearly visit support garden.
163,700,292,42,2026-05-23,Wrong item,Pending,4096.37,Brenda Johnson,Despite third yet finally.
164,1253,492,29,2025-05-31,Wrong item,Approved,378.99,Teresa Miller,Major history raise he.
165,1198,217,47,2025-09-05,Wrong item,Pending,3146.51,Jane Ayers,Impact smile item building other sit.
166,845,172,65,2025-12-22,Damaged product,Approved,1662.48,Jacob Reeves,Dream give woman painting.
167,699,95,98,2026-01-23,Defective product,Approved,3819.65,Brandon Owens,Sign president none serve player address sound.
168,957,47,67,2025-08-12,Damaged product,Pending,1716.01,Mary Strong,Sure actually some today southern tell.
169,765,409,78,2025-12-17,Defective product,Approved,790.87,Kaitlin Moore,Player whether mother house.
170,1370,96,59,2026-01-23,Wrong item,Approved,569.75,Mr. Samuel Smith MD,Hear save fine guess.
171,1193,151,47,2026-06-29,Customer changed mind,Approved,738.36,Amanda Raymond,Nature feel election return management camera quality.
172,49,441,55,2026-06-14,Customer changed mind,Approved,2771.31,Lauren Adams,Certain life spend western entire.
173,464,69,40,2026-05-06,Damaged product,Rejected,2576.03,Donald Adams,Car road born suddenly effort us.
174,916,275,40,2025-05-12,Defective product,Approved,1665.38,Timothy Wilson,Big magazine pick hospital.
175,1366,149,94,2026-04-29,Wrong item,Approved,2983.39,Andrea Smith,Place north whatever camera.
176,1322,48,39,2025-04-06,Wrong item,Approved,4696.95,Jimmy Williams,Evidence though relate indeed office door.
177,123,206,52,2025-04-15,Defective product,Rejected,2590.3,Theresa Friedman,Agent imagine ten shake recognize.
178,1110,27,11,2024-09-10,Damaged product,Rejected,4865.71,Zachary Rios,Tv begin several series office evening majority.
179,357,318,50,2024-09-22,Damaged product,Approved,1471.28,Aaron Macias,Well their general rather charge.
180,819,247,28,2025-09-05,Wrong item,Approved,4583.1,Rachel Norton,Early population reason own.
181,1172,166,31,2025-04-16,Damaged product,Pending,4190.62,Stephanie Bender,Hot spring factor relate walk air politics.
182,620,32,78,2026-04-22,Defective product,Pending,2770.34,Stephanie Waters,Yourself bed give measure.
183,229,55,4,2025-10-29,Customer changed mind,Approved,1072.83,Mrs. Donna Fisher,Provide black contain house page fact point.
184,105,238,25,2025-05-13,Wrong item,Rejected,554.1,Michelle Rivera,Edge word however brother fill point heavy style.
185,1068,427,26,2025-03-27,Wrong item,Approved,3888.4,Lori Moore,Agree to power at daughter.
186,1498,41,52,2024-09-29,Damaged product,Rejected,403.85,Samuel Brown,Whether former growth force market.
187,1255,450,40,2025-05-02,Wrong item,Approved,901.93,Alyssa May,Choice mean term relate.
188,1112,476,37,2025-03-07,Wrong item,Pending,4804.02,Dominique Sanchez,Develop spring sport tend whom behavior rather.
189,849,266,92,2026-02-05,Customer changed mind,Rejected,2214.72,Nicholas Fox,Language notice way put any population.
190,796,7,24,2026-03-31,Damaged product,Rejected,1928.58,Anthony Richardson,Sort first particular.
191,1212,395,19,2026-03-13,Damaged product,Approved,1960.51,Kayla Parker,Special thousand hospital daughter.
192,577,484,18,2024-11-15,Damaged product,Rejected,3517.09,Jonathan Cline,He board finally exist program wait only.
193,794,8,81,2024-10-01,Wrong item,Approved,2791.28,Lynn Gordon,Heart before cup woman room class.
194,1385,28,65,2026-05-03,Defective product,Rejected,4551.93,Travis Sullivan,Some region first author exactly.
195,820,21,12,2025-08-25,Wrong item,Pending,954.73,Kelly Barker,Option policy us drug.
196,1036,97,6,2026-03-08,Defective product,Rejected,3148.29,Holly Swanson,Choice national table issue.
197,1020,387,25,2025-09-12,Damaged product,Approved,3372.89,Evelyn Moses,Spend tell though upon kid hospital course.
198,434,149,22,2024-12-13,Damaged product,Approved,1065.41,Julie Harrison,Leader close laugh range week green game.
199,612,233,76,2026-02-08,Defective product,Pending,3561.85,Manuel Hebert,Require reduce majority shake then.
200,638,182,100,2025-11-30,Defective product,Rejected,2211.38,Gregory Sandoval,Stay marriage save message technology stock soldier then.
201,1225,234,49,2026-01-31,Defective product,Pending,4553.42,Bryan York,Position court dark over again.
202,1288,140,81,2026-06-27,Damaged product,Rejected,2981.3,Jacob Bryant,Exactly religious name article.
203,567,487,1,2026-05-17,Defective product,Approved,2201.83,Jacqueline Thompson,Tv remember modern shoulder remain discussion several produce.
204,414,227,5,2025-02-01,Defective product,Pending,2472.81,Ashley Watkins,The and whole he professor.
205,1305,415,1,2025-03-10,Customer changed mind,Rejected,3609.62,Sarah Espinoza,Would well explain role change.
206,807,188,87,2025-09-02,Defective product,Pending,4547.77,Ryan Carter,Region his do ability majority.
207,1396,112,39,2025-03-07,Customer changed mind,Pending,539.18,Brian Kramer,Exactly country glass.
208,447,354,25,2024-09-20,Defective product,Rejected,4293.16,Sonya Robbins,Small identify memory them very.
209,634,452,80,2026-04-21,Defective product,Pending,217.64,Tanya Golden,Point of help stage.
210,221,199,71,2025-01-24,Wrong item,Rejected,1025.73,Samuel Flores,Population black whatever election behavior senior recently.
211,605,100,90,2025-04-12,Customer changed mind,Approved,858.48,Melissa Hudson,Front do assume able policy seven.
212,903,460,43,2025-11-03,Damaged product,Pending,3344.67,John Mcmahon,Natural today fact certainly receive type.
213,181,474,89,2025-09-18,Defective product,Pending,3699.07,John Jackson,Various surface medical gun this too specific.
214,398,449,72,2025-09-19,Damaged product,Pending,2050.94,Stephen Jimenez,Point spring art former onto.
215,419,202,54,2026-01-16,Damaged product,Approved,4113.96,Stanley Lopez,Rise either reflect least spend certain.
216,332,255,98,2025-07-13,Defective product,Approved,1621.24,Ryan Powell,Increase toward federal lay.
217,840,159,97,2025-12-14,Customer changed mind,Pending,1851.38,Alexander Curtis,Response against half real activity.
218,346,403,79,2024-11-05,Customer changed mind,Pending,4826.49,Ashley Mitchell,Business special push indeed.
219,403,395,63,2024-11-30,Customer changed mind,Rejected,4772.96,Ms. Mary Lawson,Take energy start number glass pick data available.
220,562,175,70,2025-10-02,Damaged product,Rejected,1166.78,William Torres,Interest six suddenly begin middle gas.
221,93,338,28,2025-08-11,Damaged product,Pending,216.08,Timothy White,Others two tell.
222,1421,181,23,2026-04-11,Wrong item,Pending,1396.45,Patricia Reyes,How guess quite perhaps card perhaps the.
223,216,492,34,2026-07-26,Damaged product,Approved,948.18,Jody Webb,People information history late least couple.
224,832,480,19,2024-11-01,Damaged product,Approved,3900.0,Debbie Miller,State without either owner force now.
225,64,290,82,2025-07-22,Damaged product,Approved,2724.77,Elizabeth Olson,Night pay second weight social voice movie prove.
226,1413,192,17,2025-11-12,Wrong item,Rejected,3600.54,Joseph Boyd,Others cover hundred.
227,1494,484,87,2026-07-16,Damaged product,Approved,1739.36,Kimberly Norton,Offer difference series upon soldier machine guy.
228,1323,415,68,2026-03-30,Defective product,Rejected,4209.04,Maxwell Martinez,Number politics instead Congress smile position dinner.
229,283,42,17,2026-05-09,Wrong item,Rejected,2690.62,Jill Valdez,House Mr other method realize figure such.
230,1272,487,69,2025-12-27,Damaged product,Approved,4658.09,Lisa Garza MD,Model today look soldier recognize.
231,1105,2,48,2024-10-25,Damaged product,Rejected,1468.0,Shane Hamilton,Parent education theory city ability.
232,255,41,53,2026-06-18,Customer changed mind,Rejected,4715.55,Reginald Ryan,Able chair air.
233,306,470,73,2025-11-14,Customer changed mind,Pending,1731.52,Dustin Alvarado,Phone sing pressure PM head understand population spend.
234,1418,364,80,2025-09-26,Wrong item,Approved,1665.82,Donald Taylor,Generation effort report their.
235,575,132,28,2024-10-10,Damaged product,Rejected,2353.31,Victoria Perez,Improve animal head much.
236,512,156,87,2025-02-12,Damaged product,Pending,3353.93,Christopher Sherman,Of human anything little along including force.
237,546,138,99,2024-12-16,Damaged product,Approved,2022.46,Karen Jackson,Bag his still bank too life.
238,366,216,94,2024-10-24,Defective product,Approved,4410.93,Ashley Stewart,Top no four beat support reflect line president.
239,735,363,63,2025-08-09,Customer changed mind,Pending,2815.07,Sharon Jones,Hundred dog learn water newspaper.
240,441,168,29,2025-02-12,Damaged product,Rejected,3746.23,Brett Dickson,Camera Democrat society whom week.
241,248,21,45,2026-06-19,Wrong item,Pending,4034.54,Dawn Oconnor,Likely effort produce fight drug military final.
242,808,396,80,2025-12-19,Defective product,Pending,400.66,Susan Cooper,Republican myself fact watch television feel phone.
243,1154,431,27,2025-10-23,Defective product,Rejected,2323.9,David Tran,How material beautiful put capital.
244,476,315,33,2025-05-22,Customer changed mind,Pending,1114.36,Daniel Montoya,Door best about like lead it.
245,1484,409,30,2025-06-14,Damaged product,Rejected,3938.74,James Jacobs,Director example budget product.
246,851,464,88,2024-09-03,Damaged product,Pending,3599.29,Maria Mckay,Reveal old generation.
247,1313,159,8,2025-09-29,Customer changed mind,Approved,770.97,Jonathan Graham,Individual poor summer hear visit.
248,1440,228,86,2026-03-13,Customer changed mind,Rejected,4676.12,Samuel Collins,Point serve democratic senior sound know.
249,468,186,10,2026-05-23,Wrong item,Rejected,2872.85,Rebecca Scott,Gun health product.
250,167,189,66,2026-05-08,Customer changed mind,Rejected,66.54,Jason Villegas,Social live break say.
251,888,198,31,2026-04-04,Damaged product,Pending,4621.94,Matthew Johnson,Mind discussion medical manager hospital plan.
252,628,346,64,2024-10-08,Damaged product,Pending,1582.04,Amy Morgan,Yeah toward model father.
253,1411,373,25,2024-12-20,Defective product,Pending,4656.11,Melissa Greene,Party woman realize let.
254,488,275,8,2024-10-12,Defective product,Rejected,1012.4,Jill Dean,Education without east way democratic approach daughter indeed.
255,141,387,39,2025-04-20,Damaged product,Pending,1823.56,Mike Gallagher,Something rule bring participant some.
256,449,374,44,2025-05-24,Wrong item,Approved,1359.26,Michael Arnold,Including large center key new here.
257,1227,407,72,2024-11-30,Wrong item,Approved,4656.39,Leroy Ford,Seat a five coach newspaper executive.
258,1427,409,66,2024-08-18,Customer changed mind,Approved,1532.58,Meghan Medina,After hospital film maintain white teacher behavior.
259,209,454,56,2025-02-23,Customer changed mind,Pending,3405.86,Aaron Orozco,Reality yes remember with manager husband keep.
260,226,417,39,2026-06-03,Wrong item,Approved,4899.52,Tamara Wilson,Throw actually cost describe most can social.
261,928,50,13,2025-01-07,Defective product,Approved,1286.94,Jacob Johnson,Serve we cell decade red.
262,1371,164,2,2025-03-26,Defective product,Approved,4838.91,Selena Lee,Develop certain mind rich work always.
263,601,149,24,2026-03-16,Customer changed mind,Rejected,2891.87,Kenneth Graham,Including believe very wrong debate specific five.
264,536,228,47,2025-05-25,Customer changed mind,Pending,2245.63,Melinda Johnson,Son operation when stay.
265,350,22,49,2026-07-30,Customer changed mind,Pending,962.29,Charles Fowler,Cultural some trip upon phone.
266,314,388,18,2025-12-01,Defective product,Rejected,4446.63,Kaitlyn Farmer,Already red he fish.
267,724,83,100,2024-11-03,Wrong item,Approved,4117.09,Katherine Huang,Business decision alone meet fill.
268,657,450,84,2024-09-11,Customer changed mind,Approved,2366.26,Anna Castillo,Imagine see heart team.
269,778,53,53,2026-07-01,Damaged product,Pending,1634.74,Mary Scott,Sometimes health on doctor receive.
270,248,451,97,2026-06-23,Customer changed mind,Rejected,4468.97,Christopher Ruiz,Position better present answer edge daughter among.
271,845,53,55,2025-03-29,Wrong item,Rejected,4639.2,Sarah Craig,Better assume month smile or never to.
272,123,313,20,2024-09-16,Defective product,Approved,4601.75,Casey Reynolds,Finally successful right matter her future.
273,976,181,42,2026-03-15,Damaged product,Rejected,4204.59,Karen Henry,Us structure again seem main better.
274,37,148,91,2025-08-21,Customer changed mind,Rejected,4785.13,Lindsey David,Station majority move mean consider old.
275,1076,312,25,2026-06-16,Damaged product,Pending,934.45,Kelsey Olson,Scientist child sister behind.
276,301,305,49,2025-01-08,Wrong item,Pending,3305.05,Thomas Dougherty,Usually prepare stock technology light public.
277,496,102,84,2026-04-23,Damaged product,Rejected,1662.71,Kyle Richardson,Good town degree development.
278,1451,20,11,2026-01-28,Damaged product,Rejected,1732.46,Kelly Johnson,Note sing stop audience.
279,507,60,72,2024-12-11,Wrong item,Pending,4228.43,Mark Ross,Approach seat hundred.
280,617,299,54,2025-07-01,Customer changed mind,Rejected,2629.61,Debbie Banks,Level our including rise oil process.
281,1121,443,26,2026-01-04,Defective product,Approved,2492.09,Joseph Johnson,Husband knowledge pick against civil above him.
282,874,73,69,2024-11-10,Wrong item,Pending,2506.01,Denise Herrera,Life nice not economy point.
283,1210,382,21,2024-12-03,Defective product,Pending,1182.25,Raymond Hernandez,Trouble sell Democrat simple TV side once.
284,662,18,51,2026-04-21,Customer changed mind,Rejected,1398.15,Regina Juarez,Lose tough store leave magazine black different.
285,1212,38,4,2024-12-21,Defective product,Approved,2691.88,Jeffery Baker,Want bring area turn kitchen seat town.
286,576,138,10,2025-01-12,Wrong item,Rejected,3463.85,William Shaw,Decision always generation discover crime month in.
287,360,174,52,2025-07-24,Defective product,Rejected,3876.93,Amy Lopez,Without rest hair.
288,93,54,13,2025-02-06,Wrong item,Pending,1630.57,Maria Barry,Serve benefit not ok brother.
289,773,84,91,2026-05-27,Wrong item,Pending,488.8,Mary Stein,Where peace age end.
290,942,41,73,2026-02-02,Customer changed mind,Rejected,1807.31,Timothy Hernandez,Form necessary any himself decision answer.
291,560,170,23,2024-12-03,Defective product,Pending,3241.62,Patricia Cruz,Beat democratic society order.
292,111,419,54,2025-09-26,Defective product,Rejected,4608.36,Fernando Harrison,Majority remember I accept commercial.
293,458,228,76,2024-12-23,Customer changed mind,Rejected,1429.75,Shannon Olson,Lose animal everything everything sense at significant.
294,1163,430,66,2025-06-19,Wrong item,Approved,2435.48,Jacob Roy Jr.,Edge camera and who.
295,671,53,45,2026-02-26,Customer changed mind,Pending,3361.19,Ronald Payne,Data fill art trade people.
296,1051,446,89,2025-02-22,Customer changed mind,Rejected,85.13,Andrew Miller,Model stuff herself feel federal hour whether.
297,314,251,62,2026-07-08,Defective product,Approved,2360.13,Daniel Diaz,Question attention offer position management bank.
298,208,429,73,2026-01-13,Defective product,Pending,4021.17,Randy Rodriguez,Run these more quickly local.
299,814,270,5,2025-10-12,Wrong item,Rejected,935.86,Dana White,Hit let candidate who old.
300,1073,355,82,2025-07-16,Damaged product,Approved,1933.77,Courtney Roberts,She yard budget standard smile realize.
301,1085,47,39,2026-04-12,Customer changed mind,Rejected,1727.82,Jennifer Myers,Involve spend cultural need possible budget.
302,1467,416,32,2024-11-18,Damaged product,Approved,204.03,Timothy Garcia,Front wife base later season.
303,907,167,4,2025-08-22,Customer changed mind,Rejected,420.74,Theresa Chung,Day response compare film experience include drug.
304,68,87,71,2026-04-02,Wrong item,Pending,1361.07,Howard Williams,Phone power form pressure statement heavy several data.
305,849,276,9,2025-10-23,Customer changed mind,Approved,2483.95,Christina Davis,Outside tax scientist down sure.
306,457,277,68,2025-12-31,Wrong item,Approved,1820.56,Holly Taylor,Ago his single word but course case economic.
307,600,449,11,2024-09-26,Customer changed mind,Pending,4924.97,Ashley Day,Must grow fall student.
308,1159,488,14,2025-02-22,Customer changed mind,Pending,2056.63,Donald Hunter,Street leave risk participant.
309,1150,278,44,2024-08-31,Damaged product,Approved,306.87,Ricardo Santiago,Budget result our any.
310,1112,185,79,2025-08-08,Wrong item,Pending,3930.81,Mary Ryan,Design however and artist best.
311,1035,1,66,2025-12-14,Wrong item,Rejected,4552.81,Matthew Jenkins,Quality much among but simply.
312,704,393,76,2025-02-17,Damaged product,Rejected,328.49,Jamie Roy,Design way imagine debate.
313,1209,172,6,2025-06-30,Wrong item,Pending,2076.31,Christopher Webb,Performance score media.
314,839,461,53,2025-05-24,Wrong item,Approved,918.22,Zachary Davis,Bar sing cover local room simple.
315,108,100,4,2025-09-12,Damaged product,Pending,1298.63,Rachel Gonzales,Dark likely red participant.
316,1072,273,40,2025-09-16,Damaged product,Rejected,549.81,Michael Rivera,You management great individual court the charge.
317,326,384,3,2025-09-04,Customer changed mind,Pending,4327.65,Deborah Bullock,Network field rather build.
318,149,139,31,2025-01-07,Customer changed mind,Pending,3281.55,Julie Smith,Science human after plan audience.
319,1160,438,38,2024-08-22,Wrong item,Rejected,4855.62,Dawn Bradley,Subject indeed than work.
320,1341,342,78,2025-10-27,Damaged product,Rejected,3076.05,Jennifer Carney,Always family production education.
321,403,283,66,2025-02-25,Defective product,Pending,3535.82,Cynthia Myers,Loss professional necessary chair.
322,707,53,64,2026-02-18,Damaged product,Pending,3731.67,Melissa Elliott,Artist wide happy law child.
323,294,37,60,2026-07-02,Wrong item,Pending,601.05,Kevin Wolfe,Test arrive mention thank other shoulder remain.
324,221,251,24,2025-08-08,Wrong item,Pending,2885.66,Judith Cook,News member city kitchen daughter.
325,999,443,10,2025-07-23,Wrong item,Rejected,717.31,Jared Campbell,He organization executive.
326,771,340,32,2024-12-05,Defective product,Pending,99.08,Jose Copeland,Else safe behind quite road mission will.
327,583,407,36,2025-01-20,Defective product,Rejected,3161.87,Ashley Bennett,Information me tonight magazine.
328,778,448,32,2025-10-06,Customer changed mind,Approved,1761.88,David Pitts,Fall major onto compare call television.
329,837,363,56,2024-12-15,Damaged product,Rejected,2739.78,Megan Wilkerson,Medical attack important need fall myself.
330,948,375,28,2026-05-01,Wrong item,Rejected,3815.88,William Frey,Less person suddenly note get.
331,418,273,45,2025-06-15,Defective product,Approved,863.23,Ryan Mcdowell,Land arrive artist president.
332,677,495,45,2025-09-13,Defective product,Rejected,4552.04,Paul Spencer,Safe fast black employee network.
333,214,148,99,2024-11-19,Customer changed mind,Approved,2406.26,Brittany Wilson,May huge church visit.
334,1397,383,23,2025-11-22,Defective product,Approved,1639.31,Aaron Brown,Company remain manager bit pressure reduce.
335,459,332,8,2025-09-22,Wrong item,Rejected,1955.05,Wendy Morales,Tough compare good glass treat race us.
336,459,162,89,2025-07-14,Wrong item,Approved,3021.95,James Murray,Possible off tree push lot type likely cold.
337,1207,45,31,2024-11-11,Damaged product,Pending,4737.22,Megan Fox,Detail should weight compare.
338,642,50,28,2025-05-29,Defective product,Pending,2522.12,Michelle Marshall,Consider to just.
339,129,147,92,2026-03-22,Damaged product,Rejected,2370.86,Anna Wright,Consider project machine know sell once.
340,621,204,85,2025-09-18,Wrong item,Approved,640.7,Pamela Johnson,As national phone avoid.
341,1261,440,74,2025-04-30,Damaged product,Rejected,4621.91,Kathy Medina,Garden once analysis provide hour.
342,228,201,22,2025-11-27,Damaged product,Approved,4604.21,Claudia Riley,American follow build represent growth oil Mr.
343,585,381,44,2025-05-13,Damaged product,Approved,1635.16,Cheryl Young MD,Star address door industry.
344,1,232,100,2025-08-26,Customer changed mind,Approved,3404.89,Melvin Fitzpatrick,Again foreign kitchen smile score kitchen.
345,362,476,86,2025-09-28,Defective product,Pending,809.15,Mrs. Jessica Valdez,Later left part best maybe language.
346,394,32,97,2025-01-30,Defective product,Pending,4321.43,Travis Rodriguez,Everyone yet free simply side fast.
347,529,125,78,2024-08-22,Customer changed mind,Approved,2676.58,Erica Williams PhD,Glass factor thank simply because stock light.
348,1215,85,3,2026-03-20,Customer changed mind,Pending,2498.56,Amber Wolf,Away region respond never analysis then decision.
349,147,81,54,2026-02-09,Defective product,Pending,2212.58,Mark Garcia,Two spend lay west hold.
350,1474,57,99,2026-03-02,Wrong item,Pending,1876.6,Paul Phillips,Much recent you tough.
351,113,135,12,2025-04-07,Defective product,Approved,1030.5,Ana Miller,Include choose report list time travel.
352,1008,433,62,2024-12-09,Customer changed mind,Approved,970.7,Andrew Pena,Bring drug of read assume staff camera.
353,906,280,19,2026-03-18,Damaged product,Rejected,2792.2,Timothy Barber,Open spend off side.
354,1365,174,30,2025-05-09,Defective product,Rejected,317.62,Todd Williams,Let bring hair other.
355,98,486,96,2025-04-15,Damaged product,Approved,1287.94,Mariah Shields,Price option right miss across.
356,1186,253,20,2026-03-06,Wrong item,Rejected,3475.09,Cameron Padilla,Decade rich perform.
357,1091,279,15,2026-06-07,Wrong item,Rejected,3157.03,Bryan Haney,Fear three before far song method how.
358,1101,54,62,2026-06-21,Wrong item,Pending,1961.78,Amanda Burns,Economy phone expect member show.
359,1124,230,46,2026-04-19,Wrong item,Approved,4682.35,Felicia Young,Behavior hit per.
360,565,166,72,2025-05-22,Damaged product,Pending,2211.18,Stephen Smith,Expert range third treatment.
361,484,110,88,2026-06-11,Wrong item,Rejected,3754.71,Charles Campbell,Increase per magazine notice.
362,58,274,97,2026-05-08,Damaged product,Rejected,3767.44,Sandra Chapman,Activity around offer player laugh address.
363,1393,240,83,2025-07-19,Customer changed mind,Rejected,4578.86,Alexandria Ball,Too we rich office financial something.
364,1057,366,48,2025-06-19,Defective product,Pending,1065.24,Kent Williams,Organization nor involve home.
365,1405,438,96,2024-08-18,Damaged product,Rejected,3146.18,Pamela Boyd,Would street rise suddenly land.
366,1414,167,22,2025-01-14,Defective product,Rejected,4433.25,Kristi Johnston,Relationship material when.
367,945,98,84,2026-01-12,Customer changed mind,Pending,2383.75,Natasha Baxter,Field commercial decision many play.
368,285,291,34,2026-05-12,Wrong item,Approved,1410.22,Jacob Cook,Reality above black game.
369,984,433,40,2025-02-05,Damaged product,Rejected,784.02,Hector Brock,Student fast eat kind sign event.
370,45,166,97,2026-03-12,Wrong item,Rejected,2700.05,Robert Goodwin,Money policy there foreign.
371,959,404,17,2024-08-26,Customer changed mind,Approved,1788.33,Jennifer Spencer,Type film maybe wish.
372,672,138,31,2026-05-21,Customer changed mind,Approved,4019.93,Stephanie Morse,Condition speak wife surface as.
373,556,85,86,2025-05-19,Customer changed mind,Rejected,605.69,Paula Hall,Receive collection fill thank.
374,8,4,46,2025-07-04,Damaged product,Pending,2748.14,John Clark,Political green could long color.
375,1227,87,84,2025-03-03,Damaged product,Approved,1684.27,Shaun Tran,Later no especially policy raise three wall.
376,146,468,35,2025-01-30,Wrong item,Approved,842.24,Shawn Crawford,Forward Republican sea through area.
377,829,225,47,2026-07-21,Wrong item,Rejected,3185.09,Mackenzie Park,Play radio the represent accept.
378,588,487,12,2026-05-24,Damaged product,Approved,2101.74,John Turner,Person able then worker around pull generation.
379,592,411,14,2024-08-22,Wrong item,Pending,4565.74,Sarah Cross,Many shoulder who room participant into hand step.
380,677,102,84,2025-06-02,Damaged product,Rejected,3875.27,Heather Williams,Whose mean relationship for manager want.
381,507,72,97,2025-03-09,Customer changed mind,Approved,4149.59,Henry Summers,Executive get official skin across.
382,401,156,54,2024-08-25,Damaged product,Rejected,1062.86,John Brown,Town candidate cause air.
383,649,330,70,2025-06-10,Damaged product,Approved,4516.49,Laura Steele,There point toward.
384,941,171,73,2024-11-06,Damaged product,Pending,625.06,Jennifer Dawson,Myself know account read.
385,952,435,11,2024-10-13,Damaged product,Approved,2844.4,Morgan Campos,Save threat certainly.
386,999,481,78,2024-09-09,Customer changed mind,Approved,1264.0,Lori Edwards,The happen strategy clearly girl medical sort artist.
387,635,140,37,2025-03-31,Defective product,Rejected,1456.59,Martin Schwartz,Beautiful memory trouble the.
388,387,84,97,2026-01-04,Customer changed mind,Approved,4893.49,Morgan Barnes,Next enter team raise occur meeting finally.
389,12,109,71,2025-09-12,Defective product,Pending,935.29,Karen Benson,Control under popular public experience.
390,80,288,69,2026-02-14,Defective product,Approved,2083.0,Lisa Schwartz,Everybody soon special stay artist all.
391,1446,382,4,2024-10-17,Defective product,Rejected,3963.87,Andrew Hansen,Risk feeling evening book.
392,1477,96,36,2025-05-06,Defective product,Pending,1407.61,Ashley Robertson,Remain fire image week red.
393,211,87,4,2025-08-06,Wrong item,Pending,3883.84,Shawn Wilson,Hotel total ago later use local.
394,1262,32,82,2025-08-11,Customer changed mind,Pending,522.3,Christine Mcclure,Trouble despite PM learn natural girl ahead.
395,390,159,1,2026-04-02,Defective product,Approved,2387.69,Paul Riley,Late myself material condition soldier source ready.
396,926,131,19,2024-09-30,Customer changed mind,Approved,1575.77,Brittany Washington,Between standard talk national guess find evidence.
397,777,385,28,2025-06-11,Wrong item,Approved,694.78,Daniel Mason,Star add see learn past.
398,262,64,48,2026-08-01,Customer changed mind,Approved,4208.55,Tracy Sexton,Help meet performance owner accept plant within.
399,467,371,13,2024-09-28,Defective product,Approved,2101.38,Jason Lopez,Name himself since plan policy.
400,271,130,61,2025-11-04,Defective product,Approved,911.74,Julia York,Bed business degree relate.
401,429,169,3,2026-05-25,Defective product,Pending,1171.7,Logan Wise,Reveal nature while people.
402,305,211,98,2024-08-18,Customer changed mind,Pending,2378.16,Jason Perry,The administration allow must south process.
403,1384,437,11,2025-09-16,Customer changed mind,Rejected,1421.23,Chelsea Andrade,Accept everybody radio late bar agent beyond.
404,412,147,77,2026-06-28,Wrong item,Approved,843.42,Steven Brady,None today theory beyond above collection.
405,1242,356,58,2024-10-02,Defective product,Rejected,620.29,Christopher Johnson,After attention kid almost activity.
406,1451,111,81,2025-10-09,Wrong item,Approved,2588.67,Christian Brown,School analysis third home around top well have.
407,412,499,98,2025-06-20,Damaged product,Pending,1469.91,Jorge Moreno,Allow enough visit.
408,1358,405,4,2026-04-04,Defective product,Approved,761.27,Melissa Robertson,Avoid attack fear nature she cup.
409,1264,167,85,2024-09-07,Defective product,Pending,2063.32,Noah Vang,Once care manage nature remain store role.
410,453,147,11,2025-07-14,Damaged product,Approved,1311.47,Tracey Hunter,Skin television phone friend tough music.
411,276,252,52,2026-05-31,Wrong item,Approved,678.38,Melissa Anderson,Support argue just training.
412,209,253,70,2025-05-01,Customer changed mind,Pending,3293.95,Casey Miller,Sure room hospital full.
413,1001,128,13,2024-11-19,Wrong item,Pending,3238.15,Kenneth Wilson,Leader Congress decide election identify.
414,651,98,84,2025-04-30,Wrong item,Pending,794.48,Carl Garner,Hit energy new game about security.
415,623,65,3,2026-01-25,Customer changed mind,Rejected,2692.22,Ms. Lisa Mcdaniel,Live before ready since treatment add easy.
416,1054,200,52,2024-10-08,Defective product,Pending,3877.86,Mr. Bradley Parrish,The culture guess accept president mission.
417,1283,118,52,2025-05-30,Wrong item,Pending,4880.85,Pamela Smith,Catch trouble let none but material.
418,981,239,93,2025-02-07,Customer changed mind,Rejected,2750.71,Christine Santiago,Morning risk yeah pick they describe lot.
419,1271,400,73,2025-11-20,Customer changed mind,Pending,4188.1,Gregory Duarte,Each difference amount per each.
420,1408,35,34,2026-01-12,Damaged product,Rejected,2885.06,Brianna Ward,Little ball type particularly.
421,1192,453,10,2024-11-08,Damaged product,Approved,688.31,Rachel Mcdaniel,Prevent leave sense speak tonight cultural hit shoulder.
422,519,343,39,2025-07-13,Damaged product,Pending,1965.78,Mrs. Lisa Henderson,Ahead read force tree television light.
423,830,401,5,2025-02-28,Wrong item,Pending,1378.53,Jill Casey,While with few day land.
424,1166,104,46,2025-11-09,Customer changed mind,Approved,2469.24,Amber Kennedy,Republican degree care value.
425,368,222,21,2026-04-19,Defective product,Approved,2440.36,James Powers,Language single occur poor environmental.
426,1103,14,47,2026-02-11,Defective product,Approved,1897.8,Brian Haley,Bill customer soon read always share improve.
427,627,356,74,2024-12-26,Wrong item,Rejected,1954.55,Robyn Church,Learn chance population provide how network they white.
428,883,175,37,2025-03-26,Wrong item,Approved,447.15,Jennifer Dickerson,Seven public stop author film rock line.
429,307,36,7,2026-04-02,Defective product,Rejected,569.44,John Mills,Popular both when site member maybe.
430,262,54,43,2025-06-02,Defective product,Pending,1197.31,Katie Richardson,Modern already each age.
431,390,287,85,2026-04-02,Damaged product,Pending,2008.65,Melissa Reese,Picture side fine protect toward improve response.
432,860,212,61,2024-11-17,Customer changed mind,Approved,1147.92,Ashley Salinas,Financial course smile political real seven interesting guess.
433,139,54,84,2026-08-09,Wrong item,Approved,3225.35,Amber Wiley,Free challenge fish who someone.
434,1206,459,1,2025-03-27,Customer changed mind,Pending,4602.95,Randy Owens,Walk form they represent position in health.
435,1207,125,12,2024-11-17,Customer changed mind,Pending,4538.04,Darrell Collins,Six cup far.
436,177,449,46,2026-03-13,Customer changed mind,Approved,1852.16,Donald Thomas,Unit traditional reason attack rate girl old.
437,1487,460,83,2026-07-08,Customer changed mind,Rejected,769.92,John Stark,Serve heavy along book loss.
438,1106,54,84,2025-08-01,Wrong item,Pending,935.1,Teresa Robinson,Right avoid condition.
439,493,315,48,2025-04-07,Customer changed mind,Rejected,949.23,Nicole Rojas,Three at nature would result position.
440,1030,472,80,2025-02-13,Defective product,Rejected,4565.86,Mary Gray,Increase order must people moment subject.
441,844,49,44,2025-05-03,Damaged product,Pending,301.71,Eric Garcia,Campaign family strong real.
442,1426,155,39,2024-10-25,Wrong item,Rejected,316.93,David Rhodes Jr.,Risk bill pressure huge couple job anything dark.
443,19,435,35,2026-05-06,Wrong item,Pending,4593.42,Christine Bowman,Present crime only television cup.
444,730,353,8,2026-03-24,Wrong item,Approved,1373.54,Martin Santana,Similar character brother this tonight manage player director.
445,264,452,51,2025-12-01,Customer changed mind,Approved,2090.79,Alicia Ellis,Prepare able couple answer alone.
446,1071,211,23,2025-11-12,Customer changed mind,Pending,2563.65,Jody Thompson,Full art decade.
447,230,212,83,2026-08-03,Defective product,Approved,1449.48,Sean Gallagher,See heart true truth nor financial.
448,532,251,27,2026-02-21,Defective product,Approved,4959.88,Dwayne Hill,Notice various question recent.
449,1389,408,83,2026-06-12,Customer changed mind,Approved,4863.27,Manuel Rodriguez,One far number decade various kid.
450,46,368,97,2026-01-07,Damaged product,Rejected,771.09,Ryan Cox,Trade memory less require past so idea.
451,375,348,57,2026-04-22,Customer changed mind,Approved,3778.69,Lynn Taylor,Five represent consumer gun house.
452,777,337,25,2025-05-20,Defective product,Approved,273.44,Jacqueline Cooper,Rich live do serious reality save training training.
453,728,474,58,2025-09-25,Wrong item,Pending,1897.64,Cynthia Clay,Prevent staff party.
454,492,13,91,2026-08-04,Customer changed mind,Pending,4905.24,Patrick Nguyen MD,Notice analysis stock between free boy board.
455,1450,132,27,2025-07-11,Wrong item,Rejected,2160.26,Diane Lozano DDS,Gun off international pattern.
456,1237,275,84,2026-03-05,Customer changed mind,Rejected,4287.27,Leslie Mcgee,Son wonder record.
457,779,336,39,2026-05-10,Wrong item,Pending,2200.48,Courtney Riggs,Himself thing able heavy tend human.
458,279,106,51,2026-07-25,Wrong item,Approved,2545.68,Nicole Williams,Ready act smile of season television.
459,1050,385,75,2025-03-11,Defective product,Approved,599.35,Ryan Ramirez,Evening pay threat turn drop approach.
460,1029,407,83,2025-03-15,Customer changed mind,Rejected,3974.33,James Cole,Summer inside thought including.
461,893,171,7,2025-04-16,Damaged product,Rejected,3684.16,Teresa Black,Surface policy worry quality certainly.
462,792,408,2,2025-11-14,Damaged product,Approved,1515.09,Keith Carpenter,Create visit wife pass stock age.
463,1014,291,76,2026-03-16,Damaged product,Rejected,4214.05,Brent Collins,Nearly south investment individual.
464,329,303,90,2026-07-02,Damaged product,Pending,2679.67,Amy King,Radio remain individual chair speak argue rock.
465,381,424,66,2025-05-18,Defective product,Pending,4776.2,Sarah Turner,Off authority forward head arrive enter process require.
466,463,5,78,2024-12-06,Defective product,Pending,775.71,Bradley Rivera,Seven write field benefit.
467,295,299,72,2024-12-13,Wrong item,Pending,1862.11,Nicole Ford,Knowledge evening south.
468,391,280,15,2025-07-29,Wrong item,Rejected,3849.4,Jennifer Allen,Wonder three get class safe.
469,527,193,13,2025-11-24,Defective product,Pending,4768.2,Scott Graves,Air large toward before.
470,611,400,93,2025-04-25,Wrong item,Rejected,65.63,Yvonne Rodriguez,Movie down in pattern.
471,146,450,44,2025-07-02,Wrong item,Approved,3405.71,Kevin Carter,Already spend born bit just matter.
472,161,68,18,2026-07-14,Wrong item,Rejected,3528.63,Ralph Moore,Particular space president truth me economy.
473,758,326,82,2024-08-30,Customer changed mind,Pending,283.79,Kelly Williams,Consumer money size deal.
474,1152,299,88,2025-12-14,Customer changed mind,Pending,3389.91,Juan Woods,Bit table idea rock.
475,288,424,79,2024-08-28,Wrong item,Approved,4338.47,Taylor Santiago,Part key kind peace but bank me south.
476,1253,270,71,2026-03-08,Damaged product,Rejected,3828.48,Matthew Smith,Cover magazine beat.
477,295,478,69,2026-05-19,Damaged product,Approved,669.46,Kristina Thompson,Husband always return administration subject common.
478,695,100,85,2025-07-11,Damaged product,Approved,4520.22,Joseph Mueller,Whatever require prevent lawyer available.
479,83,15,31,2026-06-20,Wrong item,Pending,3881.32,Jennifer Padilla,American yet authority rise find something according American.
480,888,70,94,2026-02-22,Customer changed mind,Rejected,4894.97,Mr. John Black,Employee garden your whom serve.
481,598,203,19,2024-08-25,Damaged product,Rejected,992.71,Benjamin Morrison,Turn world nice building until behind.
482,248,202,92,2025-03-19,Customer changed mind,Rejected,3136.46,Lisa Garrett,Capital seven although remain environmental officer half car.
483,1205,193,16,2025-11-03,Damaged product,Rejected,2219.75,Benjamin Morrison,Produce character everything care.
484,30,499,88,2026-04-21,Customer changed mind,Rejected,441.18,Zachary Daniel,Anything able law door lot know.
485,324,407,24,2025-12-05,Customer changed mind,Approved,1447.88,Dawn Rocha,Key even experience sense top yet night.
486,1082,206,39,2026-08-11,Defective product,Approved,1888.4,Barbara Lloyd,Individual office cover enjoy member name.
487,451,493,99,2026-01-11,Wrong item,Pending,3313.03,Daniel Rodgers,Against threat kid reality hour huge situation.
488,557,262,9,2025-09-04,Wrong item,Approved,1121.66,Timothy Schneider,With go must.
489,1441,16,88,2025-07-04,Customer changed mind,Rejected,604.17,Shari Evans,Different low modern dinner couple.
490,858,255,48,2026-02-24,Wrong item,Approved,4282.96,Luke Montgomery,Tax development west true west treat from.
491,1396,493,49,2026-06-12,Damaged product,Approved,3909.38,Brian Vasquez,Particularly during loss rule until TV reality.
492,1490,439,65,2025-03-19,Customer changed mind,Pending,2885.76,Michelle Sullivan,Career risk evidence buy.
493,735,66,5,2026-04-04,Damaged product,Rejected,4892.62,Bryce Lawson,Sit catch market food general.
494,589,35,22,2025-08-03,Damaged product,Rejected,4945.51,Tommy Parks,Next various property some bad meet spend.
495,1043,397,71,2025-10-14,Customer changed mind,Rejected,3908.71,Mary Stevens,Accept suggest because rock their.
496,812,236,13,2025-03-21,Defective product,Approved,888.27,Emily Hill,Human subject necessary trade quality consumer.
497,334,457,87,2025-03-22,Defective product,Pending,627.49,Tiffany Page,I will police local.
498,583,24,17,2025-07-03,Damaged product,Approved,4803.15,Maria Cisneros,Black cause often budget anyone plant.
499,1,245,68,2026-02-19,Defective product,Pending,315.89,Ronnie Smith,Physical action two meet civil assume month.
500,1330,159,35,2025-07-28,Customer changed mind,Approved,4808.81,Bob Hill,Ball bit hear newspaper involve.
501,1065,286,29,2026-01-13,Damaged product,Approved,3102.49,Morgan Wilson,Street be run anyone guy himself officer.
502,1373,365,21,2025-09-24,Customer changed mind,Rejected,3813.47,Abigail Solis,Mission through professor smile require station prevent.
503,920,300,60,2026-08-02,Damaged product,Pending,1885.56,Natasha Roman,Media own money machine arm.
504,427,157,29,2024-08-21,Customer changed mind,Rejected,2008.75,David Myers,Business food live service.
505,930,88,64,2026-07-03,Damaged product,Rejected,2787.08,Christine Murphy,Possible yard become rock team.
506,277,159,48,2026-07-11,Damaged product,Rejected,4877.34,Anthony Warren,Challenge nation charge plant director person resource beat.
507,764,290,15,2026-08-05,Wrong item,Pending,1432.94,Heidi Gonzalez,Score quite anyone animal.
508,56,386,27,2025-06-14,Defective product,Approved,3861.07,Sheena Armstrong,Half allow as up threat view law.
509,263,492,59,2026-05-12,Wrong item,Pending,811.3,Mr. Todd Spencer,Group factor force all glass.
510,588,164,90,2026-04-05,Wrong item,Pending,3863.97,Andrea Norton,I need ability reality turn hotel public.
511,1228,301,50,2024-08-30,Damaged product,Rejected,3775.44,Katie Guerrero,Reveal suddenly beautiful dark near visit.
512,152,142,15,2025-05-02,Customer changed mind,Approved,2932.55,Stephanie Gonzalez,Ten PM Mr.
513,472,344,12,2024-09-23,Customer changed mind,Approved,1912.99,Amy Snyder,Magazine theory individual away body watch administration heart.
514,162,84,47,2024-12-08,Customer changed mind,Pending,2577.32,George Bradley,History space little three when debate decade player.
515,315,342,24,2025-09-02,Customer changed mind,Pending,2782.91,Daniel Guzman,Production Mr kid performance direction painting.
516,333,390,22,2026-03-03,Defective product,Pending,4463.1,Angelica Knox,Public thousand race member buy blue write.
517,734,379,65,2026-07-09,Wrong item,Approved,3980.11,Victoria Cohen,Value necessary begin partner clearly.
518,1146,37,46,2025-02-08,Wrong item,Rejected,2166.95,Tammy Morrow,Compare black mother push college.
519,205,456,7,2024-08-22,Damaged product,Approved,1032.59,Dustin Tran,From while wish say speech happy increase medical.
520,410,100,15,2025-01-24,Wrong item,Pending,596.99,Michelle Golden,Property really worry oil.
521,573,168,99,2025-08-08,Customer changed mind,Approved,4119.01,Denise Brewer,Pm plan official building.
522,99,482,41,2026-03-06,Defective product,Pending,3912.98,Maria Cole,Alone project maintain help represent.
523,397,402,55,2026-07-11,Customer changed mind,Rejected,3222.11,Zachary Hubbard,Price still itself.
524,193,423,18,2026-06-27,Wrong item,Approved,1169.01,Joseph Burns,Late street blue artist inside happen.
525,796,93,71,2026-04-19,Damaged product,Approved,156.79,Mark Smith,Not experience contain toward.
526,1203,216,25,2024-10-21,Defective product,Pending,1181.73,Autumn Vega,Quite night identify poor history agent certain song.
527,1161,310,62,2025-06-29,Damaged product,Rejected,3456.71,Tracy Levy,Visit law Congress term from.
528,287,317,64,2024-11-27,Wrong item,Pending,3549.48,Jose Garza,Education southern when century.
529,1000,116,96,2025-11-27,Damaged product,Approved,484.77,Dale Hodges,Short price draw because together case.
530,1219,219,75,2026-05-26,Damaged product,Approved,1566.98,Michael Fields,Loss standard term discover imagine special various.
531,573,64,85,2024-08-31,Wrong item,Pending,916.23,Heather Cole,Service beautiful understand player current Democrat either.
532,1188,306,28,2026-02-10,Damaged product,Rejected,2253.3,Latoya Bowman,Act work turn international place any eye.
533,1094,126,70,2025-12-08,Damaged product,Rejected,3039.65,Regina Collins,Scientist station buy represent lose enough.
534,358,340,75,2025-12-10,Wrong item,Pending,929.73,Ryan Barnes,Study left long fact idea much hope.
535,915,284,34,2026-01-29,Damaged product,Approved,3017.08,Erin Richardson,Bag much message career magazine.
536,82,464,81,2025-05-04,Wrong item,Rejected,830.42,Andrew Nguyen,Much hope ask religious remember black work.
537,1223,68,30,2025-10-18,Defective product,Rejected,4056.58,Kelly Miller,Feel myself indicate would plan poor traditional wind.
538,1273,83,86,2025-12-31,Damaged product,Pending,3124.23,Janice Morgan,National major play general official building various.
539,560,349,70,2024-12-31,Wrong item,Rejected,2407.51,Martin Kaufman,Serve dark while sure blue probably.
540,1250,123,75,2024-09-06,Wrong item,Rejected,4372.86,Misty Thomas,Everyone product politics guess stay policy responsibility.
541,1086,365,1,2026-03-29,Wrong item,Pending,475.82,Tara Hamilton DDS,Personal allow just door.
542,822,44,7,2025-02-22,Defective product,Approved,2449.35,Daniel Baker,Possible suddenly yeah page many tough smile.
543,1181,68,13,2026-04-30,Defective product,Pending,2499.1,Shannon Kim,Generation whole such candidate.
544,1190,390,56,2025-01-29,Defective product,Approved,834.29,Heather Strickland,Daughter interest else water big.
545,683,35,18,2025-07-06,Damaged product,Rejected,1023.86,Valerie Phillips,It grow foreign information.
546,441,448,16,2024-11-21,Customer changed mind,Approved,2668.57,Ashley Williams,Ahead bar yet actually social walk everybody responsibility.
547,1317,447,32,2025-08-19,Damaged product,Approved,2293.08,William Brandt,Reason open you vote suffer service.
548,711,363,48,2025-08-10,Wrong item,Pending,2536.88,Kathryn Barton,Include throughout about least.
549,779,50,50,2025-06-16,Wrong item,Pending,2178.51,Kimberly Butler,Important worry design that east audience because.
550,344,157,74,2025-04-16,Customer changed mind,Pending,2302.36,Jeffrey Friedman,Common eight me fire several scientist.
551,1168,187,83,2025-07-13,Wrong item,Rejected,649.09,Alejandro Palmer,Institution change school my.
552,1119,247,94,2026-06-17,Damaged product,Rejected,3127.61,Paul Smith,Ago staff box check mother personal.
553,400,198,73,2025-06-07,Damaged product,Approved,4803.17,Catherine Ferguson,Simply tonight walk form politics.
554,757,159,91,2025-01-03,Damaged product,Rejected,2759.46,Beth Burns,Really recent democratic trade worry leave.
555,1406,487,80,2025-10-31,Damaged product,Approved,2581.41,David Patterson,Between force modern author institution.
556,1084,171,67,2025-07-02,Customer changed mind,Approved,3700.22,Melissa Baker,Left participant middle technology foreign window.
557,385,164,96,2025-11-09,Customer changed mind,Pending,2992.75,Tiffany Brown,Minute professor family take situation.
558,706,136,98,2025-04-25,Damaged product,Approved,584.23,Michael Hopkins,He for admit tough perhaps.
559,378,287,49,2026-02-17,Customer changed mind,Rejected,1268.94,Elizabeth Mcintosh,Leg country thus picture less think.
560,1329,298,89,2024-08-25,Wrong item,Rejected,1871.84,Rodney Davis,Forget always left project population himself quickly.
561,521,395,47,2025-10-20,Wrong item,Pending,1261.71,Katie Bailey,Card likely affect site.
562,1065,114,58,2026-05-11,Wrong item,Rejected,954.17,Samuel Palmer,Shake management skill ago guy.
563,143,135,48,2024-08-29,Defective product,Rejected,4812.05,Bill Fox,Quite entire purpose charge send.
564,23,329,7,2026-05-30,Damaged product,Rejected,192.97,Craig Price,During relate her try friend nothing.
565,1492,384,40,2025-06-17,Damaged product,Approved,1818.23,Autumn Martinez,Ahead fill check response they.
566,561,158,5,2026-08-07,Damaged product,Approved,266.4,Felicia Moore,Health season doctor party never.
567,316,182,84,2025-07-20,Defective product,Approved,3776.06,Frank French,Car light material dream debate decade.
568,259,171,86,2024-09-17,Customer changed mind,Approved,1820.43,Jean Lynch,Run choose hard economic ask.
569,39,386,78,2025-11-07,Defective product,Pending,3547.43,Lawrence Perez,Growth order laugh interesting help something team.
570,869,290,85,2026-03-23,Damaged product,Pending,4053.14,Carrie Crawford,Last morning ever wrong.
571,238,297,100,2026-07-22,Wrong item,Rejected,2777.17,Mario Graham,Little clear lead kind.
572,369,264,90,2026-01-21,Defective product,Pending,1000.47,Suzanne Boyd,Week as leader song.
573,1455,229,80,2024-08-26,Wrong item,Rejected,1040.11,Eric Myers,Night bad civil than heart peace beat.
574,617,353,3,2025-11-05,Damaged product,Rejected,1830.54,Tammy Peterson,Feeling know choose none artist yourself it.
575,944,53,98,2025-03-18,Defective product,Rejected,1486.75,Bryce Baker,End five us agency stock left admit ten.
576,1057,125,1,2026-02-19,Wrong item,Approved,2436.31,Heather English,Man whose whatever stock goal far.
577,1132,252,47,2026-01-18,Wrong item,Rejected,4005.28,April Freeman,Financial quickly remain people sport year.
578,756,68,5,2025-01-04,Wrong item,Rejected,2766.0,Logan Russell,Between simple cut family design significant.
579,376,494,5,2024-11-11,Wrong item,Rejected,3830.38,Roger Johnson,Nation include finish radio never.
580,267,8,49,2026-05-21,Defective product,Pending,3218.55,Amanda Barr,Listen week land seven.
581,826,465,30,2025-09-27,Damaged product,Approved,3883.49,Matthew Wells,Cut enjoy decade unit event.
582,699,103,86,2026-03-18,Wrong item,Approved,1849.29,Jennifer Williams,Try major address audience alone.
583,1348,498,94,2025-10-08,Wrong item,Pending,4176.53,Richard Hill,Set probably hundred.
584,1411,230,9,2025-07-31,Customer changed mind,Pending,3880.96,Amanda Johnson,Good natural star account sure sister boy some.
585,178,298,58,2024-12-16,Wrong item,Approved,4491.5,Anthony Estrada MD,Couple Mrs mission administration financial trial.
586,98,379,77,2025-07-03,Defective product,Approved,1039.03,Krystal Chen,Eight fire beat between candidate boy.
587,1106,336,22,2026-05-27,Wrong item,Approved,715.94,Jennifer Pope,Student teach feeling create source group thought.
588,237,433,57,2026-03-08,Defective product,Rejected,372.01,Kristin Mahoney,Bar she apply share.
589,670,444,31,2025-02-21,Damaged product,Rejected,3231.44,Kevin Briggs,Table appear small fill.
590,246,50,70,2025-08-07,Defective product,Approved,3138.83,Mark James,Strategy here finally probably.
591,1442,102,47,2024-09-18,Customer changed mind,Pending,4384.91,Theresa Perez,Image memory final.
592,587,201,73,2025-01-05,Customer changed mind,Approved,2768.64,Kimberly Orozco,Cause clearly up environmental bank book work.
593,1361,195,42,2025-12-01,Defective product,Pending,810.85,Jacqueline Woods,Southern few evening he every born.
594,226,137,60,2025-04-06,Damaged product,Rejected,3208.25,Steve Ferguson,Establish bit treat.
595,340,135,92,2024-11-24,Damaged product,Rejected,1825.01,Carlos Todd,Say police meeting everyone ever together move.
596,955,415,57,2025-01-10,Wrong item,Pending,3990.67,Zachary Meadows,Short fast who both serve yourself.
597,560,282,85,2026-03-15,Defective product,Pending,2392.07,Theresa Moore,Time box term physical around from.
598,75,163,69,2025-01-10,Damaged product,Approved,131.56,Matthew Jimenez,Federal modern staff.
599,1038,424,28,2026-01-05,Wrong item,Rejected,2539.94,Philip Navarro,Since create national call lawyer.
600,1292,455,41,2025-03-11,Wrong item,Approved,4886.45,Jennifer Bell,Visit nothing later he computer site.
601,460,292,84,2026-06-27,Customer changed mind,Approved,599.58,Amy Larsen,Dinner get discover while wonder.
602,1352,53,87,2025-09-20,Damaged product,Rejected,1197.57,Michael Jones,Report drop view control ask to after.
603,740,201,44,2025-06-29,Defective product,Approved,2980.27,Donna Holland,Range throw social.
604,366,130,36,2025-07-02,Defective product,Approved,3979.9,Jeffrey Kelly,Season unit much also least practice.
605,376,359,62,2025-03-10,Damaged product,Approved,3115.53,Jeremy Crawford,Decision individual dark yet.
606,376,102,40,2026-02-15,Customer changed mind,Pending,3216.79,William Perez,From quite meet gun.
607,572,227,10,2025-04-02,Damaged product,Approved,3561.99,Eric Henderson,Church forward watch campaign.
608,1331,5,70,2026-08-12,Customer changed mind,Rejected,3138.08,Jennifer Stafford,Employee soon other.
609,556,41,10,2026-04-20,Damaged product,Pending,1577.98,William Kennedy,Move edge out cause work customer seven.
610,880,265,27,2026-05-15,Customer changed mind,Approved,2269.62,Hannah Richardson,Lose kid attorney true build painting large.
611,500,224,15,2026-03-17,Defective product,Approved,831.15,James Barnes,Keep boy will other sister.
612,1253,240,48,2026-05-23,Defective product,Rejected,2168.7,George Carter,Case heart economic impact fly.
613,770,178,89,2026-08-06,Defective product,Pending,4778.34,Danielle Jefferson,Record sing cup market.
614,734,91,84,2026-03-30,Customer changed mind,Pending,2622.74,Laura Hunt,Show after single surface toward director.
615,169,317,13,2026-02-14,Defective product,Pending,356.35,Samuel Mcdonald,Cold recent her force national threat various himself.
616,925,418,16,2024-11-15,Damaged product,Approved,3050.72,Justin Taylor,Discover back unit office consumer.
617,1449,52,37,2026-07-01,Defective product,Pending,3745.97,Kevin Shaw,Worry artist final amount again teacher.
618,777,85,67,2025-04-12,Defective product,Approved,4610.18,Jesse Nelson,Thousand send miss mind.
619,1289,459,75,2024-11-03,Customer changed mind,Approved,3092.6,Krystal Vasquez,True full your performance natural oil.
620,861,471,81,2026-01-16,Damaged product,Pending,3564.11,Steven Butler Jr.,During commercial series risk serve.
621,1469,74,84,2026-04-10,Wrong item,Rejected,702.61,Monica Moyer,Quite fund security tell catch green.
622,240,325,12,2025-03-30,Damaged product,Rejected,2171.37,Dylan Edwards,Ago campaign onto military cultural food.
623,821,113,51,2024-08-18,Customer changed mind,Pending,2581.69,Melissa Kelly,Church compare surface organization speak benefit.
624,701,1,12,2024-09-06,Customer changed mind,Rejected,1801.58,Andrew Levine,Pattern public son.
625,934,277,84,2026-02-02,Wrong item,Pending,891.25,Nicole Price,Measure school purpose score miss.
626,47,26,100,2025-12-05,Wrong item,Approved,1787.07,Donald Vaughn II,Bag south one visit would side.
627,1257,165,47,2026-03-07,Customer changed mind,Pending,786.53,Donald Day,Thing receive detail.
628,966,375,2,2025-09-01,Defective product,Rejected,2390.92,Robert Fowler,Since trouble party machine hour have.
629,781,494,26,2025-10-02,Damaged product,Approved,421.0,Nicholas Williams,Dinner lot him.
630,507,7,81,2025-10-31,Damaged product,Approved,2177.63,Laura Williams,Popular suddenly hit win yes see.
631,661,124,56,2024-11-09,Damaged product,Rejected,3674.15,Jessica Oliver,Standard sign whatever.
632,856,465,48,2025-07-20,Defective product,Rejected,3838.56,Shannon Brown,Write nearly street here region.
633,269,384,73,2024-11-13,Customer changed mind,Rejected,2536.76,Frank Cochran,While career ok see arm.
634,956,42,12,2025-10-09,Defective product,Pending,2733.86,Catherine Murray,Two just though themselves.
635,1217,332,16,2026-03-13,Customer changed mind,Approved,3656.75,Ashley Robinson,Responsibility can by ability foreign trade.
636,799,160,98,2025-03-13,Damaged product,Approved,2848.19,Clayton Arroyo,Here type strong cause.
637,71,352,54,2025-02-06,Damaged product,Pending,698.84,Jesse Perkins,Skill pattern specific parent carry cold.
638,945,198,32,2024-11-19,Wrong item,Rejected,4381.82,Anthony Wade,Price no great safe allow ready.
639,1055,421,10,2025-01-31,Damaged product,Pending,2801.01,Destiny Barton,Energy watch common authority always another.
640,1460,345,45,2026-03-04,Defective product,Rejected,4856.75,Tracy Wilkerson,Dark knowledge fund reflect out when majority mention.
641,492,26,45,2024-09-21,Wrong item,Approved,2947.98,Raymond Glass,Sometimes air human majority cup.
642,1227,76,95,2026-05-11,Customer changed mind,Approved,4635.98,Brianna Sharp,Poor impact skin happen.
643,739,160,72,2025-10-09,Defective product,Rejected,2993.63,Cristian Walter,Reveal television statement quality per say high would.
644,1,229,16,2025-09-20,Defective product,Rejected,1164.4,Neil Warren,Recently compare nor civil.
645,1135,178,50,2025-09-29,Customer changed mind,Approved,4021.58,Calvin Hall,Way security act choice central the focus opportunity.
646,1162,494,68,2026-05-20,Customer changed mind,Rejected,783.56,Terry Olson,Create indeed religious medical see record yeah.
647,568,86,18,2024-08-26,Defective product,Rejected,4877.07,Amanda Schroeder,Rate guess management before financial mother mind I.
648,890,324,75,2026-07-10,Wrong item,Pending,64.2,Sheryl Garza,Rise hundred rock rate thing.
649,1225,379,50,2025-10-27,Customer changed mind,Pending,312.16,Craig Woods,Able many although.
650,666,135,1,2026-04-29,Defective product,Pending,2363.34,Aaron Archer,State after concern value house maybe represent true.
651,462,157,17,2024-12-21,Damaged product,Rejected,3398.29,Keith Wright,Produce just laugh ok that type every.
652,801,211,69,2026-02-21,Customer changed mind,Pending,2049.29,Karen Thompson,Ability leave east go paper.
653,395,439,65,2025-04-25,Defective product,Pending,3534.02,Lindsey Green,Until design author first race wife spend.
654,979,283,64,2024-12-15,Defective product,Pending,1102.82,Jessica Everett,Daughter their theory source thing.
655,29,267,36,2024-09-01,Customer changed mind,Rejected,1455.52,Timothy Mora,Forget make answer join.
656,973,382,85,2026-07-16,Wrong item,Rejected,3194.06,Craig Rivas,Fast rest tough well now field.
657,941,78,86,2025-07-12,Damaged product,Pending,4799.57,Christopher Turner,Old bit nature simple detail.
658,1031,481,63,2025-09-29,Wrong item,Pending,2752.73,Jason Munoz,Join reduce I bar.
659,908,307,75,2025-12-15,Damaged product,Approved,1370.97,Spencer Bates,Factor when lead return pass become real voice.
660,591,282,21,2025-04-11,Wrong item,Rejected,4918.19,Meghan Lewis,What remember recently continue.
661,71,47,10,2025-08-12,Defective product,Approved,2256.15,Katrina Burch,Focus station save suffer share but economy professor.
662,301,279,22,2025-11-04,Defective product,Rejected,2048.03,Ryan Williams,Positive citizen could likely effort discussion.
663,1136,190,7,2026-08-12,Damaged product,Pending,4994.41,David Ward,Poor light exactly couple watch face green student.
664,313,254,26,2026-01-05,Customer changed mind,Approved,2515.44,Jennifer Lewis,Any east whole value ahead build benefit.
665,996,402,78,2024-08-22,Wrong item,Pending,1559.28,Denise Anderson,Dinner responsibility blue early.
666,948,350,52,2025-04-07,Wrong item,Pending,1800.95,Brent Anderson,Tell culture card bring herself may raise.
667,1344,196,75,2025-05-25,Wrong item,Approved,3449.77,Lindsey Taylor,Close house event so full if discover they.
668,1416,90,29,2024-12-17,Customer changed mind,Rejected,226.59,Steven Petersen,Walk Republican especially adult.
669,37,495,96,2026-03-24,Damaged product,Approved,1712.01,Matthew Garner,Threat early structure history over stop factor.
670,933,198,91,2026-06-17,Defective product,Pending,1876.17,Thomas Whitaker,Apply effect accept couple.
671,1252,119,67,2025-05-25,Customer changed mind,Rejected,3706.83,Stephen Knight Jr.,True likely professor little get become.
672,445,247,62,2025-01-15,Damaged product,Pending,2502.21,Dennis Pena,Either century attention.
673,275,327,1,2025-10-31,Customer changed mind,Approved,1449.95,Kevin Green,Return lawyer hope human certainly.
674,943,15,19,2025-03-30,Damaged product,Pending,2436.09,Jamie Cantu,Administration media relate when she property Democrat power.
675,729,417,56,2026-05-30,Wrong item,Rejected,4396.12,Donald Perkins,Difference fish for hotel.
676,1447,366,79,2025-11-17,Damaged product,Rejected,4450.3,Daniel Stuart,Heavy require tonight question large fall.
677,1299,238,91,2026-03-09,Damaged product,Rejected,1411.95,Alisha Bell,Play old six air free condition.
678,1211,404,26,2025-09-30,Defective product,Rejected,3934.75,Jessica Chandler,Always church nearly where man tell interview.
679,1411,97,73,2025-02-11,Customer changed mind,Approved,1267.62,Marc Larson,Able tell record trip threat poor.
680,869,474,36,2025-10-24,Wrong item,Pending,4295.81,Suzanne Hernandez,Small community listen education decision stand number.
681,985,284,26,2025-07-23,Damaged product,Pending,1883.8,Jonathan Kim,Government political knowledge side scene.
682,1022,67,6,2025-09-26,Defective product,Pending,4568.67,Rachel Livingston,Show police vote or who especially sing character.
683,201,173,71,2025-08-24,Damaged product,Pending,3098.01,Diana Brown,Appear individual structure world.
684,948,278,41,2025-05-02,Wrong item,Approved,1853.91,Brandon Taylor,Large huge sound purpose police certain.
685,1055,19,75,2024-11-10,Defective product,Pending,3833.29,Kaylee Gonzalez,Dog company these it.
686,41,193,52,2025-02-12,Wrong item,Approved,1793.96,Megan Randall,Themselves exactly alone term best offer.
687,486,473,39,2026-02-20,Wrong item,Approved,1519.35,Angela Peterson,Tv how must call.
688,446,25,35,2025-08-31,Damaged product,Approved,2623.72,Brittany Fleming,Skin respond sense election.
689,995,56,66,2025-06-09,Customer changed mind,Approved,2955.18,Crystal Bird,Issue force full money necessary.
690,239,229,97,2026-02-14,Damaged product,Approved,950.14,Dominique Miller,Budget option actually future begin yard imagine.
691,1215,134,63,2025-08-27,Customer changed mind,Approved,62.99,Amber Hinton,Rest economic win nature.
692,872,178,38,2025-08-10,Customer changed mind,Approved,4638.48,Amy Aguilar,Case think can analysis.
693,1446,239,93,2024-11-03,Damaged product,Pending,4463.28,Erin Sanders,West environment war alone situation.
694,1321,170,64,2024-10-16,Wrong item,Approved,3608.77,Rebecca Walker,Number some recent about school finally plant.
695,154,394,60,2026-03-13,Defective product,Pending,3999.13,Bryan Miller,Opportunity I local middle note book.
696,262,232,47,2025-09-10,Defective product,Pending,4384.99,Kimberly Roberson,Many her nation first.
697,1473,491,84,2024-08-25,Customer changed mind,Pending,4969.15,Daniel Farrell,Back mouth late enter major wife.
698,831,193,20,2024-09-11,Wrong item,Pending,1447.95,Reginald Harris,Rock worry dark meet man poor knowledge.
699,1104,126,66,2025-06-28,Damaged product,Pending,3041.78,Ashley Dyer,Might however class me establish front who.
700,43,367,93,2024-11-04,Defective product,Rejected,3516.65,Nathan Crane,Forget hand pretty international huge foot across star.
701,1244,48,8,2025-08-17,Defective product,Approved,2392.69,Emily Arroyo,Charge without apply especially economic.
702,1303,253,84,2025-02-20,Customer changed mind,Rejected,1199.07,Cynthia Smith,Main yeah effect say fact.
703,812,456,9,2026-08-12,Customer changed mind,Pending,2663.61,Elaine Smith,Deal affect watch idea.
704,708,94,67,2025-03-29,Customer changed mind,Rejected,975.99,Anna Williams,Ask technology none.
705,857,83,42,2025-02-07,Damaged product,Approved,4611.76,Trevor Russell,Boy early up although training collection professor.
706,607,271,69,2026-03-08,Defective product,Rejected,877.05,Mark Briggs,Property project represent wife knowledge.
707,689,313,92,2025-08-22,Defective product,Approved,4792.64,Dylan Zamora,Three can father.
708,503,204,32,2026-07-04,Damaged product,Rejected,1949.86,Rachel Phillips,Director radio blue final attention.
709,118,339,43,2026-02-19,Customer changed mind,Rejected,1505.25,Oscar Meyer,Sell old realize pattern include.
710,892,137,55,2025-05-23,Wrong item,Pending,2643.95,Michael Trujillo,Develop it shake voice like.
711,313,33,29,2026-02-13,Damaged product,Approved,657.28,Kevin Wilson,Realize rise stay music here five.
712,303,266,47,2026-03-08,Customer changed mind,Pending,2492.17,Lauren Hughes,Establish oil choice Mrs speech national.
713,472,237,10,2025-07-27,Customer changed mind,Rejected,3740.51,Deborah Weaver,Candidate opportunity from own rise people poor.
714,244,474,81,2024-12-25,Customer changed mind,Approved,698.62,Cameron Clark,Begin meeting next century right American.
715,645,419,22,2026-03-28,Defective product,Rejected,1224.58,Richard Turner,Probably record cup computer Republican dark middle.
716,925,479,83,2025-01-23,Customer changed mind,Rejected,2473.46,Traci Rodgers,Tv lawyer take evidence professional.
717,1111,472,43,2026-04-14,Customer changed mind,Rejected,1331.73,Antonio Kemp,Its kid pattern power material stop.
718,204,92,39,2025-07-07,Damaged product,Rejected,761.41,Christian Davidson,Green then perform natural station.
719,782,44,1,2025-02-26,Damaged product,Approved,329.99,Jennifer Becker,Ball left go director hot Congress grow serve.
720,70,255,79,2025-02-17,Customer changed mind,Approved,1899.55,Ronald Wall,Myself discover grow.
721,110,57,96,2025-06-10,Wrong item,Rejected,3513.69,Brittany Butler,Land different series writer.
722,866,332,91,2026-05-12,Defective product,Pending,4069.32,Kaitlin Mcclure,Administration system there listen method unit.
723,320,243,51,2026-05-05,Defective product,Rejected,1839.63,Amanda Glass,Common society remember fall shoulder apply out.
724,1122,19,78,2026-07-27,Wrong item,Pending,157.59,Heather Erickson,Sometimes allow within question safe evidence education.
725,1448,161,15,2026-07-15,Defective product,Approved,2922.86,Steven Perry,Everything top present century box ready.
726,146,446,66,2026-05-12,Customer changed mind,Rejected,670.59,Debbie Andrade,Public chair decade effort child also water.
727,828,139,50,2025-06-30,Damaged product,Rejected,1424.4,Brian Kirk,Pressure foreign population agreement toward.
728,986,201,16,2024-08-22,Damaged product,Pending,873.15,Kimberly Ferguson,Work building case year government others.
729,1027,123,31,2026-04-12,Customer changed mind,Rejected,3375.66,Nancy Chen,Level song natural should.
730,385,253,56,2025-06-26,Wrong item,Approved,2150.87,Kirsten Perry,Recently decide natural eat cultural fill hear.
731,1384,369,9,2026-05-16,Damaged product,Rejected,4373.91,Kimberly Hunter,That fund every catch side Congress sometimes.
732,1494,15,39,2026-06-12,Customer changed mind,Approved,4846.72,Julie Black,Member sense list front look among not.
733,714,290,60,2025-05-19,Wrong item,Approved,4317.33,Randy Stewart,Catch successful produce after door table.
734,220,366,40,2026-07-31,Customer changed mind,Approved,4092.54,Beth Brown,Road her air surface.
735,814,472,83,2024-11-19,Defective product,Pending,1087.99,Molly Davis,Space suffer could own education know dark.
736,1468,244,52,2026-03-08,Wrong item,Rejected,3433.12,Mary Porter,Poor ask same same blue whom include.
737,52,468,24,2025-05-03,Defective product,Pending,479.96,Stephanie Henderson,Work from worry people measure.
738,642,494,86,2025-01-23,Damaged product,Pending,499.07,Dylan Williams,Skill identify interest.
739,560,92,1,2025-08-08,Defective product,Pending,3453.42,Riley Caldwell,Property century eye reach onto off.
740,1179,466,58,2025-10-05,Wrong item,Rejected,756.55,Christian Terry,Doctor treatment heavy war carry yes see.
741,1446,231,5,2026-06-05,Damaged product,Pending,2266.16,Susan Davis,Law only close only.
742,338,129,29,2025-07-19,Customer changed mind,Approved,593.52,Julie Smith,Her have sell cost.
743,258,1,49,2026-02-18,Defective product,Pending,2962.44,Miranda Johnson MD,Key position itself next plan let politics.
744,354,247,82,2024-08-15,Wrong item,Rejected,3905.69,Kathryn Scott,Maintain show issue send end you.
745,699,101,74,2026-07-06,Wrong item,Rejected,845.14,John Harris,They arm Republican than tough nearly growth station.
746,441,119,10,2024-09-05,Wrong item,Pending,698.15,Nicholas Hubbard,Church wish mother brother.
747,788,54,100,2026-05-21,Customer changed mind,Pending,787.83,Elizabeth Brown,Weight common book as during view phone adult.
748,544,410,47,2026-07-27,Damaged product,Rejected,3271.17,Carl Hernandez,Never understand power study.
749,328,485,51,2025-06-27,Damaged product,Pending,4765.13,Theresa Walker,Teacher instead risk truth dream friend not.
750,1277,468,42,2026-08-07,Customer changed mind,Approved,2441.13,Stephanie Reyes,Himself cup each answer.
751,1380,461,79,2026-06-07,Defective product,Pending,2531.25,Matthew Pruitt MD,Couple drive think somebody end behavior stand good.
752,1010,170,23,2025-01-15,Customer changed mind,Pending,2237.89,Bruce Garrett,Single list conference.
753,1153,334,16,2025-05-21,Defective product,Pending,1849.51,Tony Brown,Away month eight thought level huge.
754,472,66,6,2026-08-08,Wrong item,Approved,2872.19,Justin Gibson,Support quality door person sign somebody personal.
755,983,442,21,2024-12-27,Damaged product,Pending,1477.1,Brian Craig,Recently quality forget around look suddenly.
756,1228,337,60,2024-11-30,Damaged product,Pending,193.6,Tara Scott,Look five people plant country.
757,1437,368,31,2025-01-08,Defective product,Pending,1787.05,Brandon Watkins,Front policy they fight during perhaps look.
758,556,345,2,2025-09-29,Defective product,Pending,2289.61,Dr. Melissa Hernandez,Catch agent rock approach cup should media.
759,747,385,100,2025-02-01,Customer changed mind,Rejected,1086.48,Ashlee Hansen,Chance move building.
760,538,439,38,2025-10-01,Wrong item,Approved,3395.18,Nathan Martin,Pick as know popular use experience example analysis.
761,1403,363,35,2025-01-10,Damaged product,Rejected,3126.49,Casey Jenkins,Every friend free everybody notice sea happy.
762,1215,85,12,2025-11-06,Customer changed mind,Approved,4962.19,Melissa Harris,Opportunity sing or high day score.
763,742,497,9,2026-02-03,Wrong item,Rejected,4625.82,Mark Conner,Attention especially throw personal.
764,202,275,22,2026-03-18,Defective product,Pending,3245.79,Daniel Simmons,Recent card policy as thus.
765,873,316,81,2025-11-21,Wrong item,Pending,535.62,John Banks,Administration her have amount marriage radio affect.
766,1091,314,42,2025-04-07,Damaged product,Approved,3450.75,Melanie Gomez,Ever challenge clear away your name nothing.
767,1404,379,75,2025-01-06,Defective product,Approved,3996.26,Kelly Freeman,Interesting voice civil not coach.
768,1084,479,32,2025-07-23,Customer changed mind,Approved,1864.21,Thomas Ferguson,Manage before be blood little.
769,1290,496,8,2025-07-25,Wrong item,Rejected,2274.93,Brenda Mcgrath,Politics course become treatment.
770,331,254,15,2026-08-09,Wrong item,Rejected,4562.31,Taylor Burke,Sound nation develop price type.
771,1179,105,76,2025-07-24,Customer changed mind,Rejected,1189.07,Olivia Norman,Safe show drug prevent education conference your.
772,960,388,64,2025-05-29,Damaged product,Pending,3499.12,Jennifer Martinez,Federal medical body station night cover.
773,936,426,19,2026-02-11,Defective product,Rejected,2401.93,Susan Parker,Place mouth community its.
774,44,190,86,2025-07-15,Defective product,Pending,2068.53,David Johnson,Medical down any decision skin party size.
775,903,491,4,2025-03-04,Damaged product,Pending,176.94,Matthew Brown,Quite pretty none evidence hair me also.
776,779,384,96,2024-11-03,Wrong item,Rejected,2913.19,Edwin Miller,Store animal business situation.
777,363,12,79,2026-07-04,Damaged product,Approved,1002.34,Crystal Watkins,Evidence who near fire machine maybe.
778,819,477,90,2026-08-11,Wrong item,Rejected,2385.39,Anthony Lopez,Technology within range simple.
779,534,212,100,2025-01-07,Customer changed mind,Rejected,4400.32,Daniel Rodriguez,Player audience affect democratic Mr.
780,716,228,12,2024-08-31,Defective product,Approved,3159.38,Virginia Brown,Feel future close money.
781,869,497,68,2026-02-18,Customer changed mind,Pending,3648.19,Blake Gonzalez,Expect gun baby million drop security charge.
782,614,132,23,2025-12-30,Defective product,Approved,215.99,Stephanie Mcclain,Travel stay war hot.
783,456,160,62,2025-05-08,Damaged product,Pending,4606.39,Dr. Gina Scott,Play walk strategy each.
784,968,383,38,2026-05-01,Wrong item,Pending,4961.17,Juan Watson,Indicate certain ability care.
785,680,271,78,2025-10-28,Customer changed mind,Rejected,206.77,Jaime Joseph,Another board color view need bank kind.
786,697,473,82,2026-06-25,Wrong item,Rejected,1074.65,Lacey Moore,Hundred probably attention front look.
787,886,133,44,2024-12-01,Defective product,Rejected,2352.02,Janet Graham,Discover attention social science help somebody article life.
788,781,474,74,2025-07-08,Wrong item,Rejected,3392.87,Melissa Christensen,Box sport chair unit process morning.
789,837,458,84,2025-10-02,Wrong item,Approved,2809.1,Jesse Cruz,Tend another decade save record.
790,1075,444,60,2025-04-28,Defective product,Rejected,4159.84,Grant Chapman,Dog give sure.
791,513,302,46,2024-10-31,Damaged product,Approved,1221.76,Julian Humphrey,Pressure Republican number discussion lawyer section turn.
792,201,5,54,2026-05-03,Customer changed mind,Pending,4491.56,Adam Alvarado,Necessary pretty sort.
793,1220,276,37,2025-11-24,Wrong item,Pending,1566.72,Brandi White,Everyone yard plan heart.
794,643,430,56,2026-05-09,Damaged product,Rejected,3014.0,Randall Chandler,Senior window form consider skin industry out recently.
795,54,114,4,2026-07-25,Customer changed mind,Rejected,1967.32,Marissa Garcia,Research fire edge east follow Republican.
796,1120,412,30,2025-02-13,Damaged product,Approved,3244.05,Pamela Benson,Later enough floor whose nation not.
797,1414,196,41,2025-06-25,Defective product,Rejected,451.15,Kenneth Clark,Need area cut commercial certain.
798,963,476,51,2026-07-21,Defective product,Pending,3780.75,Kyle Martinez,Someone study entire certain involve including value.
799,993,11,16,2025-06-02,Damaged product,Approved,3359.67,Tracy Gonzalez,House defense bag past hold.
800,453,493,76,2026-02-20,Defective product,Approved,3842.86,Susan Patterson,Course pattern check worker party.
801,863,214,8,2025-11-06,Defective product,Rejected,766.31,James Reynolds,College this rich car away training radio idea.
802,951,213,4,2025-09-20,Damaged product,Pending,309.79,Michael Johnson,Same field possible work way would.
803,390,26,56,2026-07-06,Defective product,Rejected,4425.1,Stacy Knapp,Sing cover city or including already plan court.
804,377,351,57,2024-09-03,Customer changed mind,Pending,3193.84,Derrick Lee,Modern someone black professional.
805,464,500,61,2025-03-17,Damaged product,Approved,4361.54,Randy Owen,Activity goal crime always partner middle case.
806,1218,332,63,2025-06-17,Damaged product,Rejected,2858.2,Brandon Wright,Outside positive court manage any series.
807,332,421,55,2026-03-05,Defective product,Approved,1506.72,Stephanie Hobbs DDS,Remain quite for dark while century interesting similar.
808,465,334,45,2025-07-31,Wrong item,Approved,2632.27,Rebecca Bailey,Tell administration answer accept step strategy why.
809,771,400,79,2025-08-21,Defective product,Rejected,410.09,Jerry Powell,Economy break turn talk.
810,1494,181,73,2024-11-26,Customer changed mind,Rejected,381.26,Amanda Tucker,Second fund suggest ground support.
811,484,347,52,2026-01-01,Wrong item,Approved,1525.69,Leonard Farmer,Teacher event thousand TV window herself general.
812,718,193,69,2026-07-06,Damaged product,Rejected,3225.74,Pamela Odonnell,Choose whom main benefit score.
813,419,326,46,2025-08-09,Wrong item,Pending,3923.34,Donna Wilson,Person exist important get loss accept.
814,725,52,12,2026-02-20,Customer changed mind,Pending,4468.15,Steven Owen,More become clear detail just yes husband.
815,451,347,31,2024-08-14,Damaged product,Pending,4835.25,Valerie Reese,Audience sell let listen.
816,799,372,88,2026-08-12,Damaged product,Pending,4611.94,Janet Mendez,Ability positive office drop nearly box treatment market.
817,68,114,27,2024-08-18,Wrong item,Pending,4424.88,Erica Adams,Ahead worry item local.
818,386,500,12,2026-07-14,Wrong item,Approved,4014.9,Amy Campos,Street join move against expert peace.
819,862,440,34,2026-06-07,Wrong item,Pending,3547.99,Michael Dawson,Message almost lot by fish star two.
820,580,418,93,2025-03-04,Defective product,Pending,621.74,Jonathan Hardin,Whatever word bring value cost establish financial skin.
821,1377,103,81,2024-11-07,Wrong item,Pending,4143.28,Christy Barnes,Able sort another billion teach low.
822,331,65,61,2026-02-21,Wrong item,Rejected,956.83,Michelle Davis,Wind near able position rather actually six above.
823,489,218,14,2026-04-27,Defective product,Approved,3151.42,Joy Parks,Occur every sense toward major general especially.
824,1389,127,36,2025-11-25,Customer changed mind,Rejected,2180.07,Nicole Jackson,Nature range fund thing.
825,1318,353,17,2025-03-31,Wrong item,Rejected,3698.17,Tanya Reed,What way skin.
826,243,228,92,2026-05-14,Damaged product,Rejected,897.1,Laura Martin,State garden security practice able yet.
827,878,152,33,2025-11-17,Damaged product,Pending,3686.1,Vanessa Thomas,Pretty feel child feeling.
828,733,286,27,2025-07-15,Damaged product,Rejected,3069.27,Mr. Steven Romero,Baby design discover religious simple other.
829,371,467,42,2025-04-16,Defective product,Pending,4570.06,Teresa Harrison,Should full catch under later yeah quite green.
830,1092,117,11,2025-02-23,Damaged product,Approved,680.02,Lori Herring,Which top parent alone according.
831,1285,126,51,2025-01-02,Wrong item,Pending,4713.6,Fred Allen Jr.,Bit production pick no machine success.
832,589,465,82,2026-07-09,Wrong item,Pending,2399.6,Maria Cline,Wear add meet once answer.
833,927,104,29,2026-06-27,Defective product,Rejected,1294.08,Amber Mendez,Themselves trial statement enough common we.
834,1442,107,68,2024-08-29,Wrong item,Approved,510.59,Ross Monroe,Life drive cold blood.
835,1119,232,40,2026-03-12,Damaged product,Approved,1870.53,Annette Harmon,Sing since cause drug challenge.
836,952,418,72,2024-09-09,Wrong item,Pending,2762.08,Phillip Johnston,Candidate wrong career author.
837,528,198,86,2026-06-06,Damaged product,Pending,4378.64,Justin Gallegos,Knowledge almost control PM usually stage lot.
838,453,355,70,2026-03-02,Damaged product,Rejected,4731.26,Christopher Nelson,General rich break treatment approach size concern listen.
839,111,493,49,2025-07-11,Damaged product,Pending,2590.63,Kimberly Juarez,Firm either however ball of party parent.
840,732,300,56,2026-07-02,Defective product,Rejected,1500.17,Sandra Hale,Open make tend.
841,1450,186,44,2025-02-20,Wrong item,Rejected,4315.94,Sean Robbins,Special whether wear hour wish determine purpose apply.
842,383,339,58,2026-04-12,Wrong item,Approved,2384.14,Patricia Rhodes,Network tonight conference style someone market.
843,1353,101,90,2024-10-17,Wrong item,Rejected,1866.37,David Jones,Forget help special health head cultural medical shoulder.
844,815,167,14,2026-03-02,Defective product,Pending,2387.82,Patricia Chan,After white sort do animal happy.
845,831,351,37,2025-12-27,Damaged product,Pending,1956.82,Tyler Callahan,Suddenly win boy dark from economic.
846,949,202,77,2024-12-27,Defective product,Approved,3811.91,Brooke Porter,Several value follow concern owner sister.
847,433,140,73,2026-03-07,Defective product,Rejected,3741.1,Larry Reese,Will lot recent entire attention.
848,450,20,13,2024-10-19,Customer changed mind,Pending,91.54,Rhonda Huang,Finish like huge authority top hour especially.
849,223,117,2,2025-03-22,Defective product,Pending,3851.17,Anthony Molina,Despite total make instead office book.
850,832,323,39,2026-04-20,Defective product,Pending,4729.92,Sheena Hernandez,Here form country apply a early.
851,1027,303,34,2026-08-09,Wrong item,Rejected,3879.54,William Hansen,Two quickly force issue scientist.
852,920,441,76,2025-06-16,Defective product,Approved,2365.04,Anna Foster,Do itself trade end catch fund.
853,763,481,94,2026-04-08,Customer changed mind,Rejected,3623.52,Michelle Williams,State your safe agree word cut information interesting.
854,373,20,59,2026-05-10,Damaged product,Rejected,1586.06,Monica Alvarez,Lay future hot radio just anyone situation.
855,813,182,8,2025-04-24,Wrong item,Pending,4168.89,Heather Simpson,Until pretty deep box stage.
856,1433,469,45,2025-04-20,Defective product,Pending,4371.6,Richard Collins,Range produce drug country.
857,106,138,11,2025-04-10,Damaged product,Pending,1557.35,Deborah Barber,Relationship leg fine ever collection.
858,1309,190,4,2025-07-21,Damaged product,Rejected,659.63,Barbara Walker,Central show its table.
859,260,225,73,2026-04-03,Wrong item,Approved,2067.49,Benjamin Fry,Store beautiful animal difficult positive.
860,168,327,87,2024-12-22,Customer changed mind,Pending,1464.16,Andre Stokes,Road traditional force stand.
861,1034,37,36,2025-10-04,Damaged product,Rejected,2554.28,Patricia Ho,Suggest catch listen better.
862,1250,362,81,2025-02-16,Customer changed mind,Approved,3435.91,Sharon Flores,List trial red network interest.
863,449,205,59,2025-05-19,Defective product,Pending,1805.56,Deborah Torres,Near add seven kitchen.
864,1313,2,46,2024-09-06,Customer changed mind,Approved,3028.06,Andrew Newton,Often religious attorney community near bring have.
865,682,425,54,2025-08-29,Damaged product,Rejected,4470.79,Kimberly Pineda,Raise everything risk value career discussion parent car.
866,1486,178,84,2025-08-25,Defective product,Pending,2157.33,Daniel Glover,Cause because develop country each safe manage.
867,28,202,70,2025-09-14,Damaged product,Pending,4707.3,Eric Hale,Board water and anyone another.
868,289,33,36,2025-05-16,Damaged product,Rejected,1159.93,Sharon Campbell,Century ball spend.
869,679,166,40,2025-11-05,Defective product,Rejected,2958.74,Shannon Taylor,Share able let reason.
870,536,473,47,2025-12-04,Defective product,Approved,1826.01,Katherine Hubbard,Price question left forget mention north side.
871,896,32,1,2025-09-20,Customer changed mind,Rejected,4748.67,Brett Floyd,Political name pretty close political.
872,477,8,13,2025-10-10,Customer changed mind,Approved,3163.96,Molly Anderson,Decide hear agent fight.
873,463,493,77,2025-02-15,Wrong item,Approved,4303.21,Cristian Walters,Ready democratic stage when production expect should.
874,271,368,12,2024-09-21,Wrong item,Rejected,3685.49,Nicholas Parker,Dark yourself writer matter include situation.
875,506,104,13,2025-03-26,Wrong item,Rejected,2647.52,Jessica Tran,Paper close international cell.
876,616,289,12,2025-07-26,Defective product,Pending,2105.56,James Maxwell,Too development sister wonder.
877,1188,397,3,2025-03-10,Damaged product,Pending,2358.86,Anna Jackson,Recent third laugh official.
878,774,421,5,2025-01-20,Defective product,Rejected,2394.72,Vernon Perry,Past own water those.
879,470,124,75,2026-06-25,Defective product,Pending,837.66,Christopher Brewer,Both tree person up us board yard.
880,172,331,48,2025-01-26,Customer changed mind,Approved,1533.32,Shelby Lopez,Week blood best eight day.
881,652,226,70,2025-01-22,Defective product,Rejected,627.1,Erin Zimmerman,Discover total body send agree interesting.
882,1361,494,23,2025-07-13,Customer changed mind,Pending,3144.84,James Hernandez,Situation perhaps food ahead kid attention.
883,229,370,53,2025-09-06,Wrong item,Approved,4261.39,Kathryn Vega,Ask son tell woman.
884,618,476,52,2025-11-04,Wrong item,Rejected,2662.27,Christopher Kelly,Mrs wait watch short writer best prove however.
885,430,309,5,2025-03-04,Wrong item,Pending,4419.81,Daniel Skinner,Century professor product fight kid.
886,1090,434,71,2025-10-25,Wrong item,Approved,4436.09,Amy Hughes,Record section character hold without you.
887,542,32,25,2025-06-12,Damaged product,Pending,642.24,Alison Martinez,Collection challenge ahead go consumer discussion myself.
888,416,80,82,2026-01-18,Customer changed mind,Rejected,4605.5,Brian Sheppard,Question kid road.
889,394,304,60,2026-06-26,Wrong item,Rejected,969.65,Michael Grant,Response skill natural green Congress product writer.
890,469,186,19,2025-07-28,Defective product,Rejected,502.43,Lance Wallace,Space audience stuff us under.
891,660,114,12,2026-02-08,Defective product,Pending,4081.77,Nicole Smith,Only new old senior real whom attack behavior.
892,992,426,14,2025-07-07,Wrong item,Pending,393.68,Ryan Walker,Act physical agent.
893,479,285,26,2025-04-05,Customer changed mind,Pending,4594.69,Jessica Smith,Middle thought table gas above Mrs myself.
894,167,460,67,2025-03-28,Wrong item,Approved,2614.25,Thomas Doyle,Us major listen your design out church finally.
895,1493,365,43,2026-02-15,Defective product,Approved,2444.12,Mrs. Kaitlyn Owens,Country together pretty still hope give.
896,1240,275,13,2026-05-19,Customer changed mind,Approved,4020.62,Bradley Hubbard,Identify interesting modern television involve media grow.
897,476,379,70,2025-06-15,Customer changed mind,Approved,320.22,Jason Potter,Enjoy ground yard very.
898,1331,384,61,2026-05-27,Wrong item,Pending,2418.79,Carrie Day,Large whether despite trade their leave.
899,1038,423,4,2024-08-27,Defective product,Pending,3061.55,Rachel Anderson,From through young.
900,554,307,83,2024-12-11,Damaged product,Pending,3973.77,Michael Pierce,Individual certain PM recognize.
901,1205,407,74,2026-03-11,Damaged product,Rejected,753.15,Mindy Murphy,Evidence thing east material rock stage eight.
902,1317,206,56,2024-08-31,Customer changed mind,Approved,3252.96,April Strickland,Smile building find fill bring adult.
903,417,348,93,2025-03-11,Damaged product,Pending,3330.48,Brooke Jones,Spring accept walk peace.
904,226,329,43,2025-12-28,Customer changed mind,Rejected,4653.53,Laura Day,Wait western spend learn another.
905,309,13,3,2025-10-26,Customer changed mind,Pending,1557.92,Juan Fitzgerald,Green case really big message sound all.
906,88,125,55,2025-02-20,Wrong item,Rejected,893.74,Jennifer Clark,Law head another pass.
907,697,210,58,2026-07-24,Customer changed mind,Pending,4503.16,Christopher Mills,Officer defense half least church.
908,1475,160,6,2025-12-27,Wrong item,Rejected,4282.83,Charles Norton,Its yes lot enjoy effort close hand.
909,1295,254,14,2025-03-07,Customer changed mind,Pending,1233.4,Crystal Foster,Treatment leader lose last.
910,1275,372,79,2026-06-23,Wrong item,Pending,207.27,Dale Moore,Final project read old somebody argue ask.
911,477,296,20,2025-02-16,Defective product,Approved,722.98,Lynn Nelson,About defense data performance interview democratic.
912,774,172,39,2024-09-15,Damaged product,Rejected,3416.88,Lisa Richard,Decade blood economy be thus story.
913,1146,181,55,2026-05-19,Damaged product,Approved,1239.91,Natalie Stewart,Blood choice yet security.
914,1448,242,65,2026-03-10,Damaged product,Pending,3546.55,Stephanie Craig,Many so need.
915,1302,254,63,2025-03-01,Wrong item,Approved,1731.16,Joshua Christensen,Trip medical hand name power.
916,172,410,27,2026-01-21,Wrong item,Pending,2474.61,Mikayla Ortiz,Lose minute better include.
917,938,28,82,2025-02-20,Damaged product,Rejected,1423.19,Bradley Rodriguez,For happen whether husband short these.
918,1291,461,35,2025-10-20,Damaged product,Approved,2302.99,Christopher Bautista,Factor various take perform no.
919,1138,101,44,2026-01-09,Wrong item,Approved,4291.67,Henry Montes,Some certain before upon.
920,433,128,96,2026-02-17,Damaged product,Approved,1138.88,Margaret Pearson,Take among sell law.
921,853,37,79,2024-12-26,Defective product,Pending,215.05,Carmen Gould,Compare condition its yes school.
922,1015,279,26,2025-05-24,Wrong item,Rejected,1907.0,Helen Cox,Red season all these too treat after.
923,809,260,22,2026-05-05,Damaged product,Approved,2128.23,Taylor Reyes,Newspaper member through wrong year likely side.
924,1286,456,30,2025-09-27,Wrong item,Rejected,3844.33,Michelle Robinson,Theory plant mind security culture.
925,1274,333,84,2024-09-05,Defective product,Approved,4400.29,Natalie Rodriguez,Prove partner American simply.
926,1353,319,15,2024-09-22,Wrong item,Pending,4990.32,Renee Fischer,Environmental end worry action significant receive message.
927,222,232,13,2025-07-03,Defective product,Approved,1878.16,Melvin Jensen,Suggest available season likely appear reality.
928,984,499,20,2025-06-03,Wrong item,Rejected,3299.13,Mike Miller,Wear main Congress about mother building door again.
929,298,292,12,2024-12-13,Damaged product,Rejected,1253.93,Kelly Wilson,Lawyer focus down.
930,798,457,63,2026-05-11,Wrong item,Pending,1773.19,Ashley Young,Kind perform important sure black investment better meeting.
931,515,177,68,2025-06-21,Defective product,Approved,4081.04,Darryl Raymond,Somebody anything but care today.
932,265,303,57,2025-06-21,Defective product,Rejected,1095.9,Andrew Flores,Clearly oil environmental firm call few.
933,1200,305,64,2025-11-08,Wrong item,Pending,3001.53,Heidi Mendoza,Who feeling people affect control.
934,929,355,25,2026-06-09,Wrong item,Rejected,3378.61,Frank Banks,Unit author movie anyone little once speech.
935,1375,457,85,2026-08-12,Wrong item,Rejected,3092.79,Tina Hale,History pretty world art both whose song.
936,706,371,22,2026-02-07,Damaged product,Approved,1341.48,Betty Levine,Even soon stuff resource building site after.
937,1099,4,75,2026-07-12,Defective product,Approved,3041.97,Miss Mary Gonzalez,Experience you owner.
938,698,27,19,2025-12-11,Damaged product,Rejected,2819.55,Kayla Kelly,Institution sport during sing tax trade.
939,1460,492,52,2025-11-26,Customer changed mind,Rejected,3531.44,John Jones,Want professor force whose court growth.
940,1328,44,90,2025-06-11,Wrong item,Approved,2278.34,Gregory Santana,Truth drive east number safe.
941,367,286,60,2025-01-23,Defective product,Pending,2128.58,Regina Weiss,Return decade camera however change Mr environmental.
942,993,483,21,2025-01-25,Customer changed mind,Approved,4359.67,Alexis Anderson,Star probably knowledge term weight.
943,962,70,39,2026-01-18,Wrong item,Pending,2227.08,Andrea Braun,Wife get boy fact.
944,823,142,85,2026-03-13,Damaged product,Rejected,3288.59,Adam Montgomery,Century sea seat most environmental front whole.
945,600,315,41,2026-06-12,Wrong item,Pending,1560.51,Jesse Sutton,Major total foot phone almost compare.
946,918,453,9,2024-12-23,Wrong item,Rejected,105.53,Crystal Huerta,Today cold charge lead crime common.
947,147,441,43,2026-01-07,Damaged product,Pending,3847.1,Colleen Tucker,Sure look impact avoid stock feeling attack.
948,1285,252,84,2025-11-11,Wrong item,Approved,3393.57,Nathan Gonzalez,Community plant guy before center message forget.
949,1358,406,26,2024-12-25,Defective product,Rejected,1079.97,Jesse Anderson,Region here station here born some land.
950,931,257,41,2025-10-08,Damaged product,Pending,2427.76,Debra Beasley,Respond western water whether hold still effort.
951,1378,401,30,2026-01-07,Customer changed mind,Rejected,995.06,Danny Middleton,Sing impact himself protect.
952,1483,189,10,2025-02-19,Customer changed mind,Rejected,4847.13,Charles Hanson,Painting message name.
953,1213,403,78,2024-11-26,Damaged product,Approved,1315.44,Alexa Smith,Leave public campaign former.
954,777,258,61,2024-10-22,Customer changed mind,Rejected,1383.56,Natalie Jones,Then music herself suddenly if party land majority.
955,227,237,28,2025-09-17,Wrong item,Approved,3936.67,Rodney Fox,Ability make degree local simple.
956,39,150,42,2025-06-24,Wrong item,Pending,804.11,Danielle Frederick,Company time one tough source.
957,591,174,7,2026-02-16,Damaged product,Pending,2242.37,Jonathan Williamson,Seek later town kid area result.
958,1485,182,91,2025-10-31,Damaged product,Approved,72.69,Kimberly Odonnell,Within her quite rock kid our five.
959,1144,224,42,2025-12-23,Damaged product,Rejected,3736.35,Kathy Clark,Against new bank include maintain popular much.
960,58,418,32,2026-05-01,Customer changed mind,Pending,3369.25,Vanessa Stevens,Eat exactly feel yard any himself.
961,257,284,15,2024-10-13,Wrong item,Rejected,3208.16,Samuel Sullivan,Their turn citizen once exactly opportunity fire.
962,608,167,83,2025-04-23,Damaged product,Pending,1567.25,David Park,Be drop shoulder her may.
963,1160,393,79,2026-05-15,Defective product,Approved,1119.67,Amy Patterson,Visit state experience amount.
964,1128,191,16,2025-05-31,Wrong item,Approved,4963.0,Joseph Wade,Worker training source clearly capital.
965,569,150,89,2025-01-31,Damaged product,Pending,2501.08,Deanna Costa,Produce analysis goal than pay institution yet.
966,138,245,61,2026-03-30,Defective product,Rejected,1637.73,Anna Garza,Like tough couple a action sing second.
967,826,409,4,2024-08-27,Wrong item,Pending,4532.78,Eric Hess,Specific respond but.
968,346,36,100,2024-09-02,Customer changed mind,Pending,4315.0,Mr. Robert Gomez DDS,Across poor strategy thought cultural.
969,944,30,1,2026-08-06,Defective product,Approved,4424.88,Andrew Johnson,Blue church cell.
970,885,242,85,2026-08-04,Wrong item,Pending,4697.19,Nathan Burton,Consider partner skill cost house stop half.
971,309,40,58,2024-11-01,Damaged product,Rejected,1215.29,Tim Morgan,Yet mother easy bank.
972,104,35,93,2024-11-12,Defective product,Rejected,1146.68,Mary Stevens,Black large material meet.
973,666,369,68,2026-02-13,Damaged product,Approved,280.78,Joseph Aguilar,Billion catch action.
974,533,101,54,2025-04-11,Defective product,Approved,4790.39,Joshua Anderson,Six choose dark too view exist eye.
975,1137,14,96,2025-06-06,Customer changed mind,Rejected,2400.86,David Ferguson MD,Young if various newspaper second case.
976,60,462,80,2025-11-18,Wrong item,Rejected,2764.26,Ashley Velez,Six stand reason performance inside.
977,1401,16,19,2025-08-26,Damaged product,Pending,1124.62,Richard Bell,Series short draw five.
978,1474,494,58,2025-01-29,Defective product,Approved,4812.83,Charles Dyer,Keep region themselves capital mind foot less participant.
979,869,300,91,2024-11-28,Damaged product,Rejected,406.39,Eric Gross,After hot according.
980,1341,420,91,2025-06-02,Defective product,Pending,2834.15,Troy Fritz,Nothing improve water test fast.
981,852,239,56,2026-07-22,Damaged product,Approved,2887.44,Jonathan Jordan,Purpose factor down success back production.
982,194,372,25,2025-08-20,Customer changed mind,Rejected,851.27,Todd Hamilton,War marriage tree when understand.
983,84,426,35,2026-03-22,Customer changed mind,Approved,810.91,Cassandra Buckley,Rather beautiful hear hard.
984,1161,201,63,2025-07-23,Customer changed mind,Rejected,4255.94,Grace Porter,Sort parent ball building of nation.
985,623,254,93,2025-04-30,Defective product,Rejected,4831.28,Douglas Moore,Full dinner clearly morning feeling method.
986,814,339,25,2026-02-15,Defective product,Pending,1557.77,Mitchell Johnson,View poor project yes.
987,498,142,80,2025-12-10,Wrong item,Pending,447.89,Jeffrey Montoya,Hit pick list experience.
988,1327,253,21,2026-04-02,Customer changed mind,Pending,3016.8,Cathy Farley,Least ask vote moment certainly free.
989,435,161,29,2026-06-06,Damaged product,Rejected,3123.91,Renee Baxter,Glass whether enough consider.
990,579,435,86,2024-10-04,Damaged product,Pending,4992.77,Dennis Schwartz,Keep which relationship already.
991,812,469,75,2025-05-26,Wrong item,Rejected,1490.13,Joseph Riley,Fight religious strong another.
992,254,299,73,2024-09-26,Defective product,Rejected,1190.44,Dr. Terry Jenkins DDS,Item no media type must.
993,639,465,22,2026-03-02,Customer changed mind,Approved,879.28,Jasmine Morrow,Traditional throughout election season.
994,1162,48,45,2026-04-11,Wrong item,Approved,4163.89,Jessica Rios,Mission family friend you.
995,1361,254,89,2025-05-01,Wrong item,Approved,2643.34,Victor Gutierrez,Consider face bit.
996,151,290,15,2025-09-07,Customer changed mind,Pending,3816.49,Thomas Wright,Speech new of four act raise such.
997,62,317,43,2025-08-21,Customer changed mind,Approved,939.93,Gabriel Brown,Effect miss break minute mother color under.
998,124,382,100,2024-08-30,Wrong item,Pending,2315.01,Jessica Walton,Theory under seek police listen once more election.
999,1415,467,99,2025-06-29,Damaged product,Pending,1763.06,Christine Dixon,Often find attack type base store I.
1000,1394,223,95,2025-07-20,Wrong item,Approved,1244.82,Stephanie Brady,Prepare anyone bank yourself us.
